Branch indexing
 > git rev-parse --resolve-git-dir /var/jenkins_home/caches/git-e756c7663f1f415eb21eccc9b18ba622/.git # timeout=10
Setting origin to https://github.com/josephakayesi/kente-retail-order-service.git
 > git config remote.origin.url https://github.com/josephakayesi/kente-retail-order-service.git # timeout=10
Fetching origin...
Fetching upstream changes from origin
 > git --version # timeout=10
 > git --version # 'git version 2.47.3'
 > git config --get remote.origin.url # timeout=10
 > git fetch --no-tags --force --progress -- origin +refs/heads/*:refs/remotes/origin/* # timeout=10
Seen branch in repository origin/broken/order-id-collision
Seen branch in repository origin/broken/vulnerable-dependency
Seen branch in repository origin/main
Seen 3 remote branches
Obtained Jenkinsfile from c2fbd2e7fbc36f3fb58ae50310ec475ce0f9e2fc
[Pipeline] Start of Pipeline
[Pipeline] node
Running on Jenkins in /var/jenkins_home/workspace/ice_broken_vulnerable-dependency
[Pipeline] {
[Pipeline] stage
[Pipeline] { (Declarative: Checkout SCM)
[Pipeline] checkout
Selected Git installation does not exist. Using Default
The recommended git tool is: NONE
No credentials specified
Cloning the remote Git repository
Cloning with configured refspecs honoured and without tags
Cloning repository https://github.com/josephakayesi/kente-retail-order-service.git
 > git init /var/jenkins_home/workspace/ice_broken_vulnerable-dependency # timeout=10
Fetching upstream changes from https://github.com/josephakayesi/kente-retail-order-service.git
 > git --version # timeout=10
 > git --version # 'git version 2.47.3'
 > git fetch --no-tags --force --progress -- https://github.com/josephakayesi/kente-retail-order-service.git +refs/heads/*:refs/remotes/origin/* # timeout=10
 > git config remote.origin.url https://github.com/josephakayesi/kente-retail-order-service.git # timeout=10
 > git config --add remote.origin.fetch +refs/heads/*:refs/remotes/origin/* # timeout=10
Avoid second fetch
Checking out Revision c2fbd2e7fbc36f3fb58ae50310ec475ce0f9e2fc (broken/vulnerable-dependency)
 > git config core.sparsecheckout # timeout=10
 > git checkout -f c2fbd2e7fbc36f3fb58ae50310ec475ce0f9e2fc # timeout=10
Commit message: "Add log4j-core for the order-audit log feed"
First time build. Skipping changelog.
[Pipeline] }
[Pipeline] // stage
[Pipeline] withEnv
[Pipeline] {
[Pipeline] withEnv
[Pipeline] {
[Pipeline] timestamps
[Pipeline] {
[Pipeline] timeout
[2026-09-03T23:53:03.695Z] Timeout set to expire in 45 min
[Pipeline] {
[Pipeline] stage
[Pipeline] { (Checkout)
[Pipeline] checkout
[2026-09-03T23:53:03.949Z] Selected Git installation does not exist. Using Default
[2026-09-03T23:53:03.949Z] The recommended git tool is: NONE
[2026-09-03T23:53:03.950Z] No credentials specified
[2026-09-03T23:53:03.950Z]  > git rev-parse --resolve-git-dir /var/jenkins_home/workspace/ice_broken_vulnerable-dependency/.git # timeout=10
[2026-09-03T23:53:03.970Z] Fetching changes from the remote Git repository
[2026-09-03T23:53:03.972Z]  > git config remote.origin.url https://github.com/josephakayesi/kente-retail-order-service.git # timeout=10
[2026-09-03T23:53:04.001Z] Fetching without tags
[2026-09-03T23:53:04.002Z] Fetching upstream changes from https://github.com/josephakayesi/kente-retail-order-service.git
[2026-09-03T23:53:04.002Z]  > git --version # timeout=10
[2026-09-03T23:53:04.009Z]  > git --version # 'git version 2.47.3'
[2026-09-03T23:53:04.009Z]  > git fetch --no-tags --force --progress -- https://github.com/josephakayesi/kente-retail-order-service.git +refs/heads/*:refs/remotes/origin/* # timeout=10
[2026-09-03T23:53:04.303Z] Checking out Revision c2fbd2e7fbc36f3fb58ae50310ec475ce0f9e2fc (broken/vulnerable-dependency)
[2026-09-03T23:53:04.303Z]  > git config core.sparsecheckout # timeout=10
[2026-09-03T23:53:04.311Z]  > git checkout -f c2fbd2e7fbc36f3fb58ae50310ec475ce0f9e2fc # timeout=10
[2026-09-03T23:53:04.335Z] Commit message: "Add log4j-core for the order-audit log feed"
[Pipeline] script
[Pipeline] {
[Pipeline] sh
[2026-09-03T23:53:04.774Z] + git rev-parse --short=7 HEAD
[Pipeline] echo
[2026-09-03T23:53:04.879Z] building kente-retail/order-service:1-c2fbd2e from broken/vulnerable-dependency
[Pipeline] }
[Pipeline] // script
[Pipeline] }
[Pipeline] // stage
[Pipeline] stage
[Pipeline] { (Build)
[Pipeline] sh
[2026-09-03T23:53:05.429Z] + mvn -B -DskipTests package
[2026-09-03T23:53:09.573Z] [INFO] Scanning for projects...
[2026-09-03T23:53:10.485Z] [INFO] Downloading from central: https://repo.maven.apache.org/maven2/org/springframework/boot/spring-boot-starter-parent/3.2.5/spring-boot-starter-parent-3.2.5.pom
[2026-09-03T23:53:11.421Z] [INFO] Downloaded from central: https://repo.maven.apache.org/maven2/org/springframework/boot/spring-boot-starter-parent/3.2.5/spring-boot-starter-parent-3.2.5.pom (13 kB at 15 kB/s)
[2026-09-03T23:53:11.421Z] [INFO] Downloading from central: https://repo.maven.apache.org/maven2/org/springframework/boot/spring-boot-dependencies/3.2.5/spring-boot-dependencies-3.2.5.pom
[2026-09-03T23:53:11.421Z] [INFO] Downloaded from central: https://repo.maven.apache.org/maven2/org/springframework/boot/spring-boot-dependencies/3.2.5/spring-boot-dependencies-3.2.5.pom (111 kB at 1.5 MB/s)
[2026-09-03T23:53:11.679Z] [INFO] Downloading from central: https://repo.maven.apache.org/maven2/org/assertj/assertj-bom/3.24.2/assertj-bom-3.24.2.pom
[2026-09-03T23:53:11.679Z] [INFO] Downloaded from central: https://repo.maven.apache.org/maven2/org/assertj/assertj-bom/3.24.2/assertj-bom-3.24.2.pom (3.7 kB at 54 kB/s)
[2026-09-03T23:53:11.679Z] [INFO] Downloading from central: https://repo.maven.apache.org/maven2/io/zipkin/brave/brave-bom/5.16.0/brave-bom-5.16.0.pom
[2026-09-03T23:53:11.934Z] [INFO] Downloaded from central: https://repo.maven.apache.org/maven2/io/zipkin/brave/brave-bom/5.16.0/brave-bom-5.16.0.pom (12 kB at 213 kB/s)
[2026-09-03T23:53:11.934Z] [INFO] Downloading from central: https://repo.maven.apache.org/maven2/io/zipkin/reporter2/zipkin-reporter-bom/2.16.3/zipkin-reporter-bom-2.16.3.pom
[2026-09-03T23:53:11.934Z] [INFO] Downloaded from central: https://repo.maven.apache.org/maven2/io/zipkin/reporter2/zipkin-reporter-bom/2.16.3/zipkin-reporter-bom-2.16.3.pom (6.9 kB at 127 kB/s)
[2026-09-03T23:53:11.934Z] [INFO] Downloading from central: https://repo.maven.apache.org/maven2/com/datastax/oss/java-driver-bom/4.17.0/java-driver-bom-4.17.0.pom
[2026-09-03T23:53:11.934Z] [INFO] Downloaded from central: https://repo.maven.apache.org/maven2/com/datastax/oss/java-driver-bom/4.17.0/java-driver-bom-4.17.0.pom (4.1 kB at 80 kB/s)
[2026-09-03T23:53:11.934Z] [INFO] Downloading from central: https://repo.maven.apache.org/maven2/io/dropwizard/metrics/metrics-bom/4.2.25/metrics-bom-4.2.25.pom
[2026-09-03T23:53:11.934Z] [INFO] Downloaded from central: https://repo.maven.apache.org/maven2/io/dropwizard/metrics/metrics-bom/4.2.25/metrics-bom-4.2.25.pom (8.2 kB at 121 kB/s)
[2026-09-03T23:53:11.934Z] [INFO] Downloading from central: https://repo.maven.apache.org/maven2/io/dropwizard/metrics/metrics-parent/4.2.25/metrics-parent-4.2.25.pom
[2026-09-03T23:53:12.188Z] [INFO] Downloaded from central: https://repo.maven.apache.org/maven2/io/dropwizard/metrics/metrics-parent/4.2.25/metrics-parent-4.2.25.pom (21 kB at 390 kB/s)
[2026-09-03T23:53:12.188Z] [INFO] Downloading from central: https://repo.maven.apache.org/maven2/org/glassfish/jaxb/jaxb-bom/4.0.5/jaxb-bom-4.0.5.pom
[2026-09-03T23:53:12.188Z] [INFO] Downloaded from central: https://repo.maven.apache.org/maven2/org/glassfish/jaxb/jaxb-bom/4.0.5/jaxb-bom-4.0.5.pom (12 kB at 243 kB/s)
[2026-09-03T23:53:12.188Z] [INFO] Downloading from central: https://repo.maven.apache.org/maven2/org/eclipse/ee4j/project/1.0.9/project-1.0.9.pom
[2026-09-03T23:53:12.188Z] [INFO] Downloaded from central: https://repo.maven.apache.org/maven2/org/eclipse/ee4j/project/1.0.9/project-1.0.9.pom (16 kB at 403 kB/s)
[2026-09-03T23:53:12.197Z] [INFO] Downloading from central: https://repo.maven.apache.org/maven2/org/apache/groovy/groovy-bom/4.0.21/groovy-bom-4.0.21.pom
[2026-09-03T23:53:12.197Z] [INFO] Downloaded from central: https://repo.maven.apache.org/maven2/org/apache/groovy/groovy-bom/4.0.21/groovy-bom-4.0.21.pom (27 kB at 606 kB/s)
[2026-09-03T23:53:12.197Z] [INFO] Downloading from central: https://repo.maven.apache.org/maven2/org/infinispan/infinispan-bom/14.0.27.Final/infinispan-bom-14.0.27.Final.pom
[2026-09-03T23:53:12.448Z] [INFO] Downloaded from central: https://repo.maven.apache.org/maven2/org/infinispan/infinispan-bom/14.0.27.Final/infinispan-bom-14.0.27.Final.pom (25 kB at 472 kB/s)
[2026-09-03T23:53:12.448Z] [INFO] Downloading from central: https://repo.maven.apache.org/maven2/org/infinispan/infinispan-build-configuration-parent/14.0.27.Final/infinispan-build-configuration-parent-14.0.27.Final.pom
[2026-09-03T23:53:12.448Z] [INFO] Downloaded from central: https://repo.maven.apache.org/maven2/org/infinispan/infinispan-build-configuration-parent/14.0.27.Final/infinispan-build-configuration-parent-14.0.27.Final.pom (24 kB at 620 kB/s)
[2026-09-03T23:53:12.448Z] [INFO] Downloading from central: https://repo.maven.apache.org/maven2/org/jboss/jboss-parent/39/jboss-parent-39.pom
[2026-09-03T23:53:12.448Z] [INFO] Downloaded from central: https://repo.maven.apache.org/maven2/org/jboss/jboss-parent/39/jboss-parent-39.pom (68 kB at 1.2 MB/s)
[2026-09-03T23:53:12.448Z] [INFO] Downloading from central: https://repo.maven.apache.org/maven2/com/fasterxml/jackson/jackson-bom/2.15.4/jackson-bom-2.15.4.pom
[2026-09-03T23:53:12.699Z] [INFO] Downloaded from central: https://repo.maven.apache.org/maven2/com/fasterxml/jackson/jackson-bom/2.15.4/jackson-bom-2.15.4.pom (18 kB at 321 kB/s)
[2026-09-03T23:53:12.700Z] [INFO] Downloading from central: https://repo.maven.apache.org/maven2/com/fasterxml/jackson/jackson-parent/2.15/jackson-parent-2.15.pom
[2026-09-03T23:53:12.700Z] [INFO] Downloaded from central: https://repo.maven.apache.org/maven2/com/fasterxml/jackson/jackson-parent/2.15/jackson-parent-2.15.pom (6.5 kB at 133 kB/s)
[2026-09-03T23:53:12.700Z] [INFO] Downloading from central: https://repo.maven.apache.org/maven2/com/fasterxml/oss-parent/50/oss-parent-50.pom
[2026-09-03T23:53:12.700Z] [INFO] Downloaded from central: https://repo.maven.apache.org/maven2/com/fasterxml/oss-parent/50/oss-parent-50.pom (24 kB at 605 kB/s)
[2026-09-03T23:53:12.700Z] [INFO] Downloading from central: https://repo.maven.apache.org/maven2/org/glassfish/jersey/jersey-bom/3.1.6/jersey-bom-3.1.6.pom
[2026-09-03T23:53:12.700Z] [INFO] Downloaded from central: https://repo.maven.apache.org/maven2/org/glassfish/jersey/jersey-bom/3.1.6/jersey-bom-3.1.6.pom (21 kB at 406 kB/s)
[2026-09-03T23:53:12.700Z] [INFO] Downloading from central: https://repo.maven.apache.org/maven2/org/eclipse/ee4j/project/1.0.8/project-1.0.8.pom
[2026-09-03T23:53:12.954Z] [INFO] Downloaded from central: https://repo.maven.apache.org/maven2/org/eclipse/ee4j/project/1.0.8/project-1.0.8.pom (15 kB at 339 kB/s)
[2026-09-03T23:53:12.954Z] [INFO] Downloading from central: https://repo.maven.apache.org/maven2/org/eclipse/jetty/ee10/jetty-ee10-bom/12.0.8/jetty-ee10-bom-12.0.8.pom
[2026-09-03T23:53:12.954Z] [INFO] Downloaded from central: https://repo.maven.apache.org/maven2/org/eclipse/jetty/ee10/jetty-ee10-bom/12.0.8/jetty-ee10-bom-12.0.8.pom (9.2 kB at 250 kB/s)
[2026-09-03T23:53:12.954Z] [INFO] Downloading from central: https://repo.maven.apache.org/maven2/org/eclipse/jetty/jetty-bom/12.0.8/jetty-bom-12.0.8.pom
[2026-09-03T23:53:12.954Z] [INFO] Downloaded from central: https://repo.maven.apache.org/maven2/org/eclipse/jetty/jetty-bom/12.0.8/jetty-bom-12.0.8.pom (14 kB at 336 kB/s)
[2026-09-03T23:53:12.954Z] [INFO] Downloading from central: https://repo.maven.apache.org/maven2/org/junit/junit-bom/5.10.2/junit-bom-5.10.2.pom
[2026-09-03T23:53:12.954Z] [INFO] Downloaded from central: https://repo.maven.apache.org/maven2/org/junit/junit-bom/5.10.2/junit-bom-5.10.2.pom (5.6 kB at 141 kB/s)
[2026-09-03T23:53:12.954Z] [INFO] Downloading from central: https://repo.maven.apache.org/maven2/org/jetbrains/kotlin/kotlin-bom/1.9.23/kotlin-bom-1.9.23.pom
[2026-09-03T23:53:12.954Z] [INFO] Downloaded from central: https://repo.maven.apache.org/maven2/org/jetbrains/kotlin/kotlin-bom/1.9.23/kotlin-bom-1.9.23.pom (9.1 kB at 212 kB/s)
[2026-09-03T23:53:12.954Z] [INFO] Downloading from central: https://repo.maven.apache.org/maven2/org/jetbrains/kotlinx/kotlinx-coroutines-bom/1.7.3/kotlinx-coroutines-bom-1.7.3.pom
[2026-09-03T23:53:13.205Z] [INFO] Downloaded from central: https://repo.maven.apache.org/maven2/org/jetbrains/kotlinx/kotlinx-coroutines-bom/1.7.3/kotlinx-coroutines-bom-1.7.3.pom (4.3 kB at 105 kB/s)
[2026-09-03T23:53:13.205Z] [INFO] Downloading from central: https://repo.maven.apache.org/maven2/org/jetbrains/kotlinx/kotlinx-serialization-bom/1.6.3/kotlinx-serialization-bom-1.6.3.pom
[2026-09-03T23:53:13.205Z] [INFO] Downloaded from central: https://repo.maven.apache.org/maven2/org/jetbrains/kotlinx/kotlinx-serialization-bom/1.6.3/kotlinx-serialization-bom-1.6.3.pom (3.7 kB at 99 kB/s)
[2026-09-03T23:53:13.205Z] [INFO] Downloading from central: https://repo.maven.apache.org/maven2/org/apache/logging/log4j/log4j-bom/2.21.1/log4j-bom-2.21.1.pom
[2026-09-03T23:53:13.205Z] [INFO] Downloaded from central: https://repo.maven.apache.org/maven2/org/apache/logging/log4j/log4j-bom/2.21.1/log4j-bom-2.21.1.pom (12 kB at 328 kB/s)
[2026-09-03T23:53:13.205Z] [INFO] Downloading from central: https://repo.maven.apache.org/maven2/org/apache/logging/logging-parent/10.1.1/logging-parent-10.1.1.pom
[2026-09-03T23:53:13.205Z] [INFO] Downloaded from central: https://repo.maven.apache.org/maven2/org/apache/logging/logging-parent/10.1.1/logging-parent-10.1.1.pom (39 kB at 890 kB/s)
[2026-09-03T23:53:13.205Z] [INFO] Downloading from central: https://repo.maven.apache.org/maven2/org/apache/apache/30/apache-30.pom
[2026-09-03T23:53:13.205Z] [INFO] Downloaded from central: https://repo.maven.apache.org/maven2/org/apache/apache/30/apache-30.pom (23 kB at 516 kB/s)
[2026-09-03T23:53:13.205Z] [INFO] Downloading from central: https://repo.maven.apache.org/maven2/io/micrometer/micrometer-bom/1.12.5/micrometer-bom-1.12.5.pom
[2026-09-03T23:53:13.456Z] [INFO] Downloaded from central: https://repo.maven.apache.org/maven2/io/micrometer/micrometer-bom/1.12.5/micrometer-bom-1.12.5.pom (7.9 kB at 180 kB/s)
[2026-09-03T23:53:13.456Z] [INFO] Downloading from central: https://repo.maven.apache.org/maven2/io/micrometer/micrometer-tracing-bom/1.2.5/micrometer-tracing-bom-1.2.5.pom
[2026-09-03T23:53:13.456Z] [INFO] Downloaded from central: https://repo.maven.apache.org/maven2/io/micrometer/micrometer-tracing-bom/1.2.5/micrometer-tracing-bom-1.2.5.pom (4.5 kB at 110 kB/s)
[2026-09-03T23:53:13.456Z] [INFO] Downloading from central: https://repo.maven.apache.org/maven2/org/mockito/mockito-bom/5.7.0/mockito-bom-5.7.0.pom
[2026-09-03T23:53:13.456Z] [INFO] Downloaded from central: https://repo.maven.apache.org/maven2/org/mockito/mockito-bom/5.7.0/mockito-bom-5.7.0.pom (3.0 kB at 63 kB/s)
[2026-09-03T23:53:13.456Z] [INFO] Downloading from central: https://repo.maven.apache.org/maven2/io/netty/netty-bom/4.1.109.Final/netty-bom-4.1.109.Final.pom
[2026-09-03T23:53:13.456Z] [INFO] Downloaded from central: https://repo.maven.apache.org/maven2/io/netty/netty-bom/4.1.109.Final/netty-bom-4.1.109.Final.pom (14 kB at 264 kB/s)
[2026-09-03T23:53:13.456Z] [INFO] Downloading from central: https://repo.maven.apache.org/maven2/org/sonatype/oss/oss-parent/7/oss-parent-7.pom
[2026-09-03T23:53:13.456Z] [INFO] Downloaded from central: https://repo.maven.apache.org/maven2/org/sonatype/oss/oss-parent/7/oss-parent-7.pom (4.8 kB at 103 kB/s)
[2026-09-03T23:53:13.456Z] [INFO] Downloading from central: https://repo.maven.apache.org/maven2/com/squareup/okhttp3/okhttp-bom/4.12.0/okhttp-bom-4.12.0.pom
[2026-09-03T23:53:13.709Z] [INFO] Downloaded from central: https://repo.maven.apache.org/maven2/com/squareup/okhttp3/okhttp-bom/4.12.0/okhttp-bom-4.12.0.pom (3.1 kB at 74 kB/s)
[2026-09-03T23:53:13.709Z] [INFO] Downloading from central: https://repo.maven.apache.org/maven2/io/opentelemetry/opentelemetry-bom/1.31.0/opentelemetry-bom-1.31.0.pom
[2026-09-03T23:53:13.709Z] [INFO] Downloaded from central: https://repo.maven.apache.org/maven2/io/opentelemetry/opentelemetry-bom/1.31.0/opentelemetry-bom-1.31.0.pom (7.0 kB at 189 kB/s)
[2026-09-03T23:53:13.709Z] [INFO] Downloading from central: https://repo.maven.apache.org/maven2/com/oracle/database/jdbc/ojdbc-bom/21.9.0.0/ojdbc-bom-21.9.0.0.pom
[2026-09-03T23:53:13.709Z] [INFO] Downloaded from central: https://repo.maven.apache.org/maven2/com/oracle/database/jdbc/ojdbc-bom/21.9.0.0/ojdbc-bom-21.9.0.0.pom (13 kB at 264 kB/s)
[2026-09-03T23:53:13.709Z] [INFO] Downloading from central: https://repo.maven.apache.org/maven2/io/prometheus/simpleclient_bom/0.16.0/simpleclient_bom-0.16.0.pom
[2026-09-03T23:53:13.709Z] [INFO] Downloaded from central: https://repo.maven.apache.org/maven2/io/prometheus/simpleclient_bom/0.16.0/simpleclient_bom-0.16.0.pom (6.0 kB at 150 kB/s)
[2026-09-03T23:53:13.709Z] [INFO] Downloading from central: https://repo.maven.apache.org/maven2/io/prometheus/parent/0.16.0/parent-0.16.0.pom
[2026-09-03T23:53:13.709Z] [INFO] Downloaded from central: https://repo.maven.apache.org/maven2/io/prometheus/parent/0.16.0/parent-0.16.0.pom (13 kB at 266 kB/s)
[2026-09-03T23:53:13.709Z] [INFO] Downloading from central: https://repo.maven.apache.org/maven2/com/querydsl/querydsl-bom/5.0.0/querydsl-bom-5.0.0.pom
[2026-09-03T23:53:13.963Z] [INFO] Downloaded from central: https://repo.maven.apache.org/maven2/com/querydsl/querydsl-bom/5.0.0/querydsl-bom-5.0.0.pom (7.2 kB at 171 kB/s)
[2026-09-03T23:53:13.963Z] [INFO] Downloading from central: https://repo.maven.apache.org/maven2/io/projectreactor/reactor-bom/2023.0.5/reactor-bom-2023.0.5.pom
[2026-09-03T23:53:13.963Z] [INFO] Downloaded from central: https://repo.maven.apache.org/maven2/io/projectreactor/reactor-bom/2023.0.5/reactor-bom-2023.0.5.pom (4.8 kB at 122 kB/s)
[2026-09-03T23:53:13.963Z] [INFO] Downloading from central: https://repo.maven.apache.org/maven2/io/rest-assured/rest-assured-bom/5.3.2/rest-assured-bom-5.3.2.pom
[2026-09-03T23:53:13.963Z] [INFO] Downloaded from central: https://repo.maven.apache.org/maven2/io/rest-assured/rest-assured-bom/5.3.2/rest-assured-bom-5.3.2.pom (4.3 kB at 104 kB/s)
[2026-09-03T23:53:13.963Z] [INFO] Downloading from central: https://repo.maven.apache.org/maven2/io/rsocket/rsocket-bom/1.1.3/rsocket-bom-1.1.3.pom
[2026-09-03T23:53:13.963Z] [INFO] Downloaded from central: https://repo.maven.apache.org/maven2/io/rsocket/rsocket-bom/1.1.3/rsocket-bom-1.1.3.pom (2.6 kB at 57 kB/s)
[2026-09-03T23:53:13.963Z] [INFO] Downloading from central: https://repo.maven.apache.org/maven2/org/seleniumhq/selenium/selenium-bom/4.14.1/selenium-bom-4.14.1.pom
[2026-09-03T23:53:13.963Z] [INFO] Downloaded from central: https://repo.maven.apache.org/maven2/org/seleniumhq/selenium/selenium-bom/4.14.1/selenium-bom-4.14.1.pom (6.0 kB at 155 kB/s)
[2026-09-03T23:53:13.963Z] [INFO] Downloading from central: https://repo.maven.apache.org/maven2/org/springframework/amqp/spring-amqp-bom/3.1.4/spring-amqp-bom-3.1.4.pom
[2026-09-03T23:53:14.215Z] [INFO] Downloaded from central: https://repo.maven.apache.org/maven2/org/springframework/amqp/spring-amqp-bom/3.1.4/spring-amqp-bom-3.1.4.pom (3.9 kB at 92 kB/s)
[2026-09-03T23:53:14.215Z] [INFO] Downloading from central: https://repo.maven.apache.org/maven2/org/springframework/batch/spring-batch-bom/5.1.1/spring-batch-bom-5.1.1.pom
[2026-09-03T23:53:14.215Z] [INFO] Downloaded from central: https://repo.maven.apache.org/maven2/org/springframework/batch/spring-batch-bom/5.1.1/spring-batch-bom-5.1.1.pom (3.2 kB at 68 kB/s)
[2026-09-03T23:53:14.215Z] [INFO] Downloading from central: https://repo.maven.apache.org/maven2/org/springframework/data/spring-data-bom/2023.1.5/spring-data-bom-2023.1.5.pom
[2026-09-03T23:53:14.216Z] [INFO] Downloaded from central: https://repo.maven.apache.org/maven2/org/springframework/data/spring-data-bom/2023.1.5/spring-data-bom-2023.1.5.pom (5.5 kB at 162 kB/s)
[2026-09-03T23:53:14.216Z] [INFO] Downloading from central: https://repo.maven.apache.org/maven2/org/springframework/spring-framework-bom/6.1.6/spring-framework-bom-6.1.6.pom
[2026-09-03T23:53:14.216Z] [INFO] Downloaded from central: https://repo.maven.apache.org/maven2/org/springframework/spring-framework-bom/6.1.6/spring-framework-bom-6.1.6.pom (5.8 kB at 149 kB/s)
[2026-09-03T23:53:14.216Z] [INFO] Downloading from central: https://repo.maven.apache.org/maven2/org/springframework/integration/spring-integration-bom/6.2.4/spring-integration-bom-6.2.4.pom
[2026-09-03T23:53:14.216Z] [INFO] Downloaded from central: https://repo.maven.apache.org/maven2/org/springframework/integration/spring-integration-bom/6.2.4/spring-integration-bom-6.2.4.pom (10 kB at 262 kB/s)
[2026-09-03T23:53:14.216Z] [INFO] Downloading from central: https://repo.maven.apache.org/maven2/org/springframework/pulsar/spring-pulsar-bom/1.0.5/spring-pulsar-bom-1.0.5.pom
[2026-09-03T23:53:14.466Z] [INFO] Downloaded from central: https://repo.maven.apache.org/maven2/org/springframework/pulsar/spring-pulsar-bom/1.0.5/spring-pulsar-bom-1.0.5.pom (2.7 kB at 72 kB/s)
[2026-09-03T23:53:14.466Z] [INFO] Downloading from central: https://repo.maven.apache.org/maven2/org/springframework/restdocs/spring-restdocs-bom/3.0.1/spring-restdocs-bom-3.0.1.pom
[2026-09-03T23:53:14.466Z] [INFO] Downloaded from central: https://repo.maven.apache.org/maven2/org/springframework/restdocs/spring-restdocs-bom/3.0.1/spring-restdocs-bom-3.0.1.pom (2.6 kB at 66 kB/s)
[2026-09-03T23:53:14.466Z] [INFO] Downloading from central: https://repo.maven.apache.org/maven2/org/springframework/security/spring-security-bom/6.2.4/spring-security-bom-6.2.4.pom
[2026-09-03T23:53:14.466Z] [INFO] Downloaded from central: https://repo.maven.apache.org/maven2/org/springframework/security/spring-security-bom/6.2.4/spring-security-bom-6.2.4.pom (5.3 kB at 113 kB/s)
[2026-09-03T23:53:14.466Z] [INFO] Downloading from central: https://repo.maven.apache.org/maven2/org/springframework/session/spring-session-bom/3.2.2/spring-session-bom-3.2.2.pom
[2026-09-03T23:53:14.467Z] [INFO] Downloaded from central: https://repo.maven.apache.org/maven2/org/springframework/session/spring-session-bom/3.2.2/spring-session-bom-3.2.2.pom (2.9 kB at 72 kB/s)
[2026-09-03T23:53:14.467Z] [INFO] Downloading from central: https://repo.maven.apache.org/maven2/org/springframework/ws/spring-ws-bom/4.0.10/spring-ws-bom-4.0.10.pom
[2026-09-03T23:53:14.467Z] [INFO] Downloaded from central: https://repo.maven.apache.org/maven2/org/springframework/ws/spring-ws-bom/4.0.10/spring-ws-bom-4.0.10.pom (3.5 kB at 69 kB/s)
[2026-09-03T23:53:14.467Z] [INFO] Downloading from central: https://repo.maven.apache.org/maven2/org/testcontainers/testcontainers-bom/1.19.7/testcontainers-bom-1.19.7.pom
[2026-09-03T23:53:14.719Z] [INFO] Downloaded from central: https://repo.maven.apache.org/maven2/org/testcontainers/testcontainers-bom/1.19.7/testcontainers-bom-1.19.7.pom (10 kB at 248 kB/s)
[2026-09-03T23:53:14.719Z] [INFO] 
[2026-09-03T23:53:14.719Z] [INFO] -------------------< com.kenteretail:order-service >--------------------
[2026-09-03T23:53:14.719Z] [INFO] Building order-service 0.1.0
[2026-09-03T23:53:14.719Z] [INFO]   from pom.xml
[2026-09-03T23:53:14.719Z] [INFO] --------------------------------[ jar ]---------------------------------
[2026-09-03T23:53:14.719Z] [INFO] Downloading from central: https://repo.maven.apache.org/maven2/org/springframework/boot/spring-boot-maven-plugin/3.2.5/spring-boot-maven-plugin-3.2.5.pom
[2026-09-03T23:53:14.969Z] [INFO] Downloaded from central: https://repo.maven.apache.org/maven2/org/springframework/boot/spring-boot-maven-plugin/3.2.5/spring-boot-maven-plugin-3.2.5.pom (4.2 kB at 61 kB/s)
[2026-09-03T23:53:14.970Z] [INFO] Downloading from central: https://repo.maven.apache.org/maven2/org/springframework/boot/spring-boot-maven-plugin/3.2.5/spring-boot-maven-plugin-3.2.5.jar
[2026-09-03T23:53:14.970Z] [INFO] Downloaded from central: https://repo.maven.apache.org/maven2/org/springframework/boot/spring-boot-maven-plugin/3.2.5/spring-boot-maven-plugin-3.2.5.jar (135 kB at 2.0 MB/s)
[2026-09-03T23:53:14.970Z] [INFO] Downloading from central: https://repo.maven.apache.org/maven2/org/apache/maven/plugins/maven-resources-plugin/3.3.1/maven-resources-plugin-3.3.1.pom
[2026-09-03T23:53:14.970Z] [INFO] Downloaded from central: https://repo.maven.apache.org/maven2/org/apache/maven/plugins/maven-resources-plugin/3.3.1/maven-resources-plugin-3.3.1.pom (8.2 kB at 174 kB/s)
[2026-09-03T23:53:14.970Z] [INFO] Downloading from central: https://repo.maven.apache.org/maven2/org/apache/maven/plugins/maven-plugins/39/maven-plugins-39.pom
[2026-09-03T23:53:14.970Z] [INFO] Downloaded from central: https://repo.maven.apache.org/maven2/org/apache/maven/plugins/maven-plugins/39/maven-plugins-39.pom (8.1 kB at 231 kB/s)
[2026-09-03T23:53:14.970Z] [INFO] Downloading from central: https://repo.maven.apache.org/maven2/org/apache/maven/maven-parent/39/maven-parent-39.pom
[2026-09-03T23:53:15.231Z] [INFO] Downloaded from central: https://repo.maven.apache.org/maven2/org/apache/maven/maven-parent/39/maven-parent-39.pom (48 kB at 1.2 MB/s)
[2026-09-03T23:53:15.231Z] [INFO] Downloading from central: https://repo.maven.apache.org/maven2/org/apache/apache/29/apache-29.pom
[2026-09-03T23:53:15.231Z] [INFO] Downloaded from central: https://repo.maven.apache.org/maven2/org/apache/apache/29/apache-29.pom (21 kB at 377 kB/s)
[2026-09-03T23:53:15.231Z] [INFO] Downloading from central: https://repo.maven.apache.org/maven2/org/apache/maven/plugins/maven-resources-plugin/3.3.1/maven-resources-plugin-3.3.1.jar
[2026-09-03T23:53:15.231Z] [INFO] Downloaded from central: https://repo.maven.apache.org/maven2/org/apache/maven/plugins/maven-resources-plugin/3.3.1/maven-resources-plugin-3.3.1.jar (31 kB at 543 kB/s)
[2026-09-03T23:53:15.231Z] [INFO] Downloading from central: https://repo.maven.apache.org/maven2/org/apache/maven/plugins/maven-compiler-plugin/3.11.0/maven-compiler-plugin-3.11.0.pom
[2026-09-03T23:53:15.231Z] [INFO] Downloaded from central: https://repo.maven.apache.org/maven2/org/apache/maven/plugins/maven-compiler-plugin/3.11.0/maven-compiler-plugin-3.11.0.pom (9.8 kB at 189 kB/s)
[2026-09-03T23:53:15.482Z] [INFO] Downloading from central: https://repo.maven.apache.org/maven2/org/apache/maven/plugins/maven-compiler-plugin/3.11.0/maven-compiler-plugin-3.11.0.jar
[2026-09-03T23:53:15.482Z] [INFO] Downloaded from central: https://repo.maven.apache.org/maven2/org/apache/maven/plugins/maven-compiler-plugin/3.11.0/maven-compiler-plugin-3.11.0.jar (66 kB at 657 kB/s)
[2026-09-03T23:53:15.482Z] [INFO] Downloading from central: https://repo.maven.apache.org/maven2/org/apache/maven/plugins/maven-surefire-plugin/3.1.2/maven-surefire-plugin-3.1.2.pom
[2026-09-03T23:53:15.482Z] [INFO] Downloaded from central: https://repo.maven.apache.org/maven2/org/apache/maven/plugins/maven-surefire-plugin/3.1.2/maven-surefire-plugin-3.1.2.pom (5.5 kB at 121 kB/s)
[2026-09-03T23:53:15.482Z] [INFO] Downloading from central: https://repo.maven.apache.org/maven2/org/apache/maven/surefire/surefire/3.1.2/surefire-3.1.2.pom
[2026-09-03T23:53:15.483Z] [INFO] Downloaded from central: https://repo.maven.apache.org/maven2/org/apache/maven/surefire/surefire/3.1.2/surefire-3.1.2.pom (22 kB at 526 kB/s)
[2026-09-03T23:53:15.483Z] [INFO] Downloading from central: https://repo.maven.apache.org/maven2/org/apache/maven/plugins/maven-surefire-plugin/3.1.2/maven-surefire-plugin-3.1.2.jar
[2026-09-03T23:53:15.736Z] [INFO] Downloaded from central: https://repo.maven.apache.org/maven2/org/apache/maven/plugins/maven-surefire-plugin/3.1.2/maven-surefire-plugin-3.1.2.jar (43 kB at 866 kB/s)
[2026-09-03T23:53:15.736Z] [INFO] Downloading from central: https://repo.maven.apache.org/maven2/org/apache/maven/plugins/maven-jar-plugin/3.3.0/maven-jar-plugin-3.3.0.pom
[2026-09-03T23:53:15.736Z] [INFO] Downloaded from central: https://repo.maven.apache.org/maven2/org/apache/maven/plugins/maven-jar-plugin/3.3.0/maven-jar-plugin-3.3.0.pom (6.8 kB at 188 kB/s)
[2026-09-03T23:53:15.736Z] [INFO] Downloading from central: https://repo.maven.apache.org/maven2/org/apache/maven/plugins/maven-plugins/37/maven-plugins-37.pom
[2026-09-03T23:53:15.736Z] [INFO] Downloaded from central: https://repo.maven.apache.org/maven2/org/apache/maven/plugins/maven-plugins/37/maven-plugins-37.pom (9.9 kB at 261 kB/s)
[2026-09-03T23:53:15.736Z] [INFO] Downloading from central: https://repo.maven.apache.org/maven2/org/apache/maven/maven-parent/37/maven-parent-37.pom
[2026-09-03T23:53:15.736Z] [INFO] Downloaded from central: https://repo.maven.apache.org/maven2/org/apache/maven/maven-parent/37/maven-parent-37.pom (46 kB at 1.2 MB/s)
[2026-09-03T23:53:15.736Z] [INFO] Downloading from central: https://repo.maven.apache.org/maven2/org/apache/apache/27/apache-27.pom
[2026-09-03T23:53:15.736Z] [INFO] Downloaded from central: https://repo.maven.apache.org/maven2/org/apache/apache/27/apache-27.pom (20 kB at 599 kB/s)
[2026-09-03T23:53:15.736Z] [INFO] Downloading from central: https://repo.maven.apache.org/maven2/org/apache/maven/plugins/maven-jar-plugin/3.3.0/maven-jar-plugin-3.3.0.jar
[2026-09-03T23:53:15.987Z] [INFO] Downloaded from central: https://repo.maven.apache.org/maven2/org/apache/maven/plugins/maven-jar-plugin/3.3.0/maven-jar-plugin-3.3.0.jar (27 kB at 739 kB/s)
[2026-09-03T23:53:15.987Z] [INFO] Downloading from central: https://repo.maven.apache.org/maven2/org/springframework/boot/spring-boot-starter-web/3.2.5/spring-boot-starter-web-3.2.5.pom
[2026-09-03T23:53:15.987Z] [INFO] Downloaded from central: https://repo.maven.apache.org/maven2/org/springframework/boot/spring-boot-starter-web/3.2.5/spring-boot-starter-web-3.2.5.pom (2.9 kB at 54 kB/s)
[2026-09-03T23:53:15.987Z] [INFO] Downloading from central: https://repo.maven.apache.org/maven2/org/springframework/boot/spring-boot-starter/3.2.5/spring-boot-starter-3.2.5.pom
[2026-09-03T23:53:15.987Z] [INFO] Downloaded from central: https://repo.maven.apache.org/maven2/org/springframework/boot/spring-boot-starter/3.2.5/spring-boot-starter-3.2.5.pom (3.0 kB at 54 kB/s)
[2026-09-03T23:53:15.987Z] [INFO] Downloading from central: https://repo.maven.apache.org/maven2/org/springframework/boot/spring-boot/3.2.5/spring-boot-3.2.5.pom
[2026-09-03T23:53:16.240Z] [INFO] Downloaded from central: https://repo.maven.apache.org/maven2/org/springframework/boot/spring-boot/3.2.5/spring-boot-3.2.5.pom (2.2 kB at 56 kB/s)
[2026-09-03T23:53:16.240Z] [INFO] Downloading from central: https://repo.maven.apache.org/maven2/org/springframework/spring-core/6.1.6/spring-core-6.1.6.pom
[2026-09-03T23:53:16.240Z] [INFO] Downloaded from central: https://repo.maven.apache.org/maven2/org/springframework/spring-core/6.1.6/spring-core-6.1.6.pom (2.0 kB at 58 kB/s)
[2026-09-03T23:53:16.240Z] [INFO] Downloading from central: https://repo.maven.apache.org/maven2/org/springframework/spring-jcl/6.1.6/spring-jcl-6.1.6.pom
[2026-09-03T23:53:16.240Z] [INFO] Downloaded from central: https://repo.maven.apache.org/maven2/org/springframework/spring-jcl/6.1.6/spring-jcl-6.1.6.pom (1.8 kB at 48 kB/s)
[2026-09-03T23:53:16.240Z] [INFO] Downloading from central: https://repo.maven.apache.org/maven2/org/springframework/spring-context/6.1.6/spring-context-6.1.6.pom
[2026-09-03T23:53:16.240Z] [INFO] Downloaded from central: https://repo.maven.apache.org/maven2/org/springframework/spring-context/6.1.6/spring-context-6.1.6.pom (2.8 kB at 53 kB/s)
[2026-09-03T23:53:16.240Z] [INFO] Downloading from central: https://repo.maven.apache.org/maven2/org/springframework/spring-aop/6.1.6/spring-aop-6.1.6.pom
[2026-09-03T23:53:16.240Z] [INFO] Downloaded from central: https://repo.maven.apache.org/maven2/org/springframework/spring-aop/6.1.6/spring-aop-6.1.6.pom (2.2 kB at 58 kB/s)
[2026-09-03T23:53:16.240Z] [INFO] Downloading from central: https://repo.maven.apache.org/maven2/org/springframework/spring-beans/6.1.6/spring-beans-6.1.6.pom
[2026-09-03T23:53:16.499Z] [INFO] Downloaded from central: https://repo.maven.apache.org/maven2/org/springframework/spring-beans/6.1.6/spring-beans-6.1.6.pom (2.0 kB at 45 kB/s)
[2026-09-03T23:53:16.499Z] [INFO] Downloading from central: https://repo.maven.apache.org/maven2/org/springframework/spring-expression/6.1.6/spring-expression-6.1.6.pom
[2026-09-03T23:53:16.499Z] [INFO] Downloaded from central: https://repo.maven.apache.org/maven2/org/springframework/spring-expression/6.1.6/spring-expression-6.1.6.pom (2.1 kB at 41 kB/s)
[2026-09-03T23:53:16.499Z] [INFO] Downloading from central: https://repo.maven.apache.org/maven2/io/micrometer/micrometer-observation/1.12.5/micrometer-observation-1.12.5.pom
[2026-09-03T23:53:16.499Z] [INFO] Downloaded from central: https://repo.maven.apache.org/maven2/io/micrometer/micrometer-observation/1.12.5/micrometer-observation-1.12.5.pom (3.8 kB at 80 kB/s)
[2026-09-03T23:53:16.499Z] [INFO] Downloading from central: https://repo.maven.apache.org/maven2/io/micrometer/micrometer-commons/1.12.5/micrometer-commons-1.12.5.pom
[2026-09-03T23:53:16.499Z] [INFO] Downloaded from central: https://repo.maven.apache.org/maven2/io/micrometer/micrometer-commons/1.12.5/micrometer-commons-1.12.5.pom (3.4 kB at 97 kB/s)
[2026-09-03T23:53:16.499Z] [INFO] Downloading from central: https://repo.maven.apache.org/maven2/org/springframework/boot/spring-boot-autoconfigure/3.2.5/spring-boot-autoconfigure-3.2.5.pom
[2026-09-03T23:53:16.499Z] [INFO] Downloaded from central: https://repo.maven.apache.org/maven2/org/springframework/boot/spring-boot-autoconfigure/3.2.5/spring-boot-autoconfigure-3.2.5.pom (2.1 kB at 57 kB/s)
[2026-09-03T23:53:16.499Z] [INFO] Downloading from central: https://repo.maven.apache.org/maven2/org/springframework/boot/spring-boot-starter-logging/3.2.5/spring-boot-starter-logging-3.2.5.pom
[2026-09-03T23:53:16.753Z] [INFO] Downloaded from central: https://repo.maven.apache.org/maven2/org/springframework/boot/spring-boot-starter-logging/3.2.5/spring-boot-starter-logging-3.2.5.pom (2.5 kB at 66 kB/s)
[2026-09-03T23:53:16.753Z] [INFO] Downloading from central: https://repo.maven.apache.org/maven2/ch/qos/logback/logback-classic/1.4.14/logback-classic-1.4.14.pom
[2026-09-03T23:53:16.753Z] [INFO] Downloaded from central: https://repo.maven.apache.org/maven2/ch/qos/logback/logback-classic/1.4.14/logback-classic-1.4.14.pom (13 kB at 385 kB/s)
[2026-09-03T23:53:16.753Z] [INFO] Downloading from central: https://repo.maven.apache.org/maven2/ch/qos/logback/logback-parent/1.4.14/logback-parent-1.4.14.pom
[2026-09-03T23:53:16.753Z] [INFO] Downloaded from central: https://repo.maven.apache.org/maven2/ch/qos/logback/logback-parent/1.4.14/logback-parent-1.4.14.pom (20 kB at 448 kB/s)
[2026-09-03T23:53:16.753Z] [INFO] Downloading from central: https://repo.maven.apache.org/maven2/ch/qos/logback/logback-core/1.4.14/logback-core-1.4.14.pom
[2026-09-03T23:53:16.753Z] [INFO] Downloaded from central: https://repo.maven.apache.org/maven2/ch/qos/logback/logback-core/1.4.14/logback-core-1.4.14.pom (5.0 kB at 136 kB/s)
[2026-09-03T23:53:16.753Z] [INFO] Downloading from central: https://repo.maven.apache.org/maven2/org/slf4j/slf4j-api/2.0.13/slf4j-api-2.0.13.pom
[2026-09-03T23:53:16.753Z] [INFO] Downloaded from central: https://repo.maven.apache.org/maven2/org/slf4j/slf4j-api/2.0.13/slf4j-api-2.0.13.pom (2.8 kB at 78 kB/s)
[2026-09-03T23:53:16.753Z] [INFO] Downloading from central: https://repo.maven.apache.org/maven2/org/slf4j/slf4j-parent/2.0.13/slf4j-parent-2.0.13.pom
[2026-09-03T23:53:17.004Z] [INFO] Downloaded from central: https://repo.maven.apache.org/maven2/org/slf4j/slf4j-parent/2.0.13/slf4j-parent-2.0.13.pom (13 kB at 278 kB/s)
[2026-09-03T23:53:17.004Z] [INFO] Downloading from central: https://repo.maven.apache.org/maven2/org/slf4j/slf4j-bom/2.0.13/slf4j-bom-2.0.13.pom
[2026-09-03T23:53:17.004Z] [INFO] Downloaded from central: https://repo.maven.apache.org/maven2/org/slf4j/slf4j-bom/2.0.13/slf4j-bom-2.0.13.pom (7.3 kB at 193 kB/s)
[2026-09-03T23:53:17.004Z] [INFO] Downloading from central: https://repo.maven.apache.org/maven2/org/apache/logging/log4j/log4j-to-slf4j/2.21.1/log4j-to-slf4j-2.21.1.pom
[2026-09-03T23:53:17.004Z] [INFO] Downloaded from central: https://repo.maven.apache.org/maven2/org/apache/logging/log4j/log4j-to-slf4j/2.21.1/log4j-to-slf4j-2.21.1.pom (4.2 kB at 128 kB/s)
[2026-09-03T23:53:17.004Z] [INFO] Downloading from central: https://repo.maven.apache.org/maven2/org/apache/logging/log4j/log4j/2.21.1/log4j-2.21.1.pom
[2026-09-03T23:53:17.004Z] [INFO] Downloaded from central: https://repo.maven.apache.org/maven2/org/apache/logging/log4j/log4j/2.21.1/log4j-2.21.1.pom (35 kB at 722 kB/s)
[2026-09-03T23:53:17.004Z] [INFO] Downloading from central: https://repo.maven.apache.org/maven2/org/ow2/asm/asm-bom/9.5/asm-bom-9.5.pom
[2026-09-03T23:53:17.255Z] [INFO] Downloaded from central: https://repo.maven.apache.org/maven2/org/ow2/asm/asm-bom/9.5/asm-bom-9.5.pom (3.2 kB at 73 kB/s)
[2026-09-03T23:53:17.255Z] [INFO] Downloading from central: https://repo.maven.apache.org/maven2/org/ow2/ow2/1.5.1/ow2-1.5.1.pom
[2026-09-03T23:53:17.255Z] [INFO] Downloaded from central: https://repo.maven.apache.org/maven2/org/ow2/ow2/1.5.1/ow2-1.5.1.pom (11 kB at 257 kB/s)
[2026-09-03T23:53:17.255Z] [INFO] Downloading from central: https://repo.maven.apache.org/maven2/org/codehaus/groovy/groovy-bom/3.0.19/groovy-bom-3.0.19.pom
[2026-09-03T23:53:17.255Z] [INFO] Downloaded from central: https://repo.maven.apache.org/maven2/org/codehaus/groovy/groovy-bom/3.0.19/groovy-bom-3.0.19.pom (26 kB at 696 kB/s)
[2026-09-03T23:53:17.255Z] [INFO] Downloading from central: https://repo.maven.apache.org/maven2/com/fasterxml/jackson/jackson-bom/2.15.2/jackson-bom-2.15.2.pom
[2026-09-03T23:53:17.255Z] [INFO] Downloaded from central: https://repo.maven.apache.org/maven2/com/fasterxml/jackson/jackson-bom/2.15.2/jackson-bom-2.15.2.pom (18 kB at 321 kB/s)
[2026-09-03T23:53:17.255Z] [INFO] Downloading from central: https://repo.maven.apache.org/maven2/jakarta/platform/jakarta.jakartaee-bom/9.1.0/jakarta.jakartaee-bom-9.1.0.pom
[2026-09-03T23:53:17.255Z] [INFO] Downloaded from central: https://repo.maven.apache.org/maven2/jakarta/platform/jakarta.jakartaee-bom/9.1.0/jakarta.jakartaee-bom-9.1.0.pom (9.6 kB at 227 kB/s)
[2026-09-03T23:53:17.506Z] [INFO] Downloading from central: https://repo.maven.apache.org/maven2/jakarta/platform/jakartaee-api-parent/9.1.0/jakartaee-api-parent-9.1.0.pom
[2026-09-03T23:53:17.506Z] [INFO] Downloaded from central: https://repo.maven.apache.org/maven2/jakarta/platform/jakartaee-api-parent/9.1.0/jakartaee-api-parent-9.1.0.pom (15 kB at 345 kB/s)
[2026-09-03T23:53:17.506Z] [INFO] Downloading from central: https://repo.maven.apache.org/maven2/org/eclipse/ee4j/project/1.0.7/project-1.0.7.pom
[2026-09-03T23:53:17.506Z] [INFO] Downloaded from central: https://repo.maven.apache.org/maven2/org/eclipse/ee4j/project/1.0.7/project-1.0.7.pom (14 kB at 338 kB/s)
[2026-09-03T23:53:17.506Z] [INFO] Downloading from central: https://repo.maven.apache.org/maven2/org/eclipse/jetty/jetty-bom/9.4.53.v20231009/jetty-bom-9.4.53.v20231009.pom
[2026-09-03T23:53:17.506Z] [INFO] Downloaded from central: https://repo.maven.apache.org/maven2/org/eclipse/jetty/jetty-bom/9.4.53.v20231009/jetty-bom-9.4.53.v20231009.pom (18 kB at 376 kB/s)
[2026-09-03T23:53:17.506Z] [INFO] Downloading from central: https://repo.maven.apache.org/maven2/org/junit/junit-bom/5.10.0/junit-bom-5.10.0.pom
[2026-09-03T23:53:17.506Z] [INFO] Downloaded from central: https://repo.maven.apache.org/maven2/org/junit/junit-bom/5.10.0/junit-bom-5.10.0.pom (5.6 kB at 97 kB/s)
[2026-09-03T23:53:17.506Z] [INFO] Downloading from central: https://repo.maven.apache.org/maven2/org/mockito/mockito-bom/4.11.0/mockito-bom-4.11.0.pom
[2026-09-03T23:53:17.756Z] [INFO] Downloaded from central: https://repo.maven.apache.org/maven2/org/mockito/mockito-bom/4.11.0/mockito-bom-4.11.0.pom (3.2 kB at 79 kB/s)
[2026-09-03T23:53:17.757Z] [INFO] Downloading from central: https://repo.maven.apache.org/maven2/io/netty/netty-bom/4.1.97.Final/netty-bom-4.1.97.Final.pom
[2026-09-03T23:53:17.757Z] [INFO] Downloaded from central: https://repo.maven.apache.org/maven2/io/netty/netty-bom/4.1.97.Final/netty-bom-4.1.97.Final.pom (13 kB at 379 kB/s)
[2026-09-03T23:53:17.757Z] [INFO] Downloading from central: https://repo.maven.apache.org/maven2/org/springframework/spring-framework-bom/5.3.29/spring-framework-bom-5.3.29.pom
[2026-09-03T23:53:17.757Z] [INFO] Downloaded from central: https://repo.maven.apache.org/maven2/org/springframework/spring-framework-bom/5.3.29/spring-framework-bom-5.3.29.pom (5.7 kB at 157 kB/s)
[2026-09-03T23:53:17.757Z] [INFO] Downloading from central: https://repo.maven.apache.org/maven2/org/apache/logging/log4j/log4j-api/2.21.1/log4j-api-2.21.1.pom
[2026-09-03T23:53:17.757Z] [INFO] Downloaded from central: https://repo.maven.apache.org/maven2/org/apache/logging/log4j/log4j-api/2.21.1/log4j-api-2.21.1.pom (4.0 kB at 93 kB/s)
[2026-09-03T23:53:17.757Z] [INFO] Downloading from central: https://repo.maven.apache.org/maven2/org/slf4j/jul-to-slf4j/2.0.13/jul-to-slf4j-2.0.13.pom
[2026-09-03T23:53:17.757Z] [INFO] Downloaded from central: https://repo.maven.apache.org/maven2/org/slf4j/jul-to-slf4j/2.0.13/jul-to-slf4j-2.0.13.pom (1.1 kB at 30 kB/s)
[2026-09-03T23:53:17.757Z] [INFO] Downloading from central: https://repo.maven.apache.org/maven2/jakarta/annotation/jakarta.annotation-api/2.1.1/jakarta.annotation-api-2.1.1.pom
[2026-09-03T23:53:17.757Z] [INFO] Downloaded from central: https://repo.maven.apache.org/maven2/jakarta/annotation/jakarta.annotation-api/2.1.1/jakarta.annotation-api-2.1.1.pom (16 kB at 451 kB/s)
[2026-09-03T23:53:17.757Z] [INFO] Downloading from central: https://repo.maven.apache.org/maven2/org/yaml/snakeyaml/2.2/snakeyaml-2.2.pom
[2026-09-03T23:53:18.008Z] [INFO] Downloaded from central: https://repo.maven.apache.org/maven2/org/yaml/snakeyaml/2.2/snakeyaml-2.2.pom (21 kB at 518 kB/s)
[2026-09-03T23:53:18.008Z] [INFO] Downloading from central: https://repo.maven.apache.org/maven2/org/springframework/boot/spring-boot-starter-json/3.2.5/spring-boot-starter-json-3.2.5.pom
[2026-09-03T23:53:18.008Z] [INFO] Downloaded from central: https://repo.maven.apache.org/maven2/org/springframework/boot/spring-boot-starter-json/3.2.5/spring-boot-starter-json-3.2.5.pom (3.1 kB at 91 kB/s)
[2026-09-03T23:53:18.008Z] [INFO] Downloading from central: https://repo.maven.apache.org/maven2/org/springframework/spring-web/6.1.6/spring-web-6.1.6.pom
[2026-09-03T23:53:18.008Z] [INFO] Downloaded from central: https://repo.maven.apache.org/maven2/org/springframework/spring-web/6.1.6/spring-web-6.1.6.pom (2.4 kB at 66 kB/s)
[2026-09-03T23:53:18.008Z] [INFO] Downloading from central: https://repo.maven.apache.org/maven2/com/fasterxml/jackson/core/jackson-databind/2.15.4/jackson-databind-2.15.4.pom
[2026-09-03T23:53:18.008Z] [INFO] Downloaded from central: https://repo.maven.apache.org/maven2/com/fasterxml/jackson/core/jackson-databind/2.15.4/jackson-databind-2.15.4.pom (19 kB at 439 kB/s)
[2026-09-03T23:53:18.008Z] [INFO] Downloading from central: https://repo.maven.apache.org/maven2/com/fasterxml/jackson/jackson-base/2.15.4/jackson-base-2.15.4.pom
[2026-09-03T23:53:18.008Z] [INFO] Downloaded from central: https://repo.maven.apache.org/maven2/com/fasterxml/jackson/jackson-base/2.15.4/jackson-base-2.15.4.pom (11 kB at 342 kB/s)
[2026-09-03T23:53:18.008Z] [INFO] Downloading from central: https://repo.maven.apache.org/maven2/org/junit/junit-bom/5.9.2/junit-bom-5.9.2.pom
[2026-09-03T23:53:18.258Z] [INFO] Downloaded from central: https://repo.maven.apache.org/maven2/org/junit/junit-bom/5.9.2/junit-bom-5.9.2.pom (5.6 kB at 115 kB/s)
[2026-09-03T23:53:18.258Z] [INFO] Downloading from central: https://repo.maven.apache.org/maven2/com/fasterxml/jackson/core/jackson-annotations/2.15.4/jackson-annotations-2.15.4.pom
[2026-09-03T23:53:18.258Z] [INFO] Downloaded from central: https://repo.maven.apache.org/maven2/com/fasterxml/jackson/core/jackson-annotations/2.15.4/jackson-annotations-2.15.4.pom (7.1 kB at 172 kB/s)
[2026-09-03T23:53:18.258Z] [INFO] Downloading from central: https://repo.maven.apache.org/maven2/com/fasterxml/jackson/core/jackson-core/2.15.4/jackson-core-2.15.4.pom
[2026-09-03T23:53:18.259Z] [INFO] Downloaded from central: https://repo.maven.apache.org/maven2/com/fasterxml/jackson/core/jackson-core/2.15.4/jackson-core-2.15.4.pom (9.9 kB at 147 kB/s)
[2026-09-03T23:53:18.259Z] [INFO] Downloading from central: https://repo.maven.apache.org/maven2/com/fasterxml/jackson/datatype/jackson-datatype-jdk8/2.15.4/jackson-datatype-jdk8-2.15.4.pom
[2026-09-03T23:53:18.259Z] [INFO] Downloaded from central: https://repo.maven.apache.org/maven2/com/fasterxml/jackson/datatype/jackson-datatype-jdk8/2.15.4/jackson-datatype-jdk8-2.15.4.pom (2.6 kB at 52 kB/s)
[2026-09-03T23:53:18.259Z] [INFO] Downloading from central: https://repo.maven.apache.org/maven2/com/fasterxml/jackson/module/jackson-modules-java8/2.15.4/jackson-modules-java8-2.15.4.pom
[2026-09-03T23:53:18.511Z] [INFO] Downloaded from central: https://repo.maven.apache.org/maven2/com/fasterxml/jackson/module/jackson-modules-java8/2.15.4/jackson-modules-java8-2.15.4.pom (3.1 kB at 53 kB/s)
[2026-09-03T23:53:18.511Z] [INFO] Downloading from central: https://repo.maven.apache.org/maven2/com/fasterxml/jackson/module/jackson-module-parameter-names/2.15.4/jackson-module-parameter-names-2.15.4.pom
[2026-09-03T23:53:18.511Z] [INFO] Downloaded from central: https://repo.maven.apache.org/maven2/com/fasterxml/jackson/module/jackson-module-parameter-names/2.15.4/jackson-module-parameter-names-2.15.4.pom (4.4 kB at 89 kB/s)
[2026-09-03T23:53:18.518Z] [INFO] Downloading from central: https://repo.maven.apache.org/maven2/org/springframework/boot/spring-boot-starter-tomcat/3.2.5/spring-boot-starter-tomcat-3.2.5.pom
[2026-09-03T23:53:18.518Z] [INFO] Downloaded from central: https://repo.maven.apache.org/maven2/org/springframework/boot/spring-boot-starter-tomcat/3.2.5/spring-boot-starter-tomcat-3.2.5.pom (3.1 kB at 69 kB/s)
[2026-09-03T23:53:18.519Z] [INFO] Downloading from central: https://repo.maven.apache.org/maven2/org/apache/tomcat/embed/tomcat-embed-core/10.1.59/tomcat-embed-core-10.1.59.pom
[2026-09-03T23:53:18.776Z] [INFO] Downloaded from central: https://repo.maven.apache.org/maven2/org/apache/tomcat/embed/tomcat-embed-core/10.1.59/tomcat-embed-core-10.1.59.pom (1.7 kB at 31 kB/s)
[2026-09-03T23:53:18.776Z] [INFO] Downloading from central: https://repo.maven.apache.org/maven2/org/apache/tomcat/embed/tomcat-embed-el/10.1.59/tomcat-embed-el-10.1.59.pom
[2026-09-03T23:53:18.776Z] [INFO] Downloaded from central: https://repo.maven.apache.org/maven2/org/apache/tomcat/embed/tomcat-embed-el/10.1.59/tomcat-embed-el-10.1.59.pom (1.5 kB at 38 kB/s)
[2026-09-03T23:53:18.776Z] [INFO] Downloading from central: https://repo.maven.apache.org/maven2/org/apache/tomcat/embed/tomcat-embed-websocket/10.1.59/tomcat-embed-websocket-10.1.59.pom
[2026-09-03T23:53:18.776Z] [INFO] Downloaded from central: https://repo.maven.apache.org/maven2/org/apache/tomcat/embed/tomcat-embed-websocket/10.1.59/tomcat-embed-websocket-10.1.59.pom (1.7 kB at 36 kB/s)
[2026-09-03T23:53:18.776Z] [INFO] Downloading from central: https://repo.maven.apache.org/maven2/org/springframework/spring-webmvc/6.1.6/spring-webmvc-6.1.6.pom
[2026-09-03T23:53:18.776Z] [INFO] Downloaded from central: https://repo.maven.apache.org/maven2/org/springframework/spring-webmvc/6.1.6/spring-webmvc-6.1.6.pom (2.9 kB at 76 kB/s)
[2026-09-03T23:53:18.776Z] [INFO] Downloading from central: https://repo.maven.apache.org/maven2/org/springframework/boot/spring-boot-starter-test/3.2.5/spring-boot-starter-test-3.2.5.pom
[2026-09-03T23:53:18.776Z] [INFO] Downloaded from central: https://repo.maven.apache.org/maven2/org/springframework/boot/spring-boot-starter-test/3.2.5/spring-boot-starter-test-3.2.5.pom (5.0 kB at 110 kB/s)
[2026-09-03T23:53:18.776Z] [INFO] Downloading from central: https://repo.maven.apache.org/maven2/org/springframework/boot/spring-boot-test/3.2.5/spring-boot-test-3.2.5.pom
[2026-09-03T23:53:19.027Z] [INFO] Downloaded from central: https://repo.maven.apache.org/maven2/org/springframework/boot/spring-boot-test/3.2.5/spring-boot-test-3.2.5.pom (2.0 kB at 55 kB/s)
[2026-09-03T23:53:19.027Z] [INFO] Downloading from central: https://repo.maven.apache.org/maven2/org/springframework/boot/spring-boot-test-autoconfigure/3.2.5/spring-boot-test-autoconfigure-3.2.5.pom
[2026-09-03T23:53:19.027Z] [INFO] Downloaded from central: https://repo.maven.apache.org/maven2/org/springframework/boot/spring-boot-test-autoconfigure/3.2.5/spring-boot-test-autoconfigure-3.2.5.pom (2.5 kB at 65 kB/s)
[2026-09-03T23:53:19.027Z] [INFO] Downloading from central: https://repo.maven.apache.org/maven2/com/jayway/jsonpath/json-path/2.9.0/json-path-2.9.0.pom
[2026-09-03T23:53:19.027Z] [INFO] Downloaded from central: https://repo.maven.apache.org/maven2/com/jayway/jsonpath/json-path/2.9.0/json-path-2.9.0.pom (1.9 kB at 55 kB/s)
[2026-09-03T23:53:19.027Z] [INFO] Downloading from central: https://repo.maven.apache.org/maven2/net/minidev/json-smart/2.5.1/json-smart-2.5.1.pom
[2026-09-03T23:53:19.027Z] [INFO] Downloaded from central: https://repo.maven.apache.org/maven2/net/minidev/json-smart/2.5.1/json-smart-2.5.1.pom (9.3 kB at 258 kB/s)
[2026-09-03T23:53:19.027Z] [INFO] Downloading from central: https://repo.maven.apache.org/maven2/net/minidev/accessors-smart/2.5.1/accessors-smart-2.5.1.pom
[2026-09-03T23:53:19.027Z] [INFO] Downloaded from central: https://repo.maven.apache.org/maven2/net/minidev/accessors-smart/2.5.1/accessors-smart-2.5.1.pom (11 kB at 222 kB/s)
[2026-09-03T23:53:19.027Z] [INFO] Downloading from central: https://repo.maven.apache.org/maven2/org/ow2/asm/asm/9.6/asm-9.6.pom
[2026-09-03T23:53:19.027Z] [INFO] Downloaded from central: https://repo.maven.apache.org/maven2/org/ow2/asm/asm/9.6/asm-9.6.pom (2.4 kB at 68 kB/s)
[2026-09-03T23:53:19.278Z] [INFO] Downloading from central: https://repo.maven.apache.org/maven2/jakarta/xml/bind/jakarta.xml.bind-api/4.0.2/jakarta.xml.bind-api-4.0.2.pom
[2026-09-03T23:53:19.278Z] [INFO] Downloaded from central: https://repo.maven.apache.org/maven2/jakarta/xml/bind/jakarta.xml.bind-api/4.0.2/jakarta.xml.bind-api-4.0.2.pom (13 kB at 310 kB/s)
[2026-09-03T23:53:19.278Z] [INFO] Downloading from central: https://repo.maven.apache.org/maven2/jakarta/xml/bind/jakarta.xml.bind-api-parent/4.0.2/jakarta.xml.bind-api-parent-4.0.2.pom
[2026-09-03T23:53:19.278Z] [INFO] Downloaded from central: https://repo.maven.apache.org/maven2/jakarta/xml/bind/jakarta.xml.bind-api-parent/4.0.2/jakarta.xml.bind-api-parent-4.0.2.pom (9.1 kB at 208 kB/s)
[2026-09-03T23:53:19.278Z] [INFO] Downloading from central: https://repo.maven.apache.org/maven2/jakarta/activation/jakarta.activation-api/2.1.3/jakarta.activation-api-2.1.3.pom
[2026-09-03T23:53:19.278Z] [INFO] Downloaded from central: https://repo.maven.apache.org/maven2/jakarta/activation/jakarta.activation-api/2.1.3/jakarta.activation-api-2.1.3.pom (19 kB at 452 kB/s)
[2026-09-03T23:53:19.278Z] [INFO] Downloading from central: https://repo.maven.apache.org/maven2/org/assertj/assertj-core/3.24.2/assertj-core-3.24.2.pom
[2026-09-03T23:53:19.278Z] [INFO] Downloaded from central: https://repo.maven.apache.org/maven2/org/assertj/assertj-core/3.24.2/assertj-core-3.24.2.pom (19 kB at 469 kB/s)
[2026-09-03T23:53:19.278Z] [INFO] Downloading from central: https://repo.maven.apache.org/maven2/org/assertj/assertj-parent/3.24.2/assertj-parent-3.24.2.pom
[2026-09-03T23:53:19.530Z] [INFO] Downloaded from central: https://repo.maven.apache.org/maven2/org/assertj/assertj-parent/3.24.2/assertj-parent-3.24.2.pom (13 kB at 279 kB/s)
[2026-09-03T23:53:19.530Z] [INFO] Downloading from central: https://repo.maven.apache.org/maven2/org/assertj/assertj-build/3.24.2/assertj-build-3.24.2.pom
[2026-09-03T23:53:19.530Z] [INFO] Downloaded from central: https://repo.maven.apache.org/maven2/org/assertj/assertj-build/3.24.2/assertj-build-3.24.2.pom (8.8 kB at 163 kB/s)
[2026-09-03T23:53:19.530Z] [INFO] Downloading from central: https://repo.maven.apache.org/maven2/org/junit/junit-bom/5.9.1/junit-bom-5.9.1.pom
[2026-09-03T23:53:19.530Z] [INFO] Downloaded from central: https://repo.maven.apache.org/maven2/org/junit/junit-bom/5.9.1/junit-bom-5.9.1.pom (5.6 kB at 156 kB/s)
[2026-09-03T23:53:19.530Z] [INFO] Downloading from central: https://repo.maven.apache.org/maven2/net/bytebuddy/byte-buddy/1.14.13/byte-buddy-1.14.13.pom
[2026-09-03T23:53:19.530Z] [INFO] Downloaded from central: https://repo.maven.apache.org/maven2/net/bytebuddy/byte-buddy/1.14.13/byte-buddy-1.14.13.pom (16 kB at 455 kB/s)
[2026-09-03T23:53:19.530Z] [INFO] Downloading from central: https://repo.maven.apache.org/maven2/net/bytebuddy/byte-buddy-parent/1.14.13/byte-buddy-parent-1.14.13.pom
[2026-09-03T23:53:19.530Z] [INFO] Downloaded from central: https://repo.maven.apache.org/maven2/net/bytebuddy/byte-buddy-parent/1.14.13/byte-buddy-parent-1.14.13.pom (63 kB at 1.5 MB/s)
[2026-09-03T23:53:19.530Z] [INFO] Downloading from central: https://repo.maven.apache.org/maven2/org/awaitility/awaitility/4.2.1/awaitility-4.2.1.pom
[2026-09-03T23:53:19.782Z] [INFO] Downloaded from central: https://repo.maven.apache.org/maven2/org/awaitility/awaitility/4.2.1/awaitility-4.2.1.pom (3.5 kB at 89 kB/s)
[2026-09-03T23:53:19.782Z] [INFO] Downloading from central: https://repo.maven.apache.org/maven2/org/awaitility/awaitility-parent/4.2.1/awaitility-parent-4.2.1.pom
[2026-09-03T23:53:19.782Z] [INFO] Downloaded from central: https://repo.maven.apache.org/maven2/org/awaitility/awaitility-parent/4.2.1/awaitility-parent-4.2.1.pom (11 kB at 302 kB/s)
[2026-09-03T23:53:19.782Z] [INFO] Downloading from central: https://repo.maven.apache.org/maven2/org/sonatype/oss/oss-parent/9/oss-parent-9.pom
[2026-09-03T23:53:19.782Z] [INFO] Downloaded from central: https://repo.maven.apache.org/maven2/org/sonatype/oss/oss-parent/9/oss-parent-9.pom (6.6 kB at 182 kB/s)
[2026-09-03T23:53:19.782Z] [INFO] Downloading from central: https://repo.maven.apache.org/maven2/org/hamcrest/hamcrest/2.2/hamcrest-2.2.pom
[2026-09-03T23:53:19.782Z] [INFO] Downloaded from central: https://repo.maven.apache.org/maven2/org/hamcrest/hamcrest/2.2/hamcrest-2.2.pom (1.1 kB at 31 kB/s)
[2026-09-03T23:53:19.782Z] [INFO] Downloading from central: https://repo.maven.apache.org/maven2/org/junit/jupiter/junit-jupiter/5.10.2/junit-jupiter-5.10.2.pom
[2026-09-03T23:53:19.782Z] [INFO] Downloaded from central: https://repo.maven.apache.org/maven2/org/junit/jupiter/junit-jupiter/5.10.2/junit-jupiter-5.10.2.pom (3.2 kB at 92 kB/s)
[2026-09-03T23:53:19.782Z] [INFO] Downloading from central: https://repo.maven.apache.org/maven2/org/junit/jupiter/junit-jupiter-api/5.10.2/junit-jupiter-api-5.10.2.pom
[2026-09-03T23:53:19.782Z] [INFO] Downloaded from central: https://repo.maven.apache.org/maven2/org/junit/jupiter/junit-jupiter-api/5.10.2/junit-jupiter-api-5.10.2.pom (3.2 kB at 88 kB/s)
[2026-09-03T23:53:19.782Z] [INFO] Downloading from central: https://repo.maven.apache.org/maven2/org/opentest4j/opentest4j/1.3.0/opentest4j-1.3.0.pom
[2026-09-03T23:53:20.033Z] [INFO] Downloaded from central: https://repo.maven.apache.org/maven2/org/opentest4j/opentest4j/1.3.0/opentest4j-1.3.0.pom (2.0 kB at 57 kB/s)
[2026-09-03T23:53:20.033Z] [INFO] Downloading from central: https://repo.maven.apache.org/maven2/org/junit/platform/junit-platform-commons/1.10.2/junit-platform-commons-1.10.2.pom
[2026-09-03T23:53:20.033Z] [INFO] Downloaded from central: https://repo.maven.apache.org/maven2/org/junit/platform/junit-platform-commons/1.10.2/junit-platform-commons-1.10.2.pom (2.8 kB at 77 kB/s)
[2026-09-03T23:53:20.033Z] [INFO] Downloading from central: https://repo.maven.apache.org/maven2/org/apiguardian/apiguardian-api/1.1.2/apiguardian-api-1.1.2.pom
[2026-09-03T23:53:20.033Z] [INFO] Downloaded from central: https://repo.maven.apache.org/maven2/org/apiguardian/apiguardian-api/1.1.2/apiguardian-api-1.1.2.pom (1.5 kB at 48 kB/s)
[2026-09-03T23:53:20.033Z] [INFO] Downloading from central: https://repo.maven.apache.org/maven2/org/junit/jupiter/junit-jupiter-params/5.10.2/junit-jupiter-params-5.10.2.pom
[2026-09-03T23:53:20.033Z] [INFO] Downloaded from central: https://repo.maven.apache.org/maven2/org/junit/jupiter/junit-jupiter-params/5.10.2/junit-jupiter-params-5.10.2.pom (3.0 kB at 84 kB/s)
[2026-09-03T23:53:20.033Z] [INFO] Downloading from central: https://repo.maven.apache.org/maven2/org/junit/jupiter/junit-jupiter-engine/5.10.2/junit-jupiter-engine-5.10.2.pom
[2026-09-03T23:53:20.033Z] [INFO] Downloaded from central: https://repo.maven.apache.org/maven2/org/junit/jupiter/junit-jupiter-engine/5.10.2/junit-jupiter-engine-5.10.2.pom (3.2 kB at 82 kB/s)
[2026-09-03T23:53:20.033Z] [INFO] Downloading from central: https://repo.maven.apache.org/maven2/org/junit/platform/junit-platform-engine/1.10.2/junit-platform-engine-1.10.2.pom
[2026-09-03T23:53:20.033Z] [INFO] Downloaded from central: https://repo.maven.apache.org/maven2/org/junit/platform/junit-platform-engine/1.10.2/junit-platform-engine-1.10.2.pom (3.2 kB at 87 kB/s)
[2026-09-03T23:53:20.033Z] [INFO] Downloading from central: https://repo.maven.apache.org/maven2/org/mockito/mockito-core/5.7.0/mockito-core-5.7.0.pom
[2026-09-03T23:53:20.294Z] [INFO] Downloaded from central: https://repo.maven.apache.org/maven2/org/mockito/mockito-core/5.7.0/mockito-core-5.7.0.pom (2.5 kB at 57 kB/s)
[2026-09-03T23:53:20.294Z] [INFO] Downloading from central: https://repo.maven.apache.org/maven2/net/bytebuddy/byte-buddy-agent/1.14.13/byte-buddy-agent-1.14.13.pom
[2026-09-03T23:53:20.294Z] [INFO] Downloaded from central: https://repo.maven.apache.org/maven2/net/bytebuddy/byte-buddy-agent/1.14.13/byte-buddy-agent-1.14.13.pom (10 kB at 262 kB/s)
[2026-09-03T23:53:20.294Z] [INFO] Downloading from central: https://repo.maven.apache.org/maven2/org/objenesis/objenesis/3.3/objenesis-3.3.pom
[2026-09-03T23:53:20.294Z] [INFO] Downloaded from central: https://repo.maven.apache.org/maven2/org/objenesis/objenesis/3.3/objenesis-3.3.pom (3.0 kB at 73 kB/s)
[2026-09-03T23:53:20.294Z] [INFO] Downloading from central: https://repo.maven.apache.org/maven2/org/objenesis/objenesis-parent/3.3/objenesis-parent-3.3.pom
[2026-09-03T23:53:20.294Z] [INFO] Downloaded from central: https://repo.maven.apache.org/maven2/org/objenesis/objenesis-parent/3.3/objenesis-parent-3.3.pom (19 kB at 518 kB/s)
[2026-09-03T23:53:20.294Z] [INFO] Downloading from central: https://repo.maven.apache.org/maven2/org/mockito/mockito-junit-jupiter/5.7.0/mockito-junit-jupiter-5.7.0.pom
[2026-09-03T23:53:20.294Z] [INFO] Downloaded from central: https://repo.maven.apache.org/maven2/org/mockito/mockito-junit-jupiter/5.7.0/mockito-junit-jupiter-5.7.0.pom (2.3 kB at 65 kB/s)
[2026-09-03T23:53:20.294Z] [INFO] Downloading from central: https://repo.maven.apache.org/maven2/org/skyscreamer/jsonassert/1.5.1/jsonassert-1.5.1.pom
[2026-09-03T23:53:20.547Z] [INFO] Downloaded from central: https://repo.maven.apache.org/maven2/org/skyscreamer/jsonassert/1.5.1/jsonassert-1.5.1.pom (5.2 kB at 110 kB/s)
[2026-09-03T23:53:20.547Z] [INFO] Downloading from central: https://repo.maven.apache.org/maven2/com/vaadin/external/google/android-json/0.0.20131108.vaadin1/android-json-0.0.20131108.vaadin1.pom
[2026-09-03T23:53:20.547Z] [INFO] Downloaded from central: https://repo.maven.apache.org/maven2/com/vaadin/external/google/android-json/0.0.20131108.vaadin1/android-json-0.0.20131108.vaadin1.pom (2.8 kB at 68 kB/s)
[2026-09-03T23:53:20.547Z] [INFO] Downloading from central: https://repo.maven.apache.org/maven2/org/springframework/spring-test/6.1.6/spring-test-6.1.6.pom
[2026-09-03T23:53:20.547Z] [INFO] Downloaded from central: https://repo.maven.apache.org/maven2/org/springframework/spring-test/6.1.6/spring-test-6.1.6.pom (2.0 kB at 54 kB/s)
[2026-09-03T23:53:20.547Z] [INFO] Downloading from central: https://repo.maven.apache.org/maven2/org/xmlunit/xmlunit-core/2.9.1/xmlunit-core-2.9.1.pom
[2026-09-03T23:53:20.547Z] [INFO] Downloaded from central: https://repo.maven.apache.org/maven2/org/xmlunit/xmlunit-core/2.9.1/xmlunit-core-2.9.1.pom (2.4 kB at 62 kB/s)
[2026-09-03T23:53:20.547Z] [INFO] Downloading from central: https://repo.maven.apache.org/maven2/org/xmlunit/xmlunit-parent/2.9.1/xmlunit-parent-2.9.1.pom
[2026-09-03T23:53:20.547Z] [INFO] Downloaded from central: https://repo.maven.apache.org/maven2/org/xmlunit/xmlunit-parent/2.9.1/xmlunit-parent-2.9.1.pom (21 kB at 452 kB/s)
[2026-09-03T23:53:20.547Z] [INFO] Downloading from central: https://repo.maven.apache.org/maven2/org/apache/logging/log4j/log4j-core/2.14.1/log4j-core-2.14.1.pom
[2026-09-03T23:53:20.798Z] [INFO] Downloaded from central: https://repo.maven.apache.org/maven2/org/apache/logging/log4j/log4j-core/2.14.1/log4j-core-2.14.1.pom (23 kB at 474 kB/s)
[2026-09-03T23:53:20.798Z] [INFO] Downloading from central: https://repo.maven.apache.org/maven2/org/apache/logging/log4j/log4j/2.14.1/log4j-2.14.1.pom
[2026-09-03T23:53:20.798Z] [INFO] Downloaded from central: https://repo.maven.apache.org/maven2/org/apache/logging/log4j/log4j/2.14.1/log4j-2.14.1.pom (68 kB at 1.3 MB/s)
[2026-09-03T23:53:20.798Z] [INFO] Downloading from central: https://repo.maven.apache.org/maven2/org/apache/logging/logging-parent/3/logging-parent-3.pom
[2026-09-03T23:53:20.798Z] [INFO] Downloaded from central: https://repo.maven.apache.org/maven2/org/apache/logging/logging-parent/3/logging-parent-3.pom (3.1 kB at 83 kB/s)
[2026-09-03T23:53:20.798Z] [INFO] Downloading from central: https://repo.maven.apache.org/maven2/org/apache/apache/23/apache-23.pom
[2026-09-03T23:53:20.798Z] [INFO] Downloaded from central: https://repo.maven.apache.org/maven2/org/apache/apache/23/apache-23.pom (18 kB at 361 kB/s)
[2026-09-03T23:53:21.063Z] [INFO] Downloading from central: https://repo.maven.apache.org/maven2/org/springframework/boot/spring-boot/3.2.5/spring-boot-3.2.5.jar
[2026-09-03T23:53:21.315Z] [INFO] Downloaded from central: https://repo.maven.apache.org/maven2/org/springframework/boot/spring-boot/3.2.5/spring-boot-3.2.5.jar (1.6 MB at 4.4 MB/s)
[2026-09-03T23:53:21.315Z] [INFO] Downloading from central: https://repo.maven.apache.org/maven2/org/slf4j/jul-to-slf4j/2.0.13/jul-to-slf4j-2.0.13.jar
[2026-09-03T23:53:21.315Z] [INFO] Downloading from central: https://repo.maven.apache.org/maven2/org/springframework/boot/spring-boot-autoconfigure/3.2.5/spring-boot-autoconfigure-3.2.5.jar
[2026-09-03T23:53:21.315Z] [INFO] Downloading from central: https://repo.maven.apache.org/maven2/jakarta/annotation/jakarta.annotation-api/2.1.1/jakarta.annotation-api-2.1.1.jar
[2026-09-03T23:53:21.575Z] [INFO] Downloading from central: https://repo.maven.apache.org/maven2/org/yaml/snakeyaml/2.2/snakeyaml-2.2.jar
[2026-09-03T23:53:21.575Z] [INFO] Downloading from central: https://repo.maven.apache.org/maven2/ch/qos/logback/logback-core/1.4.14/logback-core-1.4.14.jar
[2026-09-03T23:53:21.575Z] [INFO] Downloaded from central: https://repo.maven.apache.org/maven2/org/slf4j/jul-to-slf4j/2.0.13/jul-to-slf4j-2.0.13.jar (6.3 kB at 45 kB/s)
[2026-09-03T23:53:21.575Z] [INFO] Downloading from central: https://repo.maven.apache.org/maven2/org/springframework/boot/spring-boot-starter-json/3.2.5/spring-boot-starter-json-3.2.5.jar
[2026-09-03T23:53:21.575Z] [INFO] Downloaded from central: https://repo.maven.apache.org/maven2/org/springframework/boot/spring-boot-starter-json/3.2.5/spring-boot-starter-json-3.2.5.jar (4.7 kB at 24 kB/s)
[2026-09-03T23:53:21.575Z] [INFO] Downloading from central: https://repo.maven.apache.org/maven2/com/fasterxml/jackson/core/jackson-databind/2.15.4/jackson-databind-2.15.4.jar
[2026-09-03T23:53:21.575Z] [INFO] Downloaded from central: https://repo.maven.apache.org/maven2/jakarta/annotation/jakarta.annotation-api/2.1.1/jakarta.annotation-api-2.1.1.jar (26 kB at 113 kB/s)
[2026-09-03T23:53:21.575Z] [INFO] Downloading from central: https://repo.maven.apache.org/maven2/com/fasterxml/jackson/core/jackson-annotations/2.15.4/jackson-annotations-2.15.4.jar
[2026-09-03T23:53:21.842Z] [INFO] Downloaded from central: https://repo.maven.apache.org/maven2/com/fasterxml/jackson/core/jackson-annotations/2.15.4/jackson-annotations-2.15.4.jar (76 kB at 265 kB/s)
[2026-09-03T23:53:21.842Z] [INFO] Downloading from central: https://repo.maven.apache.org/maven2/com/fasterxml/jackson/core/jackson-core/2.15.4/jackson-core-2.15.4.jar
[2026-09-03T23:53:21.842Z] [INFO] Downloaded from central: https://repo.maven.apache.org/maven2/org/yaml/snakeyaml/2.2/snakeyaml-2.2.jar (334 kB at 953 kB/s)
[2026-09-03T23:53:21.842Z] [INFO] Downloading from central: https://repo.maven.apache.org/maven2/com/fasterxml/jackson/datatype/jackson-datatype-jdk8/2.15.4/jackson-datatype-jdk8-2.15.4.jar
[2026-09-03T23:53:21.842Z] [INFO] Downloaded from central: https://repo.maven.apache.org/maven2/com/fasterxml/jackson/datatype/jackson-datatype-jdk8/2.15.4/jackson-datatype-jdk8-2.15.4.jar (36 kB at 90 kB/s)
[2026-09-03T23:53:21.842Z] [INFO] Downloading from central: https://repo.maven.apache.org/maven2/com/fasterxml/jackson/datatype/jackson-datatype-jsr310/2.15.4/jackson-datatype-jsr310-2.15.4.jar
[2026-09-03T23:53:21.842Z] [INFO] Downloaded from central: https://repo.maven.apache.org/maven2/ch/qos/logback/logback-core/1.4.14/logback-core-1.4.14.jar (597 kB at 1.2 MB/s)
[2026-09-03T23:53:21.842Z] [INFO] Downloading from central: https://repo.maven.apache.org/maven2/com/fasterxml/jackson/module/jackson-module-parameter-names/2.15.4/jackson-module-parameter-names-2.15.4.jar
[2026-09-03T23:53:21.842Z] [INFO] Downloaded from central: https://repo.maven.apache.org/maven2/com/fasterxml/jackson/datatype/jackson-datatype-jsr310/2.15.4/jackson-datatype-jsr310-2.15.4.jar (123 kB at 249 kB/s)
[2026-09-03T23:53:21.842Z] [INFO] Downloading from central: https://repo.maven.apache.org/maven2/org/springframework/boot/spring-boot-starter-tomcat/3.2.5/spring-boot-starter-tomcat-3.2.5.jar
[2026-09-03T23:53:22.092Z] [INFO] Downloaded from central: https://repo.maven.apache.org/maven2/com/fasterxml/jackson/core/jackson-core/2.15.4/jackson-core-2.15.4.jar (548 kB at 1.0 MB/s)
[2026-09-03T23:53:22.092Z] [INFO] Downloading from central: https://repo.maven.apache.org/maven2/org/apache/tomcat/embed/tomcat-embed-core/10.1.59/tomcat-embed-core-10.1.59.jar
[2026-09-03T23:53:22.092Z] [INFO] Downloaded from central: https://repo.maven.apache.org/maven2/com/fasterxml/jackson/module/jackson-module-parameter-names/2.15.4/jackson-module-parameter-names-2.15.4.jar (10 kB at 19 kB/s)
[2026-09-03T23:53:22.092Z] [INFO] Downloading from central: https://repo.maven.apache.org/maven2/org/apache/tomcat/embed/tomcat-embed-el/10.1.59/tomcat-embed-el-10.1.59.jar
[2026-09-03T23:53:22.092Z] [INFO] Downloaded from central: https://repo.maven.apache.org/maven2/org/springframework/boot/spring-boot-starter-tomcat/3.2.5/spring-boot-starter-tomcat-3.2.5.jar (4.8 kB at 8.4 kB/s)
[2026-09-03T23:53:22.092Z] [INFO] Downloading from central: https://repo.maven.apache.org/maven2/org/apache/tomcat/embed/tomcat-embed-websocket/10.1.59/tomcat-embed-websocket-10.1.59.jar
[2026-09-03T23:53:22.092Z] [INFO] Downloaded from central: https://repo.maven.apache.org/maven2/org/apache/tomcat/embed/tomcat-embed-websocket/10.1.59/tomcat-embed-websocket-10.1.59.jar (287 kB at 420 kB/s)
[2026-09-03T23:53:22.092Z] [INFO] Downloading from central: https://repo.maven.apache.org/maven2/org/springframework/spring-web/6.1.6/spring-web-6.1.6.jar
[2026-09-03T23:53:22.092Z] [INFO] Downloaded from central: https://repo.maven.apache.org/maven2/org/apache/tomcat/embed/tomcat-embed-el/10.1.59/tomcat-embed-el-10.1.59.jar (266 kB at 381 kB/s)
[2026-09-03T23:53:22.092Z] [INFO] Downloading from central: https://repo.maven.apache.org/maven2/org/springframework/spring-beans/6.1.6/spring-beans-6.1.6.jar
[2026-09-03T23:53:22.092Z] [INFO] Downloaded from central: https://repo.maven.apache.org/maven2/org/springframework/boot/spring-boot-autoconfigure/3.2.5/spring-boot-autoconfigure-3.2.5.jar (1.9 MB at 2.4 MB/s)
[2026-09-03T23:53:22.344Z] [INFO] Downloading from central: https://repo.maven.apache.org/maven2/io/micrometer/micrometer-observation/1.12.5/micrometer-observation-1.12.5.jar
[2026-09-03T23:53:22.344Z] [INFO] Downloaded from central: https://repo.maven.apache.org/maven2/com/fasterxml/jackson/core/jackson-databind/2.15.4/jackson-databind-2.15.4.jar (1.6 MB at 1.9 MB/s)
[2026-09-03T23:53:22.344Z] [INFO] Downloaded from central: https://repo.maven.apache.org/maven2/io/micrometer/micrometer-observation/1.12.5/micrometer-observation-1.12.5.jar (72 kB at 85 kB/s)
[2026-09-03T23:53:22.344Z] [INFO] Downloading from central: https://repo.maven.apache.org/maven2/io/micrometer/micrometer-commons/1.12.5/micrometer-commons-1.12.5.jar
[2026-09-03T23:53:22.344Z] [INFO] Downloading from central: https://repo.maven.apache.org/maven2/org/springframework/spring-webmvc/6.1.6/spring-webmvc-6.1.6.jar
[2026-09-03T23:53:22.344Z] [INFO] Downloaded from central: https://repo.maven.apache.org/maven2/io/micrometer/micrometer-commons/1.12.5/micrometer-commons-1.12.5.jar (47 kB at 50 kB/s)
[2026-09-03T23:53:22.344Z] [INFO] Downloading from central: https://repo.maven.apache.org/maven2/org/springframework/spring-aop/6.1.6/spring-aop-6.1.6.jar
[2026-09-03T23:53:22.344Z] [INFO] Downloaded from central: https://repo.maven.apache.org/maven2/org/springframework/spring-beans/6.1.6/spring-beans-6.1.6.jar (858 kB at 853 kB/s)
[2026-09-03T23:53:22.344Z] [INFO] Downloading from central: https://repo.maven.apache.org/maven2/org/springframework/spring-context/6.1.6/spring-context-6.1.6.jar
[2026-09-03T23:53:22.602Z] [INFO] Downloaded from central: https://repo.maven.apache.org/maven2/org/springframework/spring-aop/6.1.6/spring-aop-6.1.6.jar (416 kB at 394 kB/s)
[2026-09-03T23:53:22.602Z] [INFO] Downloading from central: https://repo.maven.apache.org/maven2/org/springframework/spring-expression/6.1.6/spring-expression-6.1.6.jar
[2026-09-03T23:53:22.602Z] [INFO] Downloaded from central: https://repo.maven.apache.org/maven2/org/springframework/spring-webmvc/6.1.6/spring-webmvc-6.1.6.jar (1.0 MB at 927 kB/s)
[2026-09-03T23:53:22.602Z] [INFO] Downloading from central: https://repo.maven.apache.org/maven2/org/springframework/boot/spring-boot-starter-test/3.2.5/spring-boot-starter-test-3.2.5.jar
[2026-09-03T23:53:22.602Z] [INFO] Downloaded from central: https://repo.maven.apache.org/maven2/org/springframework/spring-expression/6.1.6/spring-expression-6.1.6.jar (303 kB at 267 kB/s)
[2026-09-03T23:53:22.602Z] [INFO] Downloading from central: https://repo.maven.apache.org/maven2/org/springframework/boot/spring-boot-test/3.2.5/spring-boot-test-3.2.5.jar
[2026-09-03T23:53:22.602Z] [INFO] Downloaded from central: https://repo.maven.apache.org/maven2/org/apache/tomcat/embed/tomcat-embed-core/10.1.59/tomcat-embed-core-10.1.59.jar (3.7 MB at 3.3 MB/s)
[2026-09-03T23:53:22.602Z] [INFO] Downloading from central: https://repo.maven.apache.org/maven2/org/springframework/boot/spring-boot-test-autoconfigure/3.2.5/spring-boot-test-autoconfigure-3.2.5.jar
[2026-09-03T23:53:22.602Z] [INFO] Downloaded from central: https://repo.maven.apache.org/maven2/org/springframework/spring-web/6.1.6/spring-web-6.1.6.jar (1.9 MB at 1.7 MB/s)
[2026-09-03T23:53:22.602Z] [INFO] Downloading from central: https://repo.maven.apache.org/maven2/com/jayway/jsonpath/json-path/2.9.0/json-path-2.9.0.jar
[2026-09-03T23:53:22.602Z] [INFO] Downloaded from central: https://repo.maven.apache.org/maven2/org/springframework/spring-context/6.1.6/spring-context-6.1.6.jar (1.3 MB at 1.1 MB/s)
[2026-09-03T23:53:22.602Z] [INFO] Downloading from central: https://repo.maven.apache.org/maven2/org/slf4j/slf4j-api/2.0.13/slf4j-api-2.0.13.jar
[2026-09-03T23:53:22.602Z] [INFO] Downloaded from central: https://repo.maven.apache.org/maven2/org/springframework/boot/spring-boot-starter-test/3.2.5/spring-boot-starter-test-3.2.5.jar (4.8 kB at 4.1 kB/s)
[2026-09-03T23:53:22.602Z] [INFO] Downloading from central: https://repo.maven.apache.org/maven2/jakarta/xml/bind/jakarta.xml.bind-api/4.0.2/jakarta.xml.bind-api-4.0.2.jar
[2026-09-03T23:53:22.602Z] [INFO] Downloaded from central: https://repo.maven.apache.org/maven2/org/springframework/boot/spring-boot-test-autoconfigure/3.2.5/spring-boot-test-autoconfigure-3.2.5.jar (219 kB at 184 kB/s)
[2026-09-03T23:53:22.602Z] [INFO] Downloading from central: https://repo.maven.apache.org/maven2/jakarta/activation/jakarta.activation-api/2.1.3/jakarta.activation-api-2.1.3.jar
[2026-09-03T23:53:22.602Z] [INFO] Downloaded from central: https://repo.maven.apache.org/maven2/org/springframework/boot/spring-boot-test/3.2.5/spring-boot-test-3.2.5.jar (246 kB at 205 kB/s)
[2026-09-03T23:53:22.602Z] [INFO] Downloading from central: https://repo.maven.apache.org/maven2/net/minidev/json-smart/2.5.1/json-smart-2.5.1.jar
[2026-09-03T23:53:22.602Z] [INFO] Downloaded from central: https://repo.maven.apache.org/maven2/org/slf4j/slf4j-api/2.0.13/slf4j-api-2.0.13.jar (69 kB at 56 kB/s)
[2026-09-03T23:53:22.602Z] [INFO] Downloaded from central: https://repo.maven.apache.org/maven2/jakarta/xml/bind/jakarta.xml.bind-api/4.0.2/jakarta.xml.bind-api-4.0.2.jar (131 kB at 107 kB/s)
[2026-09-03T23:53:22.602Z] [INFO] Downloading from central: https://repo.maven.apache.org/maven2/net/minidev/accessors-smart/2.5.1/accessors-smart-2.5.1.jar
[2026-09-03T23:53:22.602Z] [INFO] Downloaded from central: https://repo.maven.apache.org/maven2/com/jayway/jsonpath/json-path/2.9.0/json-path-2.9.0.jar (277 kB at 225 kB/s)
[2026-09-03T23:53:22.602Z] [INFO] Downloading from central: https://repo.maven.apache.org/maven2/org/ow2/asm/asm/9.6/asm-9.6.jar
[2026-09-03T23:53:22.602Z] [INFO] Downloading from central: https://repo.maven.apache.org/maven2/org/assertj/assertj-core/3.24.2/assertj-core-3.24.2.jar
[2026-09-03T23:53:22.602Z] [INFO] Downloaded from central: https://repo.maven.apache.org/maven2/jakarta/activation/jakarta.activation-api/2.1.3/jakarta.activation-api-2.1.3.jar (67 kB at 53 kB/s)
[2026-09-03T23:53:22.602Z] [INFO] Downloading from central: https://repo.maven.apache.org/maven2/net/bytebuddy/byte-buddy/1.14.13/byte-buddy-1.14.13.jar
[2026-09-03T23:53:22.602Z] [INFO] Downloaded from central: https://repo.maven.apache.org/maven2/net/minidev/json-smart/2.5.1/json-smart-2.5.1.jar (122 kB at 97 kB/s)
[2026-09-03T23:53:22.602Z] [INFO] Downloading from central: https://repo.maven.apache.org/maven2/org/awaitility/awaitility/4.2.1/awaitility-4.2.1.jar
[2026-09-03T23:53:22.602Z] [INFO] Downloaded from central: https://repo.maven.apache.org/maven2/org/ow2/asm/asm/9.6/asm-9.6.jar (124 kB at 98 kB/s)
[2026-09-03T23:53:22.602Z] [INFO] Downloading from central: https://repo.maven.apache.org/maven2/org/hamcrest/hamcrest/2.2/hamcrest-2.2.jar
[2026-09-03T23:53:22.602Z] [INFO] Downloaded from central: https://repo.maven.apache.org/maven2/net/minidev/accessors-smart/2.5.1/accessors-smart-2.5.1.jar (30 kB at 24 kB/s)
[2026-09-03T23:53:22.602Z] [INFO] Downloading from central: https://repo.maven.apache.org/maven2/org/junit/jupiter/junit-jupiter/5.10.2/junit-jupiter-5.10.2.jar
[2026-09-03T23:53:22.857Z] [INFO] Downloaded from central: https://repo.maven.apache.org/maven2/org/awaitility/awaitility/4.2.1/awaitility-4.2.1.jar (97 kB at 74 kB/s)
[2026-09-03T23:53:22.857Z] [INFO] Downloading from central: https://repo.maven.apache.org/maven2/org/junit/jupiter/junit-jupiter-api/5.10.2/junit-jupiter-api-5.10.2.jar
[2026-09-03T23:53:22.857Z] [INFO] Downloaded from central: https://repo.maven.apache.org/maven2/org/junit/jupiter/junit-jupiter/5.10.2/junit-jupiter-5.10.2.jar (6.4 kB at 4.8 kB/s)
[2026-09-03T23:53:22.857Z] [INFO] Downloading from central: https://repo.maven.apache.org/maven2/org/opentest4j/opentest4j/1.3.0/opentest4j-1.3.0.jar
[2026-09-03T23:53:22.857Z] [INFO] Downloaded from central: https://repo.maven.apache.org/maven2/org/hamcrest/hamcrest/2.2/hamcrest-2.2.jar (123 kB at 91 kB/s)
[2026-09-03T23:53:22.857Z] [INFO] Downloading from central: https://repo.maven.apache.org/maven2/org/junit/platform/junit-platform-commons/1.10.2/junit-platform-commons-1.10.2.jar
[2026-09-03T23:53:22.857Z] [INFO] Downloaded from central: https://repo.maven.apache.org/maven2/org/junit/jupiter/junit-jupiter-api/5.10.2/junit-jupiter-api-5.10.2.jar (211 kB at 153 kB/s)
[2026-09-03T23:53:22.857Z] [INFO] Downloaded from central: https://repo.maven.apache.org/maven2/org/opentest4j/opentest4j/1.3.0/opentest4j-1.3.0.jar (14 kB at 10 kB/s)
[2026-09-03T23:53:22.857Z] [INFO] Downloading from central: https://repo.maven.apache.org/maven2/org/apiguardian/apiguardian-api/1.1.2/apiguardian-api-1.1.2.jar
[2026-09-03T23:53:22.857Z] [INFO] Downloading from central: https://repo.maven.apache.org/maven2/org/junit/jupiter/junit-jupiter-params/5.10.2/junit-jupiter-params-5.10.2.jar
[2026-09-03T23:53:22.857Z] [INFO] Downloaded from central: https://repo.maven.apache.org/maven2/org/assertj/assertj-core/3.24.2/assertj-core-3.24.2.jar (1.3 MB at 969 kB/s)
[2026-09-03T23:53:22.857Z] [INFO] Downloading from central: https://repo.maven.apache.org/maven2/org/junit/jupiter/junit-jupiter-engine/5.10.2/junit-jupiter-engine-5.10.2.jar
[2026-09-03T23:53:22.857Z] [INFO] Downloaded from central: https://repo.maven.apache.org/maven2/org/junit/platform/junit-platform-commons/1.10.2/junit-platform-commons-1.10.2.jar (106 kB at 76 kB/s)
[2026-09-03T23:53:22.857Z] [INFO] Downloading from central: https://repo.maven.apache.org/maven2/org/junit/platform/junit-platform-engine/1.10.2/junit-platform-engine-1.10.2.jar
[2026-09-03T23:53:22.857Z] [INFO] Downloaded from central: https://repo.maven.apache.org/maven2/org/apiguardian/apiguardian-api/1.1.2/apiguardian-api-1.1.2.jar (6.8 kB at 4.8 kB/s)
[2026-09-03T23:53:22.857Z] [INFO] Downloading from central: https://repo.maven.apache.org/maven2/org/mockito/mockito-core/5.7.0/mockito-core-5.7.0.jar
[2026-09-03T23:53:22.857Z] [INFO] Downloaded from central: https://repo.maven.apache.org/maven2/org/junit/jupiter/junit-jupiter-params/5.10.2/junit-jupiter-params-5.10.2.jar (586 kB at 405 kB/s)
[2026-09-03T23:53:22.857Z] [INFO] Downloading from central: https://repo.maven.apache.org/maven2/net/bytebuddy/byte-buddy-agent/1.14.13/byte-buddy-agent-1.14.13.jar
[2026-09-03T23:53:22.857Z] [INFO] Downloaded from central: https://repo.maven.apache.org/maven2/org/junit/platform/junit-platform-engine/1.10.2/junit-platform-engine-1.10.2.jar (205 kB at 141 kB/s)
[2026-09-03T23:53:22.857Z] [INFO] Downloading from central: https://repo.maven.apache.org/maven2/org/objenesis/objenesis/3.3/objenesis-3.3.jar
[2026-09-03T23:53:22.857Z] [INFO] Downloaded from central: https://repo.maven.apache.org/maven2/org/junit/jupiter/junit-jupiter-engine/5.10.2/junit-jupiter-engine-5.10.2.jar (245 kB at 168 kB/s)
[2026-09-03T23:53:22.857Z] [INFO] Downloading from central: https://repo.maven.apache.org/maven2/org/mockito/mockito-junit-jupiter/5.7.0/mockito-junit-jupiter-5.7.0.jar
[2026-09-03T23:53:22.857Z] [INFO] Downloaded from central: https://repo.maven.apache.org/maven2/org/mockito/mockito-junit-jupiter/5.7.0/mockito-junit-jupiter-5.7.0.jar (8.8 kB at 5.9 kB/s)
[2026-09-03T23:53:22.857Z] [INFO] Downloading from central: https://repo.maven.apache.org/maven2/org/skyscreamer/jsonassert/1.5.1/jsonassert-1.5.1.jar
[2026-09-03T23:53:22.857Z] [INFO] Downloaded from central: https://repo.maven.apache.org/maven2/net/bytebuddy/byte-buddy-agent/1.14.13/byte-buddy-agent-1.14.13.jar (257 kB at 171 kB/s)
[2026-09-03T23:53:22.857Z] [INFO] Downloaded from central: https://repo.maven.apache.org/maven2/org/objenesis/objenesis/3.3/objenesis-3.3.jar (49 kB at 33 kB/s)
[2026-09-03T23:53:22.857Z] [INFO] Downloading from central: https://repo.maven.apache.org/maven2/org/springframework/spring-core/6.1.6/spring-core-6.1.6.jar
[2026-09-03T23:53:22.857Z] [INFO] Downloaded from central: https://repo.maven.apache.org/maven2/org/mockito/mockito-core/5.7.0/mockito-core-5.7.0.jar (700 kB at 465 kB/s)
[2026-09-03T23:53:22.858Z] [INFO] Downloading from central: https://repo.maven.apache.org/maven2/org/springframework/spring-jcl/6.1.6/spring-jcl-6.1.6.jar
[2026-09-03T23:53:22.858Z] [INFO] Downloading from central: https://repo.maven.apache.org/maven2/com/vaadin/external/google/android-json/0.0.20131108.vaadin1/android-json-0.0.20131108.vaadin1.jar
[2026-09-03T23:53:23.109Z] [INFO] Downloaded from central: https://repo.maven.apache.org/maven2/com/vaadin/external/google/android-json/0.0.20131108.vaadin1/android-json-0.0.20131108.vaadin1.jar (18 kB at 12 kB/s)
[2026-09-03T23:53:23.109Z] [INFO] Downloading from central: https://repo.maven.apache.org/maven2/org/springframework/spring-test/6.1.6/spring-test-6.1.6.jar
[2026-09-03T23:53:23.109Z] [INFO] Downloaded from central: https://repo.maven.apache.org/maven2/org/skyscreamer/jsonassert/1.5.1/jsonassert-1.5.1.jar (31 kB at 20 kB/s)
[2026-09-03T23:53:23.109Z] [INFO] Downloading from central: https://repo.maven.apache.org/maven2/org/xmlunit/xmlunit-core/2.9.1/xmlunit-core-2.9.1.jar
[2026-09-03T23:53:23.109Z] [INFO] Downloaded from central: https://repo.maven.apache.org/maven2/org/springframework/spring-jcl/6.1.6/spring-jcl-6.1.6.jar (25 kB at 16 kB/s)
[2026-09-03T23:53:23.109Z] [INFO] Downloading from central: https://repo.maven.apache.org/maven2/org/apache/logging/log4j/log4j-core/2.14.1/log4j-core-2.14.1.jar
[2026-09-03T23:53:23.109Z] [INFO] Downloaded from central: https://repo.maven.apache.org/maven2/org/xmlunit/xmlunit-core/2.9.1/xmlunit-core-2.9.1.jar (175 kB at 109 kB/s)
[2026-09-03T23:53:23.109Z] [INFO] Downloading from central: https://repo.maven.apache.org/maven2/org/apache/logging/log4j/log4j-api/2.21.1/log4j-api-2.21.1.jar
[2026-09-03T23:53:23.109Z] [INFO] Downloaded from central: https://repo.maven.apache.org/maven2/net/bytebuddy/byte-buddy/1.14.13/byte-buddy-1.14.13.jar (4.2 MB at 2.6 MB/s)
[2026-09-03T23:53:23.109Z] [INFO] Downloaded from central: https://repo.maven.apache.org/maven2/org/springframework/spring-test/6.1.6/spring-test-6.1.6.jar (855 kB at 524 kB/s)
[2026-09-03T23:53:23.109Z] [INFO] Downloaded from central: https://repo.maven.apache.org/maven2/org/apache/logging/log4j/log4j-api/2.21.1/log4j-api-2.21.1.jar (317 kB at 190 kB/s)
[2026-09-03T23:53:23.109Z] [INFO] Downloaded from central: https://repo.maven.apache.org/maven2/org/springframework/spring-core/6.1.6/spring-core-6.1.6.jar (1.9 MB at 1.1 MB/s)
[2026-09-03T23:53:23.109Z] [INFO] Downloaded from central: https://repo.maven.apache.org/maven2/org/apache/logging/log4j/log4j-core/2.14.1/log4j-core-2.14.1.jar (1.7 MB at 976 kB/s)
[2026-09-03T23:53:23.359Z] [INFO] 
[2026-09-03T23:53:23.359Z] [INFO] --- resources:3.3.1:resources (default-resources) @ order-service ---
[2026-09-03T23:53:23.359Z] [INFO] Downloading from central: https://repo.maven.apache.org/maven2/org/sonatype/forge/forge-parent/5/forge-parent-5.pom
[2026-09-03T23:53:23.359Z] [INFO] Downloaded from central: https://repo.maven.apache.org/maven2/org/sonatype/forge/forge-parent/5/forge-parent-5.pom (8.4 kB at 226 kB/s)
[2026-09-03T23:53:23.359Z] [INFO] Downloading from central: https://repo.maven.apache.org/maven2/org/codehaus/plexus/plexus-utils/3.5.0/plexus-utils-3.5.0.pom
[2026-09-03T23:53:23.610Z] [INFO] Downloaded from central: https://repo.maven.apache.org/maven2/org/codehaus/plexus/plexus-utils/3.5.0/plexus-utils-3.5.0.pom (8.0 kB at 250 kB/s)
[2026-09-03T23:53:23.610Z] [INFO] Downloading from central: https://repo.maven.apache.org/maven2/commons-io/commons-io/2.11.0/commons-io-2.11.0.pom
[2026-09-03T23:53:23.610Z] [INFO] Downloaded from central: https://repo.maven.apache.org/maven2/commons-io/commons-io/2.11.0/commons-io-2.11.0.pom (20 kB at 617 kB/s)
[2026-09-03T23:53:23.610Z] [INFO] Downloading from central: https://repo.maven.apache.org/maven2/org/apache/commons/commons-parent/52/commons-parent-52.pom
[2026-09-03T23:53:23.610Z] [INFO] Downloaded from central: https://repo.maven.apache.org/maven2/org/apache/commons/commons-parent/52/commons-parent-52.pom (79 kB at 2.1 MB/s)
[2026-09-03T23:53:23.610Z] [INFO] Downloading from central: https://repo.maven.apache.org/maven2/org/junit/junit-bom/5.7.2/junit-bom-5.7.2.pom
[2026-09-03T23:53:23.610Z] [INFO] Downloaded from central: https://repo.maven.apache.org/maven2/org/junit/junit-bom/5.7.2/junit-bom-5.7.2.pom (5.1 kB at 176 kB/s)
[2026-09-03T23:53:23.610Z] [INFO] Downloading from central: https://repo.maven.apache.org/maven2/org/apache/commons/commons-lang3/3.12.0/commons-lang3-3.12.0.pom
[2026-09-03T23:53:23.610Z] [INFO] Downloaded from central: https://repo.maven.apache.org/maven2/org/apache/commons/commons-lang3/3.12.0/commons-lang3-3.12.0.pom (31 kB at 852 kB/s)
[2026-09-03T23:53:23.610Z] [INFO] Downloading from central: https://repo.maven.apache.org/maven2/org/junit/junit-bom/5.7.1/junit-bom-5.7.1.pom
[2026-09-03T23:53:23.610Z] [INFO] Downloaded from central: https://repo.maven.apache.org/maven2/org/junit/junit-bom/5.7.1/junit-bom-5.7.1.pom (5.1 kB at 138 kB/s)
[2026-09-03T23:53:23.610Z] [INFO] Downloading from central: https://repo.maven.apache.org/maven2/org/codehaus/plexus/plexus-interpolation/1.26/plexus-interpolation-1.26.jar
[2026-09-03T23:53:23.861Z] [INFO] Downloaded from central: https://repo.maven.apache.org/maven2/org/codehaus/plexus/plexus-interpolation/1.26/plexus-interpolation-1.26.jar (85 kB at 2.0 MB/s)
[2026-09-03T23:53:23.861Z] [INFO] Downloading from central: https://repo.maven.apache.org/maven2/org/codehaus/plexus/plexus-utils/3.5.1/plexus-utils-3.5.1.jar
[2026-09-03T23:53:23.861Z] [INFO] Downloading from central: https://repo.maven.apache.org/maven2/org/apache/maven/shared/maven-filtering/3.3.1/maven-filtering-3.3.1.jar
[2026-09-03T23:53:23.861Z] [INFO] Downloading from central: https://repo.maven.apache.org/maven2/org/slf4j/slf4j-api/1.7.36/slf4j-api-1.7.36.jar
[2026-09-03T23:53:23.861Z] [INFO] Downloading from central: https://repo.maven.apache.org/maven2/javax/inject/javax.inject/1/javax.inject-1.jar
[2026-09-03T23:53:23.861Z] [INFO] Downloading from central: https://repo.maven.apache.org/maven2/org/sonatype/plexus/plexus-build-api/0.0.7/plexus-build-api-0.0.7.jar
[2026-09-03T23:53:23.861Z] [INFO] Downloaded from central: https://repo.maven.apache.org/maven2/javax/inject/javax.inject/1/javax.inject-1.jar (2.5 kB at 41 kB/s)
[2026-09-03T23:53:23.861Z] [INFO] Downloading from central: https://repo.maven.apache.org/maven2/commons-io/commons-io/2.11.0/commons-io-2.11.0.jar
[2026-09-03T23:53:23.861Z] [INFO] Downloaded from central: https://repo.maven.apache.org/maven2/org/slf4j/slf4j-api/1.7.36/slf4j-api-1.7.36.jar (41 kB at 643 kB/s)
[2026-09-03T23:53:23.861Z] [INFO] Downloading from central: https://repo.maven.apache.org/maven2/org/apache/commons/commons-lang3/3.12.0/commons-lang3-3.12.0.jar
[2026-09-03T23:53:23.861Z] [INFO] Downloaded from central: https://repo.maven.apache.org/maven2/org/sonatype/plexus/plexus-build-api/0.0.7/plexus-build-api-0.0.7.jar (8.5 kB at 129 kB/s)
[2026-09-03T23:53:23.861Z] [INFO] Downloaded from central: https://repo.maven.apache.org/maven2/org/codehaus/plexus/plexus-utils/3.5.1/plexus-utils-3.5.1.jar (269 kB at 3.9 MB/s)
[2026-09-03T23:53:23.861Z] [INFO] Downloaded from central: https://repo.maven.apache.org/maven2/org/apache/maven/shared/maven-filtering/3.3.1/maven-filtering-3.3.1.jar (55 kB at 764 kB/s)
[2026-09-03T23:53:23.861Z] [INFO] Downloaded from central: https://repo.maven.apache.org/maven2/commons-io/commons-io/2.11.0/commons-io-2.11.0.jar (327 kB at 3.0 MB/s)
[2026-09-03T23:53:23.861Z] [INFO] Downloaded from central: https://repo.maven.apache.org/maven2/org/apache/commons/commons-lang3/3.12.0/commons-lang3-3.12.0.jar (587 kB at 4.6 MB/s)
[2026-09-03T23:53:24.111Z] [INFO] skip non existing resourceDirectory /var/jenkins_home/workspace/ice_broken_vulnerable-dependency/src/main/resources
[2026-09-03T23:53:24.111Z] [INFO] skip non existing resourceDirectory /var/jenkins_home/workspace/ice_broken_vulnerable-dependency/src/main/resources
[2026-09-03T23:53:24.111Z] [INFO] 
[2026-09-03T23:53:24.111Z] [INFO] --- compiler:3.11.0:compile (default-compile) @ order-service ---
[2026-09-03T23:53:24.111Z] [INFO] Downloading from central: https://repo.maven.apache.org/maven2/org/apache/maven/shared/maven-shared-utils/3.3.4/maven-shared-utils-3.3.4.pom
[2026-09-03T23:53:24.111Z] [INFO] Downloaded from central: https://repo.maven.apache.org/maven2/org/apache/maven/shared/maven-shared-utils/3.3.4/maven-shared-utils-3.3.4.pom (5.8 kB at 127 kB/s)
[2026-09-03T23:53:24.111Z] [INFO] Downloading from central: https://repo.maven.apache.org/maven2/org/apache/maven/shared/maven-shared-components/34/maven-shared-components-34.pom
[2026-09-03T23:53:24.363Z] [INFO] Downloaded from central: https://repo.maven.apache.org/maven2/org/apache/maven/shared/maven-shared-components/34/maven-shared-components-34.pom (5.1 kB at 138 kB/s)
[2026-09-03T23:53:24.363Z] [INFO] Downloading from central: https://repo.maven.apache.org/maven2/org/apache/maven/maven-parent/34/maven-parent-34.pom
[2026-09-03T23:53:24.363Z] [INFO] Downloaded from central: https://repo.maven.apache.org/maven2/org/apache/maven/maven-parent/34/maven-parent-34.pom (43 kB at 931 kB/s)
[2026-09-03T23:53:24.363Z] [INFO] Downloading from central: https://repo.maven.apache.org/maven2/commons-io/commons-io/2.6/commons-io-2.6.pom
[2026-09-03T23:53:24.363Z] [INFO] Downloaded from central: https://repo.maven.apache.org/maven2/commons-io/commons-io/2.6/commons-io-2.6.pom (14 kB at 339 kB/s)
[2026-09-03T23:53:24.363Z] [INFO] Downloading from central: https://repo.maven.apache.org/maven2/org/apache/commons/commons-parent/42/commons-parent-42.pom
[2026-09-03T23:53:24.363Z] [INFO] Downloaded from central: https://repo.maven.apache.org/maven2/org/apache/commons/commons-parent/42/commons-parent-42.pom (68 kB at 1.2 MB/s)
[2026-09-03T23:53:24.363Z] [INFO] Downloading from central: https://repo.maven.apache.org/maven2/org/apache/apache/18/apache-18.pom
[2026-09-03T23:53:24.363Z] [INFO] Downloaded from central: https://repo.maven.apache.org/maven2/org/apache/apache/18/apache-18.pom (16 kB at 435 kB/s)
[2026-09-03T23:53:24.614Z] [INFO] Downloading from central: https://repo.maven.apache.org/maven2/org/apache/maven/shared/maven-shared-incremental/1.1/maven-shared-incremental-1.1.pom
[2026-09-03T23:53:24.614Z] [INFO] Downloaded from central: https://repo.maven.apache.org/maven2/org/apache/maven/shared/maven-shared-incremental/1.1/maven-shared-incremental-1.1.pom (4.7 kB at 116 kB/s)
[2026-09-03T23:53:24.614Z] [INFO] Downloading from central: https://repo.maven.apache.org/maven2/org/apache/maven/shared/maven-shared-components/19/maven-shared-components-19.pom
[2026-09-03T23:53:24.614Z] [INFO] Downloaded from central: https://repo.maven.apache.org/maven2/org/apache/maven/shared/maven-shared-components/19/maven-shared-components-19.pom (6.4 kB at 193 kB/s)
[2026-09-03T23:53:24.615Z] [INFO] Downloading from central: https://repo.maven.apache.org/maven2/org/apache/maven/maven-parent/23/maven-parent-23.pom
[2026-09-03T23:53:24.615Z] [INFO] Downloaded from central: https://repo.maven.apache.org/maven2/org/apache/maven/maven-parent/23/maven-parent-23.pom (33 kB at 679 kB/s)
[2026-09-03T23:53:24.615Z] [INFO] Downloading from central: https://repo.maven.apache.org/maven2/org/apache/apache/13/apache-13.pom
[2026-09-03T23:53:24.615Z] [INFO] Downloaded from central: https://repo.maven.apache.org/maven2/org/apache/apache/13/apache-13.pom (14 kB at 378 kB/s)
[2026-09-03T23:53:24.615Z] [INFO] Downloading from central: https://repo.maven.apache.org/maven2/org/codehaus/plexus/plexus-component-annotations/1.5.5/plexus-component-annotations-1.5.5.pom
[2026-09-03T23:53:24.615Z] [INFO] Downloaded from central: https://repo.maven.apache.org/maven2/org/codehaus/plexus/plexus-component-annotations/1.5.5/plexus-component-annotations-1.5.5.pom (815 B at 17 kB/s)
[2026-09-03T23:53:24.865Z] [INFO] Downloading from central: https://repo.maven.apache.org/maven2/org/codehaus/plexus/plexus-containers/1.5.5/plexus-containers-1.5.5.pom
[2026-09-03T23:53:24.865Z] [INFO] Downloaded from central: https://repo.maven.apache.org/maven2/org/codehaus/plexus/plexus-containers/1.5.5/plexus-containers-1.5.5.pom (4.2 kB at 109 kB/s)
[2026-09-03T23:53:24.865Z] [INFO] Downloading from central: https://repo.maven.apache.org/maven2/org/codehaus/plexus/plexus/2.0.7/plexus-2.0.7.pom
[2026-09-03T23:53:24.865Z] [INFO] Downloaded from central: https://repo.maven.apache.org/maven2/org/codehaus/plexus/plexus/2.0.7/plexus-2.0.7.pom (17 kB at 467 kB/s)
[2026-09-03T23:53:24.865Z] [INFO] Downloading from central: https://repo.maven.apache.org/maven2/org/codehaus/plexus/plexus-java/1.1.2/plexus-java-1.1.2.pom
[2026-09-03T23:53:24.865Z] [INFO] Downloaded from central: https://repo.maven.apache.org/maven2/org/codehaus/plexus/plexus-java/1.1.2/plexus-java-1.1.2.pom (5.0 kB at 138 kB/s)
[2026-09-03T23:53:24.865Z] [INFO] Downloading from central: https://repo.maven.apache.org/maven2/org/codehaus/plexus/plexus-languages/1.1.2/plexus-languages-1.1.2.pom
[2026-09-03T23:53:24.865Z] [INFO] Downloaded from central: https://repo.maven.apache.org/maven2/org/codehaus/plexus/plexus-languages/1.1.2/plexus-languages-1.1.2.pom (4.1 kB at 96 kB/s)
[2026-09-03T23:53:24.865Z] [INFO] Downloading from central: https://repo.maven.apache.org/maven2/org/ow2/asm/asm/9.4/asm-9.4.pom
[2026-09-03T23:53:24.865Z] [INFO] Downloaded from central: https://repo.maven.apache.org/maven2/org/ow2/asm/asm/9.4/asm-9.4.pom (2.4 kB at 48 kB/s)
[2026-09-03T23:53:25.116Z] [INFO] Downloading from central: https://repo.maven.apache.org/maven2/com/thoughtworks/qdox/qdox/2.0.3/qdox-2.0.3.pom
[2026-09-03T23:53:25.116Z] [INFO] Downloaded from central: https://repo.maven.apache.org/maven2/com/thoughtworks/qdox/qdox/2.0.3/qdox-2.0.3.pom (17 kB at 375 kB/s)
[2026-09-03T23:53:25.116Z] [INFO] Downloading from central: https://repo.maven.apache.org/maven2/org/codehaus/plexus/plexus-compiler-api/2.13.0/plexus-compiler-api-2.13.0.pom
[2026-09-03T23:53:25.116Z] [INFO] Downloaded from central: https://repo.maven.apache.org/maven2/org/codehaus/plexus/plexus-compiler-api/2.13.0/plexus-compiler-api-2.13.0.pom (1.1 kB at 22 kB/s)
[2026-09-03T23:53:25.116Z] [INFO] Downloading from central: https://repo.maven.apache.org/maven2/org/codehaus/plexus/plexus-compiler/2.13.0/plexus-compiler-2.13.0.pom
[2026-09-03T23:53:25.116Z] [INFO] Downloaded from central: https://repo.maven.apache.org/maven2/org/codehaus/plexus/plexus-compiler/2.13.0/plexus-compiler-2.13.0.pom (8.4 kB at 215 kB/s)
[2026-09-03T23:53:25.116Z] [INFO] Downloading from central: https://repo.maven.apache.org/maven2/org/codehaus/plexus/plexus-components/10.0/plexus-components-10.0.pom
[2026-09-03T23:53:25.116Z] [INFO] Downloaded from central: https://repo.maven.apache.org/maven2/org/codehaus/plexus/plexus-components/10.0/plexus-components-10.0.pom (2.7 kB at 74 kB/s)
[2026-09-03T23:53:25.116Z] [INFO] Downloading from central: https://repo.maven.apache.org/maven2/org/codehaus/plexus/plexus-compiler-manager/2.13.0/plexus-compiler-manager-2.13.0.pom
[2026-09-03T23:53:25.367Z] [INFO] Downloaded from central: https://repo.maven.apache.org/maven2/org/codehaus/plexus/plexus-compiler-manager/2.13.0/plexus-compiler-manager-2.13.0.pom (1.1 kB at 18 kB/s)
[2026-09-03T23:53:25.367Z] [INFO] Downloading from central: https://repo.maven.apache.org/maven2/org/codehaus/plexus/plexus-component-annotations/2.1.1/plexus-component-annotations-2.1.1.pom
[2026-09-03T23:53:25.367Z] [INFO] Downloaded from central: https://repo.maven.apache.org/maven2/org/codehaus/plexus/plexus-component-annotations/2.1.1/plexus-component-annotations-2.1.1.pom (770 B at 16 kB/s)
[2026-09-03T23:53:25.367Z] [INFO] Downloading from central: https://repo.maven.apache.org/maven2/org/codehaus/plexus/plexus-containers/2.1.1/plexus-containers-2.1.1.pom
[2026-09-03T23:53:25.367Z] [INFO] Downloaded from central: https://repo.maven.apache.org/maven2/org/codehaus/plexus/plexus-containers/2.1.1/plexus-containers-2.1.1.pom (6.0 kB at 144 kB/s)
[2026-09-03T23:53:25.367Z] [INFO] Downloading from central: https://repo.maven.apache.org/maven2/org/codehaus/plexus/plexus/6.5/plexus-6.5.pom
[2026-09-03T23:53:25.367Z] [INFO] Downloaded from central: https://repo.maven.apache.org/maven2/org/codehaus/plexus/plexus/6.5/plexus-6.5.pom (26 kB at 643 kB/s)
[2026-09-03T23:53:25.367Z] [INFO] Downloading from central: https://repo.maven.apache.org/maven2/org/codehaus/plexus/plexus-compiler-javac/2.13.0/plexus-compiler-javac-2.13.0.pom
[2026-09-03T23:53:25.619Z] [INFO] Downloaded from central: https://repo.maven.apache.org/maven2/org/codehaus/plexus/plexus-compiler-javac/2.13.0/plexus-compiler-javac-2.13.0.pom (1.2 kB at 29 kB/s)
[2026-09-03T23:53:25.619Z] [INFO] Downloading from central: https://repo.maven.apache.org/maven2/org/codehaus/plexus/plexus-compilers/2.13.0/plexus-compilers-2.13.0.pom
[2026-09-03T23:53:25.619Z] [INFO] Downloaded from central: https://repo.maven.apache.org/maven2/org/codehaus/plexus/plexus-compilers/2.13.0/plexus-compilers-2.13.0.pom (1.3 kB at 36 kB/s)
[2026-09-03T23:53:25.619Z] [INFO] Downloading from central: https://repo.maven.apache.org/maven2/org/apache/maven/shared/maven-shared-utils/3.3.4/maven-shared-utils-3.3.4.jar
[2026-09-03T23:53:25.619Z] [INFO] Downloaded from central: https://repo.maven.apache.org/maven2/org/apache/maven/shared/maven-shared-utils/3.3.4/maven-shared-utils-3.3.4.jar (153 kB at 3.1 MB/s)
[2026-09-03T23:53:25.619Z] [INFO] Downloading from central: https://repo.maven.apache.org/maven2/commons-io/commons-io/2.6/commons-io-2.6.jar
[2026-09-03T23:53:25.619Z] [INFO] Downloading from central: https://repo.maven.apache.org/maven2/org/apache/maven/shared/maven-shared-incremental/1.1/maven-shared-incremental-1.1.jar
[2026-09-03T23:53:25.619Z] [INFO] Downloading from central: https://repo.maven.apache.org/maven2/org/codehaus/plexus/plexus-component-annotations/1.5.5/plexus-component-annotations-1.5.5.jar
[2026-09-03T23:53:25.619Z] [INFO] Downloading from central: https://repo.maven.apache.org/maven2/org/codehaus/plexus/plexus-java/1.1.2/plexus-java-1.1.2.jar
[2026-09-03T23:53:25.619Z] [INFO] Downloading from central: https://repo.maven.apache.org/maven2/org/ow2/asm/asm/9.4/asm-9.4.jar
[2026-09-03T23:53:25.619Z] [INFO] Downloaded from central: https://repo.maven.apache.org/maven2/org/codehaus/plexus/plexus-java/1.1.2/plexus-java-1.1.2.jar (55 kB at 1.4 MB/s)
[2026-09-03T23:53:25.619Z] [INFO] Downloading from central: https://repo.maven.apache.org/maven2/com/thoughtworks/qdox/qdox/2.0.3/qdox-2.0.3.jar
[2026-09-03T23:53:25.619Z] [INFO] Downloaded from central: https://repo.maven.apache.org/maven2/org/codehaus/plexus/plexus-component-annotations/1.5.5/plexus-component-annotations-1.5.5.jar (4.2 kB at 105 kB/s)
[2026-09-03T23:53:25.619Z] [INFO] Downloading from central: https://repo.maven.apache.org/maven2/org/codehaus/plexus/plexus-compiler-api/2.13.0/plexus-compiler-api-2.13.0.jar
[2026-09-03T23:53:25.619Z] [INFO] Downloaded from central: https://repo.maven.apache.org/maven2/org/apache/maven/shared/maven-shared-incremental/1.1/maven-shared-incremental-1.1.jar (14 kB at 255 kB/s)
[2026-09-03T23:53:25.619Z] [INFO] Downloading from central: https://repo.maven.apache.org/maven2/org/codehaus/plexus/plexus-utils/3.5.0/plexus-utils-3.5.0.jar
[2026-09-03T23:53:25.619Z] [INFO] Downloaded from central: https://repo.maven.apache.org/maven2/org/ow2/asm/asm/9.4/asm-9.4.jar (122 kB at 2.4 MB/s)
[2026-09-03T23:53:25.619Z] [INFO] Downloading from central: https://repo.maven.apache.org/maven2/org/codehaus/plexus/plexus-compiler-manager/2.13.0/plexus-compiler-manager-2.13.0.jar
[2026-09-03T23:53:25.619Z] [INFO] Downloaded from central: https://repo.maven.apache.org/maven2/commons-io/commons-io/2.6/commons-io-2.6.jar (215 kB at 3.6 MB/s)
[2026-09-03T23:53:25.619Z] [INFO] Downloading from central: https://repo.maven.apache.org/maven2/org/codehaus/plexus/plexus-compiler-javac/2.13.0/plexus-compiler-javac-2.13.0.jar
[2026-09-03T23:53:25.619Z] [INFO] Downloaded from central: https://repo.maven.apache.org/maven2/org/codehaus/plexus/plexus-compiler-api/2.13.0/plexus-compiler-api-2.13.0.jar (27 kB at 346 kB/s)
[2026-09-03T23:53:25.619Z] [INFO] Downloaded from central: https://repo.maven.apache.org/maven2/com/thoughtworks/qdox/qdox/2.0.3/qdox-2.0.3.jar (334 kB at 3.4 MB/s)
[2026-09-03T23:53:25.619Z] [INFO] Downloaded from central: https://repo.maven.apache.org/maven2/org/codehaus/plexus/plexus-compiler-javac/2.13.0/plexus-compiler-javac-2.13.0.jar (23 kB at 219 kB/s)
[2026-09-03T23:53:25.619Z] [INFO] Downloaded from central: https://repo.maven.apache.org/maven2/org/codehaus/plexus/plexus-compiler-manager/2.13.0/plexus-compiler-manager-2.13.0.jar (4.7 kB at 45 kB/s)
[2026-09-03T23:53:25.619Z] [INFO] Downloaded from central: https://repo.maven.apache.org/maven2/org/codehaus/plexus/plexus-utils/3.5.0/plexus-utils-3.5.0.jar (267 kB at 2.5 MB/s)
[2026-09-03T23:53:25.879Z] [INFO] Changes detected - recompiling the module! :dependency
[2026-09-03T23:53:26.131Z] [INFO] Compiling 3 source files with javac [debug release 17] to target/classes
[2026-09-03T23:53:29.364Z] [INFO] 
[2026-09-03T23:53:29.364Z] [INFO] --- resources:3.3.1:testResources (default-testResources) @ order-service ---
[2026-09-03T23:53:29.364Z] [INFO] skip non existing resourceDirectory /var/jenkins_home/workspace/ice_broken_vulnerable-dependency/src/test/resources
[2026-09-03T23:53:29.364Z] [INFO] 
[2026-09-03T23:53:29.364Z] [INFO] --- compiler:3.11.0:testCompile (default-testCompile) @ order-service ---
[2026-09-03T23:53:29.364Z] [INFO] Changes detected - recompiling the module! :dependency
[2026-09-03T23:53:29.364Z] [INFO] Compiling 1 source file with javac [debug release 17] to target/test-classes
[2026-09-03T23:53:30.283Z] [INFO] 
[2026-09-03T23:53:30.283Z] [INFO] --- surefire:3.1.2:test (default-test) @ order-service ---
[2026-09-03T23:53:30.283Z] [INFO] Downloading from central: https://repo.maven.apache.org/maven2/org/apache/maven/surefire/surefire-logger-api/3.1.2/surefire-logger-api-3.1.2.pom
[2026-09-03T23:53:30.283Z] [INFO] Downloaded from central: https://repo.maven.apache.org/maven2/org/apache/maven/surefire/surefire-logger-api/3.1.2/surefire-logger-api-3.1.2.pom (3.3 kB at 76 kB/s)
[2026-09-03T23:53:30.283Z] [INFO] Downloading from central: https://repo.maven.apache.org/maven2/org/apache/maven/surefire/surefire-shared-utils/3.1.2/surefire-shared-utils-3.1.2.pom
[2026-09-03T23:53:30.283Z] [INFO] Downloaded from central: https://repo.maven.apache.org/maven2/org/apache/maven/surefire/surefire-shared-utils/3.1.2/surefire-shared-utils-3.1.2.pom (4.1 kB at 123 kB/s)
[2026-09-03T23:53:30.283Z] [INFO] Downloading from central: https://repo.maven.apache.org/maven2/org/apache/maven/surefire/surefire-extensions-api/3.1.2/surefire-extensions-api-3.1.2.pom
[2026-09-03T23:53:30.283Z] [INFO] Downloaded from central: https://repo.maven.apache.org/maven2/org/apache/maven/surefire/surefire-extensions-api/3.1.2/surefire-extensions-api-3.1.2.pom (3.3 kB at 94 kB/s)
[2026-09-03T23:53:30.283Z] [INFO] Downloading from central: https://repo.maven.apache.org/maven2/org/apache/maven/surefire/surefire-booter/3.1.2/surefire-booter-3.1.2.pom
[2026-09-03T23:53:30.539Z] [INFO] Downloaded from central: https://repo.maven.apache.org/maven2/org/apache/maven/surefire/surefire-booter/3.1.2/surefire-booter-3.1.2.pom (4.5 kB at 93 kB/s)
[2026-09-03T23:53:30.539Z] [INFO] Downloading from central: https://repo.maven.apache.org/maven2/org/apache/maven/surefire/surefire-extensions-spi/3.1.2/surefire-extensions-spi-3.1.2.pom
[2026-09-03T23:53:30.539Z] [INFO] Downloaded from central: https://repo.maven.apache.org/maven2/org/apache/maven/surefire/surefire-extensions-spi/3.1.2/surefire-extensions-spi-3.1.2.pom (1.8 kB at 23 kB/s)
[2026-09-03T23:53:30.539Z] [INFO] Downloading from central: https://repo.maven.apache.org/maven2/org/eclipse/aether/aether-util/1.0.0.v20140518/aether-util-1.0.0.v20140518.pom
[2026-09-03T23:53:30.539Z] [INFO] Downloaded from central: https://repo.maven.apache.org/maven2/org/eclipse/aether/aether-util/1.0.0.v20140518/aether-util-1.0.0.v20140518.pom (2.2 kB at 48 kB/s)
[2026-09-03T23:53:30.539Z] [INFO] Downloading from central: https://repo.maven.apache.org/maven2/org/eclipse/aether/aether/1.0.0.v20140518/aether-1.0.0.v20140518.pom
[2026-09-03T23:53:30.539Z] [INFO] Downloaded from central: https://repo.maven.apache.org/maven2/org/eclipse/aether/aether/1.0.0.v20140518/aether-1.0.0.v20140518.pom (30 kB at 628 kB/s)
[2026-09-03T23:53:30.539Z] [INFO] Downloading from central: https://repo.maven.apache.org/maven2/org/eclipse/aether/aether-api/1.0.0.v20140518/aether-api-1.0.0.v20140518.pom
[2026-09-03T23:53:30.789Z] [INFO] Downloaded from central: https://repo.maven.apache.org/maven2/org/eclipse/aether/aether-api/1.0.0.v20140518/aether-api-1.0.0.v20140518.pom (1.9 kB at 41 kB/s)
[2026-09-03T23:53:30.789Z] [INFO] Downloading from central: https://repo.maven.apache.org/maven2/org/apache/maven/shared/maven-common-artifact-filters/3.1.1/maven-common-artifact-filters-3.1.1.pom
[2026-09-03T23:53:30.789Z] [INFO] Downloaded from central: https://repo.maven.apache.org/maven2/org/apache/maven/shared/maven-common-artifact-filters/3.1.1/maven-common-artifact-filters-3.1.1.pom (5.8 kB at 141 kB/s)
[2026-09-03T23:53:30.789Z] [INFO] Downloading from central: https://repo.maven.apache.org/maven2/org/apache/maven/maven-artifact/3.2.5/maven-artifact-3.2.5.pom
[2026-09-03T23:53:30.789Z] [INFO] Downloaded from central: https://repo.maven.apache.org/maven2/org/apache/maven/maven-artifact/3.2.5/maven-artifact-3.2.5.pom (2.3 kB at 60 kB/s)
[2026-09-03T23:53:30.789Z] [INFO] Downloading from central: https://repo.maven.apache.org/maven2/org/apache/maven/maven/3.2.5/maven-3.2.5.pom
[2026-09-03T23:53:30.789Z] [INFO] Downloaded from central: https://repo.maven.apache.org/maven2/org/apache/maven/maven/3.2.5/maven-3.2.5.pom (22 kB at 476 kB/s)
[2026-09-03T23:53:30.789Z] [INFO] Downloading from central: https://repo.maven.apache.org/maven2/org/apache/maven/maven-parent/25/maven-parent-25.pom
[2026-09-03T23:53:30.789Z] [INFO] Downloaded from central: https://repo.maven.apache.org/maven2/org/apache/maven/maven-parent/25/maven-parent-25.pom (37 kB at 936 kB/s)
[2026-09-03T23:53:31.040Z] [INFO] Downloading from central: https://repo.maven.apache.org/maven2/org/apache/apache/15/apache-15.pom
[2026-09-03T23:53:31.040Z] [INFO] Downloaded from central: https://repo.maven.apache.org/maven2/org/apache/apache/15/apache-15.pom (15 kB at 317 kB/s)
[2026-09-03T23:53:31.040Z] [INFO] Downloading from central: https://repo.maven.apache.org/maven2/org/apache/maven/maven-core/3.2.5/maven-core-3.2.5.pom
[2026-09-03T23:53:31.040Z] [INFO] Downloaded from central: https://repo.maven.apache.org/maven2/org/apache/maven/maven-core/3.2.5/maven-core-3.2.5.pom (8.1 kB at 197 kB/s)
[2026-09-03T23:53:31.040Z] [INFO] Downloading from central: https://repo.maven.apache.org/maven2/org/apache/maven/maven-settings/3.2.5/maven-settings-3.2.5.pom
[2026-09-03T23:53:31.040Z] [INFO] Downloaded from central: https://repo.maven.apache.org/maven2/org/apache/maven/maven-settings/3.2.5/maven-settings-3.2.5.pom (2.2 kB at 42 kB/s)
[2026-09-03T23:53:31.040Z] [INFO] Downloading from central: https://repo.maven.apache.org/maven2/org/apache/maven/maven-settings-builder/3.2.5/maven-settings-builder-3.2.5.pom
[2026-09-03T23:53:31.040Z] [INFO] Downloaded from central: https://repo.maven.apache.org/maven2/org/apache/maven/maven-settings-builder/3.2.5/maven-settings-builder-3.2.5.pom (2.6 kB at 63 kB/s)
[2026-09-03T23:53:31.040Z] [INFO] Downloading from central: https://repo.maven.apache.org/maven2/org/codehaus/plexus/plexus-interpolation/1.21/plexus-interpolation-1.21.pom
[2026-09-03T23:53:31.292Z] [INFO] Downloaded from central: https://repo.maven.apache.org/maven2/org/codehaus/plexus/plexus-interpolation/1.21/plexus-interpolation-1.21.pom (1.5 kB at 34 kB/s)
[2026-09-03T23:53:31.292Z] [INFO] Downloading from central: https://repo.maven.apache.org/maven2/org/codehaus/plexus/plexus-components/1.3.1/plexus-components-1.3.1.pom
[2026-09-03T23:53:31.292Z] [INFO] Downloaded from central: https://repo.maven.apache.org/maven2/org/codehaus/plexus/plexus-components/1.3.1/plexus-components-1.3.1.pom (3.1 kB at 71 kB/s)
[2026-09-03T23:53:31.292Z] [INFO] Downloading from central: https://repo.maven.apache.org/maven2/org/codehaus/plexus/plexus/3.3.1/plexus-3.3.1.pom
[2026-09-03T23:53:31.292Z] [INFO] Downloaded from central: https://repo.maven.apache.org/maven2/org/codehaus/plexus/plexus/3.3.1/plexus-3.3.1.pom (20 kB at 487 kB/s)
[2026-09-03T23:53:31.292Z] [INFO] Downloading from central: https://repo.maven.apache.org/maven2/org/sonatype/spice/spice-parent/17/spice-parent-17.pom
[2026-09-03T23:53:31.292Z] [INFO] Downloaded from central: https://repo.maven.apache.org/maven2/org/sonatype/spice/spice-parent/17/spice-parent-17.pom (6.8 kB at 169 kB/s)
[2026-09-03T23:53:31.292Z] [INFO] Downloading from central: https://repo.maven.apache.org/maven2/org/sonatype/forge/forge-parent/10/forge-parent-10.pom
[2026-09-03T23:53:31.292Z] [INFO] Downloaded from central: https://repo.maven.apache.org/maven2/org/sonatype/forge/forge-parent/10/forge-parent-10.pom (14 kB at 271 kB/s)
[2026-09-03T23:53:31.543Z] [INFO] Downloading from central: https://repo.maven.apache.org/maven2/org/sonatype/plexus/plexus-sec-dispatcher/1.3/plexus-sec-dispatcher-1.3.pom
[2026-09-03T23:53:31.543Z] [INFO] Downloaded from central: https://repo.maven.apache.org/maven2/org/sonatype/plexus/plexus-sec-dispatcher/1.3/plexus-sec-dispatcher-1.3.pom (3.0 kB at 66 kB/s)
[2026-09-03T23:53:31.543Z] [INFO] Downloading from central: https://repo.maven.apache.org/maven2/org/sonatype/spice/spice-parent/12/spice-parent-12.pom
[2026-09-03T23:53:31.543Z] [INFO] Downloaded from central: https://repo.maven.apache.org/maven2/org/sonatype/spice/spice-parent/12/spice-parent-12.pom (6.8 kB at 184 kB/s)
[2026-09-03T23:53:31.543Z] [INFO] Downloading from central: https://repo.maven.apache.org/maven2/org/sonatype/forge/forge-parent/4/forge-parent-4.pom
[2026-09-03T23:53:31.543Z] [INFO] Downloaded from central: https://repo.maven.apache.org/maven2/org/sonatype/forge/forge-parent/4/forge-parent-4.pom (8.4 kB at 215 kB/s)
[2026-09-03T23:53:31.543Z] [INFO] Downloading from central: https://repo.maven.apache.org/maven2/org/sonatype/plexus/plexus-cipher/1.4/plexus-cipher-1.4.pom
[2026-09-03T23:53:31.543Z] [INFO] Downloaded from central: https://repo.maven.apache.org/maven2/org/sonatype/plexus/plexus-cipher/1.4/plexus-cipher-1.4.pom (2.1 kB at 56 kB/s)
[2026-09-03T23:53:31.543Z] [INFO] Downloading from central: https://repo.maven.apache.org/maven2/org/apache/maven/maven-repository-metadata/3.2.5/maven-repository-metadata-3.2.5.pom
[2026-09-03T23:53:31.543Z] [INFO] Downloaded from central: https://repo.maven.apache.org/maven2/org/apache/maven/maven-repository-metadata/3.2.5/maven-repository-metadata-3.2.5.pom (2.2 kB at 56 kB/s)
[2026-09-03T23:53:31.543Z] [INFO] Downloading from central: https://repo.maven.apache.org/maven2/org/apache/maven/maven-plugin-api/3.2.5/maven-plugin-api-3.2.5.pom
[2026-09-03T23:53:31.794Z] [INFO] Downloaded from central: https://repo.maven.apache.org/maven2/org/apache/maven/maven-plugin-api/3.2.5/maven-plugin-api-3.2.5.pom (3.0 kB at 66 kB/s)
[2026-09-03T23:53:31.794Z] [INFO] Downloading from central: https://repo.maven.apache.org/maven2/org/eclipse/sisu/org.eclipse.sisu.plexus/0.3.5/org.eclipse.sisu.plexus-0.3.5.pom
[2026-09-03T23:53:31.794Z] [INFO] Downloaded from central: https://repo.maven.apache.org/maven2/org/eclipse/sisu/org.eclipse.sisu.plexus/0.3.5/org.eclipse.sisu.plexus-0.3.5.pom (4.3 kB at 116 kB/s)
[2026-09-03T23:53:31.794Z] [INFO] Downloading from central: https://repo.maven.apache.org/maven2/org/eclipse/sisu/sisu-plexus/0.3.5/sisu-plexus-0.3.5.pom
[2026-09-03T23:53:31.794Z] [INFO] Downloaded from central: https://repo.maven.apache.org/maven2/org/eclipse/sisu/sisu-plexus/0.3.5/sisu-plexus-0.3.5.pom (14 kB at 361 kB/s)
[2026-09-03T23:53:31.794Z] [INFO] Downloading from central: https://repo.maven.apache.org/maven2/javax/annotation/javax.annotation-api/1.2/javax.annotation-api-1.2.pom
[2026-09-03T23:53:31.794Z] [INFO] Downloaded from central: https://repo.maven.apache.org/maven2/javax/annotation/javax.annotation-api/1.2/javax.annotation-api-1.2.pom (13 kB at 336 kB/s)
[2026-09-03T23:53:31.794Z] [INFO] Downloading from central: https://repo.maven.apache.org/maven2/net/java/jvnet-parent/3/jvnet-parent-3.pom
[2026-09-03T23:53:31.794Z] [INFO] Downloaded from central: https://repo.maven.apache.org/maven2/net/java/jvnet-parent/3/jvnet-parent-3.pom (4.8 kB at 104 kB/s)
[2026-09-03T23:53:32.046Z] [INFO] Downloading from central: https://repo.maven.apache.org/maven2/javax/enterprise/cdi-api/1.2/cdi-api-1.2.pom
[2026-09-03T23:53:32.046Z] [INFO] Downloaded from central: https://repo.maven.apache.org/maven2/javax/enterprise/cdi-api/1.2/cdi-api-1.2.pom (6.3 kB at 134 kB/s)
[2026-09-03T23:53:32.046Z] [INFO] Downloading from central: https://repo.maven.apache.org/maven2/org/jboss/weld/weld-parent/26/weld-parent-26.pom
[2026-09-03T23:53:32.046Z] [INFO] Downloaded from central: https://repo.maven.apache.org/maven2/org/jboss/weld/weld-parent/26/weld-parent-26.pom (32 kB at 829 kB/s)
[2026-09-03T23:53:32.046Z] [INFO] Downloading from central: https://repo.maven.apache.org/maven2/org/eclipse/sisu/org.eclipse.sisu.inject/0.3.5/org.eclipse.sisu.inject-0.3.5.pom
[2026-09-03T23:53:32.046Z] [INFO] Downloaded from central: https://repo.maven.apache.org/maven2/org/eclipse/sisu/org.eclipse.sisu.inject/0.3.5/org.eclipse.sisu.inject-0.3.5.pom (2.6 kB at 85 kB/s)
[2026-09-03T23:53:32.046Z] [INFO] Downloading from central: https://repo.maven.apache.org/maven2/org/eclipse/sisu/sisu-inject/0.3.5/sisu-inject-0.3.5.pom
[2026-09-03T23:53:32.046Z] [INFO] Downloaded from central: https://repo.maven.apache.org/maven2/org/eclipse/sisu/sisu-inject/0.3.5/sisu-inject-0.3.5.pom (14 kB at 412 kB/s)
[2026-09-03T23:53:32.046Z] [INFO] Downloading from central: https://repo.maven.apache.org/maven2/org/codehaus/plexus/plexus-classworlds/2.5.2/plexus-classworlds-2.5.2.pom
[2026-09-03T23:53:32.046Z] [INFO] Downloaded from central: https://repo.maven.apache.org/maven2/org/codehaus/plexus/plexus-classworlds/2.5.2/plexus-classworlds-2.5.2.pom (7.3 kB at 183 kB/s)
[2026-09-03T23:53:32.297Z] [INFO] Downloading from central: https://repo.maven.apache.org/maven2/org/apache/maven/maven-model-builder/3.2.5/maven-model-builder-3.2.5.pom
[2026-09-03T23:53:32.297Z] [INFO] Downloaded from central: https://repo.maven.apache.org/maven2/org/apache/maven/maven-model-builder/3.2.5/maven-model-builder-3.2.5.pom (3.0 kB at 70 kB/s)
[2026-09-03T23:53:32.297Z] [INFO] Downloading from central: https://repo.maven.apache.org/maven2/org/apache/maven/maven-aether-provider/3.2.5/maven-aether-provider-3.2.5.pom
[2026-09-03T23:53:32.297Z] [INFO] Downloaded from central: https://repo.maven.apache.org/maven2/org/apache/maven/maven-aether-provider/3.2.5/maven-aether-provider-3.2.5.pom (4.2 kB at 83 kB/s)
[2026-09-03T23:53:32.297Z] [INFO] Downloading from central: https://repo.maven.apache.org/maven2/org/eclipse/aether/aether-spi/1.0.0.v20140518/aether-spi-1.0.0.v20140518.pom
[2026-09-03T23:53:32.297Z] [INFO] Downloaded from central: https://repo.maven.apache.org/maven2/org/eclipse/aether/aether-spi/1.0.0.v20140518/aether-spi-1.0.0.v20140518.pom (2.1 kB at 60 kB/s)
[2026-09-03T23:53:32.297Z] [INFO] Downloading from central: https://repo.maven.apache.org/maven2/org/eclipse/aether/aether-impl/1.0.0.v20140518/aether-impl-1.0.0.v20140518.pom
[2026-09-03T23:53:32.297Z] [INFO] Downloaded from central: https://repo.maven.apache.org/maven2/org/eclipse/aether/aether-impl/1.0.0.v20140518/aether-impl-1.0.0.v20140518.pom (3.5 kB at 79 kB/s)
[2026-09-03T23:53:32.297Z] [INFO] Downloading from central: https://repo.maven.apache.org/maven2/org/sonatype/sisu/sisu-guice/3.2.3/sisu-guice-3.2.3.pom
[2026-09-03T23:53:32.548Z] [INFO] Downloaded from central: https://repo.maven.apache.org/maven2/org/sonatype/sisu/sisu-guice/3.2.3/sisu-guice-3.2.3.pom (11 kB at 288 kB/s)
[2026-09-03T23:53:32.548Z] [INFO] Downloading from central: https://repo.maven.apache.org/maven2/org/sonatype/sisu/inject/guice-parent/3.2.3/guice-parent-3.2.3.pom
[2026-09-03T23:53:32.548Z] [INFO] Downloaded from central: https://repo.maven.apache.org/maven2/org/sonatype/sisu/inject/guice-parent/3.2.3/guice-parent-3.2.3.pom (13 kB at 374 kB/s)
[2026-09-03T23:53:32.548Z] [INFO] Downloading from central: https://repo.maven.apache.org/maven2/org/sonatype/forge/forge-parent/38/forge-parent-38.pom
[2026-09-03T23:53:32.548Z] [INFO] Downloaded from central: https://repo.maven.apache.org/maven2/org/sonatype/forge/forge-parent/38/forge-parent-38.pom (19 kB at 551 kB/s)
[2026-09-03T23:53:32.548Z] [INFO] Downloading from central: https://repo.maven.apache.org/maven2/aopalliance/aopalliance/1.0/aopalliance-1.0.pom
[2026-09-03T23:53:32.548Z] [INFO] Downloaded from central: https://repo.maven.apache.org/maven2/aopalliance/aopalliance/1.0/aopalliance-1.0.pom (363 B at 7.6 kB/s)
[2026-09-03T23:53:32.548Z] [INFO] Downloading from central: https://repo.maven.apache.org/maven2/com/google/guava/guava/16.0.1/guava-16.0.1.pom
[2026-09-03T23:53:32.548Z] [INFO] Downloaded from central: https://repo.maven.apache.org/maven2/com/google/guava/guava/16.0.1/guava-16.0.1.pom (6.1 kB at 179 kB/s)
[2026-09-03T23:53:32.548Z] [INFO] Downloading from central: https://repo.maven.apache.org/maven2/com/google/guava/guava-parent/16.0.1/guava-parent-16.0.1.pom
[2026-09-03T23:53:32.798Z] [INFO] Downloaded from central: https://repo.maven.apache.org/maven2/com/google/guava/guava-parent/16.0.1/guava-parent-16.0.1.pom (7.3 kB at 138 kB/s)
[2026-09-03T23:53:32.798Z] [INFO] Downloading from central: https://repo.maven.apache.org/maven2/commons-io/commons-io/2.12.0/commons-io-2.12.0.pom
[2026-09-03T23:53:32.798Z] [INFO] Downloaded from central: https://repo.maven.apache.org/maven2/commons-io/commons-io/2.12.0/commons-io-2.12.0.pom (20 kB at 423 kB/s)
[2026-09-03T23:53:32.798Z] [INFO] Downloading from central: https://repo.maven.apache.org/maven2/org/apache/commons/commons-parent/57/commons-parent-57.pom
[2026-09-03T23:53:32.798Z] [INFO] Downloaded from central: https://repo.maven.apache.org/maven2/org/apache/commons/commons-parent/57/commons-parent-57.pom (83 kB at 1.9 MB/s)
[2026-09-03T23:53:32.798Z] [INFO] Downloading from central: https://repo.maven.apache.org/maven2/org/apache/maven/surefire/maven-surefire-common/3.1.2/maven-surefire-common-3.1.2.jar
[2026-09-03T23:53:32.798Z] [INFO] Downloaded from central: https://repo.maven.apache.org/maven2/org/apache/maven/surefire/maven-surefire-common/3.1.2/maven-surefire-common-3.1.2.jar (306 kB at 7.5 MB/s)
[2026-09-03T23:53:32.798Z] [INFO] Downloading from central: https://repo.maven.apache.org/maven2/org/apache/maven/surefire/surefire-api/3.1.2/surefire-api-3.1.2.jar
[2026-09-03T23:53:32.798Z] [INFO] Downloading from central: https://repo.maven.apache.org/maven2/org/apache/maven/surefire/surefire-logger-api/3.1.2/surefire-logger-api-3.1.2.jar
[2026-09-03T23:53:32.798Z] [INFO] Downloading from central: https://repo.maven.apache.org/maven2/org/apache/maven/surefire/surefire-extensions-api/3.1.2/surefire-extensions-api-3.1.2.jar
[2026-09-03T23:53:32.798Z] [INFO] Downloading from central: https://repo.maven.apache.org/maven2/org/apache/maven/surefire/surefire-booter/3.1.2/surefire-booter-3.1.2.jar
[2026-09-03T23:53:33.059Z] [INFO] Downloading from central: https://repo.maven.apache.org/maven2/org/apache/maven/surefire/surefire-extensions-spi/3.1.2/surefire-extensions-spi-3.1.2.jar
[2026-09-03T23:53:33.059Z] [INFO] Downloaded from central: https://repo.maven.apache.org/maven2/org/apache/maven/surefire/surefire-logger-api/3.1.2/surefire-logger-api-3.1.2.jar (14 kB at 295 kB/s)
[2026-09-03T23:53:33.059Z] [INFO] Downloading from central: https://repo.maven.apache.org/maven2/org/eclipse/aether/aether-util/1.0.0.v20140518/aether-util-1.0.0.v20140518.jar
[2026-09-03T23:53:33.059Z] [INFO] Downloaded from central: https://repo.maven.apache.org/maven2/org/apache/maven/surefire/surefire-booter/3.1.2/surefire-booter-3.1.2.jar (118 kB at 2.4 MB/s)
[2026-09-03T23:53:33.059Z] [INFO] Downloading from central: https://repo.maven.apache.org/maven2/org/eclipse/aether/aether-api/1.0.0.v20140518/aether-api-1.0.0.v20140518.jar
[2026-09-03T23:53:33.059Z] [INFO] Downloaded from central: https://repo.maven.apache.org/maven2/org/apache/maven/surefire/surefire-extensions-api/3.1.2/surefire-extensions-api-3.1.2.jar (26 kB at 507 kB/s)
[2026-09-03T23:53:33.059Z] [INFO] Downloading from central: https://repo.maven.apache.org/maven2/org/apache/maven/shared/maven-common-artifact-filters/3.1.1/maven-common-artifact-filters-3.1.1.jar
[2026-09-03T23:53:33.059Z] [INFO] Downloaded from central: https://repo.maven.apache.org/maven2/org/apache/maven/surefire/surefire-extensions-spi/3.1.2/surefire-extensions-spi-3.1.2.jar (8.2 kB at 136 kB/s)
[2026-09-03T23:53:33.059Z] [INFO] Downloading from central: https://repo.maven.apache.org/maven2/commons-io/commons-io/2.12.0/commons-io-2.12.0.jar
[2026-09-03T23:53:33.059Z] [INFO] Downloaded from central: https://repo.maven.apache.org/maven2/org/apache/maven/surefire/surefire-api/3.1.2/surefire-api-3.1.2.jar (171 kB at 2.2 MB/s)
[2026-09-03T23:53:33.059Z] [INFO] Downloading from central: https://repo.maven.apache.org/maven2/org/apache/maven/surefire/surefire-shared-utils/3.1.2/surefire-shared-utils-3.1.2.jar
[2026-09-03T23:53:33.059Z] [INFO] Downloaded from central: https://repo.maven.apache.org/maven2/org/eclipse/aether/aether-api/1.0.0.v20140518/aether-api-1.0.0.v20140518.jar (136 kB at 2.2 MB/s)
[2026-09-03T23:53:33.059Z] [INFO] Downloaded from central: https://repo.maven.apache.org/maven2/org/apache/maven/shared/maven-common-artifact-filters/3.1.1/maven-common-artifact-filters-3.1.1.jar (61 kB at 869 kB/s)
[2026-09-03T23:53:33.059Z] [INFO] Downloaded from central: https://repo.maven.apache.org/maven2/org/eclipse/aether/aether-util/1.0.0.v20140518/aether-util-1.0.0.v20140518.jar (146 kB at 2.0 MB/s)
[2026-09-03T23:53:33.059Z] [INFO] Downloaded from central: https://repo.maven.apache.org/maven2/commons-io/commons-io/2.12.0/commons-io-2.12.0.jar (474 kB at 5.2 MB/s)
[2026-09-03T23:53:33.059Z] [INFO] Downloaded from central: https://repo.maven.apache.org/maven2/org/apache/maven/surefire/surefire-shared-utils/3.1.2/surefire-shared-utils-3.1.2.jar (2.3 MB at 18 MB/s)
[2026-09-03T23:53:33.310Z] [INFO] Tests are skipped.
[2026-09-03T23:53:33.310Z] [INFO] 
[2026-09-03T23:53:33.310Z] [INFO] --- jar:3.3.0:jar (default-jar) @ order-service ---
[2026-09-03T23:53:33.310Z] [INFO] Downloading from central: https://repo.maven.apache.org/maven2/org/apache/maven/shared/file-management/3.1.0/file-management-3.1.0.pom
[2026-09-03T23:53:33.310Z] [INFO] Downloaded from central: https://repo.maven.apache.org/maven2/org/apache/maven/shared/file-management/3.1.0/file-management-3.1.0.pom (4.5 kB at 107 kB/s)
[2026-09-03T23:53:33.560Z] [INFO] Downloading from central: https://repo.maven.apache.org/maven2/org/apache/maven/shared/maven-shared-components/36/maven-shared-components-36.pom
[2026-09-03T23:53:33.560Z] [INFO] Downloaded from central: https://repo.maven.apache.org/maven2/org/apache/maven/shared/maven-shared-components/36/maven-shared-components-36.pom (4.9 kB at 106 kB/s)
[2026-09-03T23:53:33.560Z] [INFO] Downloading from central: https://repo.maven.apache.org/maven2/org/apache/maven/maven-parent/36/maven-parent-36.pom
[2026-09-03T23:53:33.560Z] [INFO] Downloaded from central: https://repo.maven.apache.org/maven2/org/apache/maven/maven-parent/36/maven-parent-36.pom (45 kB at 1.3 MB/s)
[2026-09-03T23:53:33.560Z] [INFO] Downloading from central: https://repo.maven.apache.org/maven2/org/apache/apache/26/apache-26.pom
[2026-09-03T23:53:33.560Z] [INFO] Downloaded from central: https://repo.maven.apache.org/maven2/org/apache/apache/26/apache-26.pom (21 kB at 587 kB/s)
[2026-09-03T23:53:33.560Z] [INFO] Downloading from central: https://repo.maven.apache.org/maven2/org/codehaus/plexus/plexus-utils/3.3.0/plexus-utils-3.3.0.pom
[2026-09-03T23:53:33.560Z] [INFO] Downloaded from central: https://repo.maven.apache.org/maven2/org/codehaus/plexus/plexus-utils/3.3.0/plexus-utils-3.3.0.pom (5.2 kB at 133 kB/s)
[2026-09-03T23:53:33.560Z] [INFO] Downloading from central: https://repo.maven.apache.org/maven2/org/apache/maven/maven-archiver/3.6.0/maven-archiver-3.6.0.pom
[2026-09-03T23:53:33.561Z] [INFO] Downloaded from central: https://repo.maven.apache.org/maven2/org/apache/maven/maven-archiver/3.6.0/maven-archiver-3.6.0.pom (3.9 kB at 93 kB/s)
[2026-09-03T23:53:33.561Z] [INFO] Downloading from central: https://repo.maven.apache.org/maven2/org/codehaus/plexus/plexus-io/3.4.0/plexus-io-3.4.0.pom
[2026-09-03T23:53:33.819Z] [INFO] Downloaded from central: https://repo.maven.apache.org/maven2/org/codehaus/plexus/plexus-io/3.4.0/plexus-io-3.4.0.pom (6.0 kB at 113 kB/s)
[2026-09-03T23:53:33.819Z] [INFO] Downloading from central: https://repo.maven.apache.org/maven2/org/codehaus/plexus/plexus-archiver/4.4.0/plexus-archiver-4.4.0.pom
[2026-09-03T23:53:33.819Z] [INFO] Downloaded from central: https://repo.maven.apache.org/maven2/org/codehaus/plexus/plexus-archiver/4.4.0/plexus-archiver-4.4.0.pom (6.3 kB at 130 kB/s)
[2026-09-03T23:53:33.819Z] [INFO] Downloading from central: https://repo.maven.apache.org/maven2/org/apache/commons/commons-compress/1.21/commons-compress-1.21.pom
[2026-09-03T23:53:33.819Z] [INFO] Downloaded from central: https://repo.maven.apache.org/maven2/org/apache/commons/commons-compress/1.21/commons-compress-1.21.pom (20 kB at 547 kB/s)
[2026-09-03T23:53:33.819Z] [INFO] Downloading from central: https://repo.maven.apache.org/maven2/org/iq80/snappy/snappy/0.4/snappy-0.4.pom
[2026-09-03T23:53:33.819Z] [INFO] Downloaded from central: https://repo.maven.apache.org/maven2/org/iq80/snappy/snappy/0.4/snappy-0.4.pom (15 kB at 323 kB/s)
[2026-09-03T23:53:33.819Z] [INFO] Downloading from central: https://repo.maven.apache.org/maven2/org/tukaani/xz/1.9/xz-1.9.pom
[2026-09-03T23:53:34.069Z] [INFO] Downloaded from central: https://repo.maven.apache.org/maven2/org/tukaani/xz/1.9/xz-1.9.pom (2.0 kB at 40 kB/s)
[2026-09-03T23:53:34.069Z] [INFO] Downloading from central: https://repo.maven.apache.org/maven2/org/codehaus/plexus/plexus-utils/3.4.2/plexus-utils-3.4.2.pom
[2026-09-03T23:53:34.069Z] [INFO] Downloaded from central: https://repo.maven.apache.org/maven2/org/codehaus/plexus/plexus-utils/3.4.2/plexus-utils-3.4.2.pom (8.2 kB at 216 kB/s)
[2026-09-03T23:53:34.069Z] [INFO] Downloading from central: https://repo.maven.apache.org/maven2/org/codehaus/plexus/plexus/8/plexus-8.pom
[2026-09-03T23:53:34.069Z] [INFO] Downloaded from central: https://repo.maven.apache.org/maven2/org/codehaus/plexus/plexus/8/plexus-8.pom (25 kB at 636 kB/s)
[2026-09-03T23:53:34.070Z] [INFO] Downloading from central: https://repo.maven.apache.org/maven2/org/apache/maven/shared/file-management/3.1.0/file-management-3.1.0.jar
[2026-09-03T23:53:34.070Z] [INFO] Downloaded from central: https://repo.maven.apache.org/maven2/org/apache/maven/shared/file-management/3.1.0/file-management-3.1.0.jar (36 kB at 982 kB/s)
[2026-09-03T23:53:34.070Z] [INFO] Downloading from central: https://repo.maven.apache.org/maven2/org/apache/maven/maven-archiver/3.6.0/maven-archiver-3.6.0.jar
[2026-09-03T23:53:34.070Z] [INFO] Downloading from central: https://repo.maven.apache.org/maven2/org/codehaus/plexus/plexus-io/3.4.0/plexus-io-3.4.0.jar
[2026-09-03T23:53:34.070Z] [INFO] Downloading from central: https://repo.maven.apache.org/maven2/org/codehaus/plexus/plexus-archiver/4.4.0/plexus-archiver-4.4.0.jar
[2026-09-03T23:53:34.070Z] [INFO] Downloading from central: https://repo.maven.apache.org/maven2/org/iq80/snappy/snappy/0.4/snappy-0.4.jar
[2026-09-03T23:53:34.070Z] [INFO] Downloading from central: https://repo.maven.apache.org/maven2/org/apache/commons/commons-compress/1.21/commons-compress-1.21.jar
[2026-09-03T23:53:34.070Z] [INFO] Downloaded from central: https://repo.maven.apache.org/maven2/org/apache/maven/maven-archiver/3.6.0/maven-archiver-3.6.0.jar (26 kB at 583 kB/s)
[2026-09-03T23:53:34.070Z] [INFO] Downloading from central: https://repo.maven.apache.org/maven2/org/tukaani/xz/1.9/xz-1.9.jar
[2026-09-03T23:53:34.070Z] [INFO] Downloaded from central: https://repo.maven.apache.org/maven2/org/codehaus/plexus/plexus-archiver/4.4.0/plexus-archiver-4.4.0.jar (211 kB at 4.8 MB/s)
[2026-09-03T23:53:34.070Z] [INFO] Downloading from central: https://repo.maven.apache.org/maven2/org/codehaus/plexus/plexus-utils/3.4.2/plexus-utils-3.4.2.jar
[2026-09-03T23:53:34.070Z] [INFO] Downloaded from central: https://repo.maven.apache.org/maven2/org/codehaus/plexus/plexus-io/3.4.0/plexus-io-3.4.0.jar (79 kB at 1.7 MB/s)
[2026-09-03T23:53:34.070Z] [INFO] Downloaded from central: https://repo.maven.apache.org/maven2/org/iq80/snappy/snappy/0.4/snappy-0.4.jar (58 kB at 1.3 MB/s)
[2026-09-03T23:53:34.070Z] [INFO] Downloaded from central: https://repo.maven.apache.org/maven2/org/apache/commons/commons-compress/1.21/commons-compress-1.21.jar (1.0 MB at 15 MB/s)
[2026-09-03T23:53:34.070Z] [INFO] Downloaded from central: https://repo.maven.apache.org/maven2/org/tukaani/xz/1.9/xz-1.9.jar (116 kB at 1.4 MB/s)
[2026-09-03T23:53:34.320Z] [INFO] Downloaded from central: https://repo.maven.apache.org/maven2/org/codehaus/plexus/plexus-utils/3.4.2/plexus-utils-3.4.2.jar (267 kB at 2.8 MB/s)
[2026-09-03T23:53:34.871Z] [INFO] Building jar: /var/jenkins_home/workspace/ice_broken_vulnerable-dependency/target/order-service.jar
[2026-09-03T23:53:34.871Z] [INFO] 
[2026-09-03T23:53:34.871Z] [INFO] --- spring-boot:3.2.5:repackage (repackage) @ order-service ---
[2026-09-03T23:53:34.871Z] [INFO] Downloading from central: https://repo.maven.apache.org/maven2/org/springframework/boot/spring-boot-buildpack-platform/3.2.5/spring-boot-buildpack-platform-3.2.5.pom
[2026-09-03T23:53:34.871Z] [INFO] Downloaded from central: https://repo.maven.apache.org/maven2/org/springframework/boot/spring-boot-buildpack-platform/3.2.5/spring-boot-buildpack-platform-3.2.5.pom (3.2 kB at 84 kB/s)
[2026-09-03T23:53:34.871Z] [INFO] Downloading from central: https://repo.maven.apache.org/maven2/com/fasterxml/jackson/core/jackson-databind/2.14.2/jackson-databind-2.14.2.pom
[2026-09-03T23:53:34.871Z] [INFO] Downloaded from central: https://repo.maven.apache.org/maven2/com/fasterxml/jackson/core/jackson-databind/2.14.2/jackson-databind-2.14.2.pom (19 kB at 443 kB/s)
[2026-09-03T23:53:34.871Z] [INFO] Downloading from central: https://repo.maven.apache.org/maven2/com/fasterxml/jackson/jackson-base/2.14.2/jackson-base-2.14.2.pom
[2026-09-03T23:53:35.122Z] [INFO] Downloaded from central: https://repo.maven.apache.org/maven2/com/fasterxml/jackson/jackson-base/2.14.2/jackson-base-2.14.2.pom (10 kB at 232 kB/s)
[2026-09-03T23:53:35.122Z] [INFO] Downloading from central: https://repo.maven.apache.org/maven2/com/fasterxml/jackson/jackson-bom/2.14.2/jackson-bom-2.14.2.pom
[2026-09-03T23:53:35.122Z] [INFO] Downloaded from central: https://repo.maven.apache.org/maven2/com/fasterxml/jackson/jackson-bom/2.14.2/jackson-bom-2.14.2.pom (17 kB at 330 kB/s)
[2026-09-03T23:53:35.122Z] [INFO] Downloading from central: https://repo.maven.apache.org/maven2/com/fasterxml/jackson/jackson-parent/2.14/jackson-parent-2.14.pom
[2026-09-03T23:53:35.122Z] [INFO] Downloaded from central: https://repo.maven.apache.org/maven2/com/fasterxml/jackson/jackson-parent/2.14/jackson-parent-2.14.pom (7.7 kB at 207 kB/s)
[2026-09-03T23:53:35.122Z] [INFO] Downloading from central: https://repo.maven.apache.org/maven2/com/fasterxml/oss-parent/48/oss-parent-48.pom
[2026-09-03T23:53:35.122Z] [INFO] Downloaded from central: https://repo.maven.apache.org/maven2/com/fasterxml/oss-parent/48/oss-parent-48.pom (24 kB at 528 kB/s)
[2026-09-03T23:53:35.122Z] [INFO] Downloading from central: https://repo.maven.apache.org/maven2/com/fasterxml/jackson/core/jackson-annotations/2.14.2/jackson-annotations-2.14.2.pom
[2026-09-03T23:53:35.122Z] [INFO] Downloaded from central: https://repo.maven.apache.org/maven2/com/fasterxml/jackson/core/jackson-annotations/2.14.2/jackson-annotations-2.14.2.pom (6.2 kB at 129 kB/s)
[2026-09-03T23:53:35.379Z] [INFO] Downloading from central: https://repo.maven.apache.org/maven2/com/fasterxml/jackson/core/jackson-core/2.14.2/jackson-core-2.14.2.pom
[2026-09-03T23:53:35.379Z] [INFO] Downloaded from central: https://repo.maven.apache.org/maven2/com/fasterxml/jackson/core/jackson-core/2.14.2/jackson-core-2.14.2.pom (7.0 kB at 200 kB/s)
[2026-09-03T23:53:35.379Z] [INFO] Downloading from central: https://repo.maven.apache.org/maven2/com/fasterxml/jackson/module/jackson-module-parameter-names/2.14.2/jackson-module-parameter-names-2.14.2.pom
[2026-09-03T23:53:35.379Z] [INFO] Downloaded from central: https://repo.maven.apache.org/maven2/com/fasterxml/jackson/module/jackson-module-parameter-names/2.14.2/jackson-module-parameter-names-2.14.2.pom (4.4 kB at 106 kB/s)
[2026-09-03T23:53:35.379Z] [INFO] Downloading from central: https://repo.maven.apache.org/maven2/com/fasterxml/jackson/module/jackson-modules-java8/2.14.2/jackson-modules-java8-2.14.2.pom
[2026-09-03T23:53:35.379Z] [INFO] Downloaded from central: https://repo.maven.apache.org/maven2/com/fasterxml/jackson/module/jackson-modules-java8/2.14.2/jackson-modules-java8-2.14.2.pom (3.1 kB at 86 kB/s)
[2026-09-03T23:53:35.379Z] [INFO] Downloading from central: https://repo.maven.apache.org/maven2/net/java/dev/jna/jna-platform/5.13.0/jna-platform-5.13.0.pom
[2026-09-03T23:53:35.379Z] [INFO] Downloaded from central: https://repo.maven.apache.org/maven2/net/java/dev/jna/jna-platform/5.13.0/jna-platform-5.13.0.pom (2.3 kB at 50 kB/s)
[2026-09-03T23:53:35.379Z] [INFO] Downloading from central: https://repo.maven.apache.org/maven2/net/java/dev/jna/jna/5.13.0/jna-5.13.0.pom
[2026-09-03T23:53:35.379Z] [INFO] Downloaded from central: https://repo.maven.apache.org/maven2/net/java/dev/jna/jna/5.13.0/jna-5.13.0.pom (2.0 kB at 58 kB/s)
[2026-09-03T23:53:35.379Z] [INFO] Downloading from central: https://repo.maven.apache.org/maven2/org/apache/httpcomponents/client5/httpclient5/5.2.3/httpclient5-5.2.3.pom
[2026-09-03T23:53:35.629Z] [INFO] Downloaded from central: https://repo.maven.apache.org/maven2/org/apache/httpcomponents/client5/httpclient5/5.2.3/httpclient5-5.2.3.pom (6.0 kB at 149 kB/s)
[2026-09-03T23:53:35.630Z] [INFO] Downloading from central: https://repo.maven.apache.org/maven2/org/apache/httpcomponents/client5/httpclient5-parent/5.2.3/httpclient5-parent-5.2.3.pom
[2026-09-03T23:53:35.630Z] [INFO] Downloaded from central: https://repo.maven.apache.org/maven2/org/apache/httpcomponents/client5/httpclient5-parent/5.2.3/httpclient5-parent-5.2.3.pom (17 kB at 457 kB/s)
[2026-09-03T23:53:35.630Z] [INFO] Downloading from central: https://repo.maven.apache.org/maven2/org/apache/httpcomponents/httpcomponents-parent/13/httpcomponents-parent-13.pom
[2026-09-03T23:53:35.630Z] [INFO] Downloaded from central: https://repo.maven.apache.org/maven2/org/apache/httpcomponents/httpcomponents-parent/13/httpcomponents-parent-13.pom (30 kB at 657 kB/s)
[2026-09-03T23:53:35.630Z] [INFO] Downloading from central: https://repo.maven.apache.org/maven2/org/junit/junit-bom/5.9.3/junit-bom-5.9.3.pom
[2026-09-03T23:53:35.630Z] [INFO] Downloaded from central: https://repo.maven.apache.org/maven2/org/junit/junit-bom/5.9.3/junit-bom-5.9.3.pom (5.6 kB at 152 kB/s)
[2026-09-03T23:53:35.630Z] [INFO] Downloading from central: https://repo.maven.apache.org/maven2/org/apache/httpcomponents/core5/httpcore5/5.2.4/httpcore5-5.2.4.pom
[2026-09-03T23:53:35.630Z] [INFO] Downloaded from central: https://repo.maven.apache.org/maven2/org/apache/httpcomponents/core5/httpcore5/5.2.4/httpcore5-5.2.4.pom (3.9 kB at 76 kB/s)
[2026-09-03T23:53:35.630Z] [INFO] Downloading from central: https://repo.maven.apache.org/maven2/org/apache/httpcomponents/core5/httpcore5-parent/5.2.4/httpcore5-parent-5.2.4.pom
[2026-09-03T23:53:35.887Z] [INFO] Downloaded from central: https://repo.maven.apache.org/maven2/org/apache/httpcomponents/core5/httpcore5-parent/5.2.4/httpcore5-parent-5.2.4.pom (14 kB at 286 kB/s)
[2026-09-03T23:53:35.887Z] [INFO] Downloading from central: https://repo.maven.apache.org/maven2/org/apache/httpcomponents/core5/httpcore5-h2/5.2.4/httpcore5-h2-5.2.4.pom
[2026-09-03T23:53:35.887Z] [INFO] Downloaded from central: https://repo.maven.apache.org/maven2/org/apache/httpcomponents/core5/httpcore5-h2/5.2.4/httpcore5-h2-5.2.4.pom (3.6 kB at 100 kB/s)
[2026-09-03T23:53:35.887Z] [INFO] Downloading from central: https://repo.maven.apache.org/maven2/org/springframework/spring-core/6.0.10/spring-core-6.0.10.pom
[2026-09-03T23:53:35.887Z] [INFO] Downloaded from central: https://repo.maven.apache.org/maven2/org/springframework/spring-core/6.0.10/spring-core-6.0.10.pom (2.0 kB at 46 kB/s)
[2026-09-03T23:53:35.887Z] [INFO] Downloading from central: https://repo.maven.apache.org/maven2/org/springframework/spring-jcl/6.0.10/spring-jcl-6.0.10.pom
[2026-09-03T23:53:35.887Z] [INFO] Downloaded from central: https://repo.maven.apache.org/maven2/org/springframework/spring-jcl/6.0.10/spring-jcl-6.0.10.pom (1.8 kB at 41 kB/s)
[2026-09-03T23:53:35.887Z] [INFO] Downloading from central: https://repo.maven.apache.org/maven2/org/antlr/antlr4-runtime/4.7.2/antlr4-runtime-4.7.2.pom
[2026-09-03T23:53:36.138Z] [INFO] Downloaded from central: https://repo.maven.apache.org/maven2/org/antlr/antlr4-runtime/4.7.2/antlr4-runtime-4.7.2.pom (3.6 kB at 62 kB/s)
[2026-09-03T23:53:36.138Z] [INFO] Downloading from central: https://repo.maven.apache.org/maven2/org/antlr/antlr4-master/4.7.2/antlr4-master-4.7.2.pom
[2026-09-03T23:53:36.138Z] [INFO] Downloaded from central: https://repo.maven.apache.org/maven2/org/antlr/antlr4-master/4.7.2/antlr4-master-4.7.2.pom (4.4 kB at 116 kB/s)
[2026-09-03T23:53:36.138Z] [INFO] Downloading from central: https://repo.maven.apache.org/maven2/com/google/code/findbugs/jsr305/3.0.2/jsr305-3.0.2.pom
[2026-09-03T23:53:36.138Z] [INFO] Downloaded from central: https://repo.maven.apache.org/maven2/com/google/code/findbugs/jsr305/3.0.2/jsr305-3.0.2.pom (4.3 kB at 119 kB/s)
[2026-09-03T23:53:36.138Z] [INFO] Downloading from central: https://repo.maven.apache.org/maven2/org/springframework/boot/spring-boot-loader-tools/3.2.5/spring-boot-loader-tools-3.2.5.pom
[2026-09-03T23:53:36.138Z] [INFO] Downloaded from central: https://repo.maven.apache.org/maven2/org/springframework/boot/spring-boot-loader-tools/3.2.5/spring-boot-loader-tools-3.2.5.pom (2.2 kB at 68 kB/s)
[2026-09-03T23:53:36.138Z] [INFO] Downloading from central: https://repo.maven.apache.org/maven2/org/apache/maven/shared/maven-common-artifact-filters/3.3.2/maven-common-artifact-filters-3.3.2.pom
[2026-09-03T23:53:36.138Z] [INFO] Downloaded from central: https://repo.maven.apache.org/maven2/org/apache/maven/shared/maven-common-artifact-filters/3.3.2/maven-common-artifact-filters-3.3.2.pom (5.3 kB at 128 kB/s)
[2026-09-03T23:53:36.138Z] [INFO] Downloading from central: https://repo.maven.apache.org/maven2/org/apache/maven/shared/maven-shared-components/37/maven-shared-components-37.pom
[2026-09-03T23:53:36.138Z] [INFO] Downloaded from central: https://repo.maven.apache.org/maven2/org/apache/maven/shared/maven-shared-components/37/maven-shared-components-37.pom (4.9 kB at 111 kB/s)
[2026-09-03T23:53:36.138Z] [INFO] Downloading from central: https://repo.maven.apache.org/maven2/org/codehaus/plexus/plexus-utils/1.5.8/plexus-utils-1.5.8.pom
[2026-09-03T23:53:36.399Z] [INFO] Downloaded from central: https://repo.maven.apache.org/maven2/org/codehaus/plexus/plexus-utils/1.5.8/plexus-utils-1.5.8.pom (8.1 kB at 161 kB/s)
[2026-09-03T23:53:36.399Z] [INFO] Downloading from central: https://repo.maven.apache.org/maven2/org/codehaus/plexus/plexus/2.0.2/plexus-2.0.2.pom
[2026-09-03T23:53:36.399Z] [INFO] Downloaded from central: https://repo.maven.apache.org/maven2/org/codehaus/plexus/plexus/2.0.2/plexus-2.0.2.pom (12 kB at 237 kB/s)
[2026-09-03T23:53:36.399Z] [INFO] Downloading from central: https://repo.maven.apache.org/maven2/org/apache/maven/plugins/maven-shade-plugin/3.5.0/maven-shade-plugin-3.5.0.pom
[2026-09-03T23:53:36.399Z] [INFO] Downloaded from central: https://repo.maven.apache.org/maven2/org/apache/maven/plugins/maven-shade-plugin/3.5.0/maven-shade-plugin-3.5.0.pom (12 kB at 244 kB/s)
[2026-09-03T23:53:36.399Z] [INFO] Downloading from central: https://repo.maven.apache.org/maven2/org/slf4j/slf4j-api/1.7.32/slf4j-api-1.7.32.pom
[2026-09-03T23:53:36.399Z] [INFO] Downloaded from central: https://repo.maven.apache.org/maven2/org/slf4j/slf4j-api/1.7.32/slf4j-api-1.7.32.pom (3.8 kB at 98 kB/s)
[2026-09-03T23:53:36.399Z] [INFO] Downloading from central: https://repo.maven.apache.org/maven2/org/slf4j/slf4j-parent/1.7.32/slf4j-parent-1.7.32.pom
[2026-09-03T23:53:36.399Z] [INFO] Downloaded from central: https://repo.maven.apache.org/maven2/org/slf4j/slf4j-parent/1.7.32/slf4j-parent-1.7.32.pom (14 kB at 345 kB/s)
[2026-09-03T23:53:36.399Z] [INFO] Downloading from central: https://repo.maven.apache.org/maven2/org/ow2/asm/asm/9.5/asm-9.5.pom
[2026-09-03T23:53:36.656Z] [INFO] Downloaded from central: https://repo.maven.apache.org/maven2/org/ow2/asm/asm/9.5/asm-9.5.pom (2.4 kB at 59 kB/s)
[2026-09-03T23:53:36.656Z] [INFO] Downloading from central: https://repo.maven.apache.org/maven2/org/ow2/asm/asm-commons/9.5/asm-commons-9.5.pom
[2026-09-03T23:53:36.656Z] [INFO] Downloaded from central: https://repo.maven.apache.org/maven2/org/ow2/asm/asm-commons/9.5/asm-commons-9.5.pom (2.8 kB at 63 kB/s)
[2026-09-03T23:53:36.656Z] [INFO] Downloading from central: https://repo.maven.apache.org/maven2/org/ow2/asm/asm-tree/9.5/asm-tree-9.5.pom
[2026-09-03T23:53:36.656Z] [INFO] Downloaded from central: https://repo.maven.apache.org/maven2/org/ow2/asm/asm-tree/9.5/asm-tree-9.5.pom (2.6 kB at 51 kB/s)
[2026-09-03T23:53:36.656Z] [INFO] Downloading from central: https://repo.maven.apache.org/maven2/org/jdom/jdom2/2.0.6.1/jdom2-2.0.6.1.pom
[2026-09-03T23:53:36.656Z] [INFO] Downloaded from central: https://repo.maven.apache.org/maven2/org/jdom/jdom2/2.0.6.1/jdom2-2.0.6.1.pom (4.6 kB at 82 kB/s)
[2026-09-03T23:53:36.656Z] [INFO] Downloading from central: https://repo.maven.apache.org/maven2/org/apache/maven/shared/maven-dependency-tree/3.2.1/maven-dependency-tree-3.2.1.pom
[2026-09-03T23:53:36.656Z] [INFO] Downloaded from central: https://repo.maven.apache.org/maven2/org/apache/maven/shared/maven-dependency-tree/3.2.1/maven-dependency-tree-3.2.1.pom (6.2 kB at 156 kB/s)
[2026-09-03T23:53:36.907Z] [INFO] Downloading from central: https://repo.maven.apache.org/maven2/commons-io/commons-io/2.13.0/commons-io-2.13.0.pom
[2026-09-03T23:53:36.907Z] [INFO] Downloaded from central: https://repo.maven.apache.org/maven2/commons-io/commons-io/2.13.0/commons-io-2.13.0.pom (20 kB at 535 kB/s)
[2026-09-03T23:53:36.907Z] [INFO] Downloading from central: https://repo.maven.apache.org/maven2/org/apache/commons/commons-parent/58/commons-parent-58.pom
[2026-09-03T23:53:36.907Z] [INFO] Downloaded from central: https://repo.maven.apache.org/maven2/org/apache/commons/commons-parent/58/commons-parent-58.pom (83 kB at 2.2 MB/s)
[2026-09-03T23:53:36.907Z] [INFO] Downloading from central: https://repo.maven.apache.org/maven2/org/vafer/jdependency/2.8.0/jdependency-2.8.0.pom
[2026-09-03T23:53:36.907Z] [INFO] Downloaded from central: https://repo.maven.apache.org/maven2/org/vafer/jdependency/2.8.0/jdependency-2.8.0.pom (14 kB at 331 kB/s)
[2026-09-03T23:53:36.907Z] [INFO] Downloading from central: https://repo.maven.apache.org/maven2/org/apache/commons/commons-collections4/4.4/commons-collections4-4.4.pom
[2026-09-03T23:53:36.907Z] [INFO] Downloaded from central: https://repo.maven.apache.org/maven2/org/apache/commons/commons-collections4/4.4/commons-collections4-4.4.pom (24 kB at 517 kB/s)
[2026-09-03T23:53:36.907Z] [INFO] Downloading from central: https://repo.maven.apache.org/maven2/org/apache/commons/commons-parent/48/commons-parent-48.pom
[2026-09-03T23:53:36.912Z] [INFO] Downloaded from central: https://repo.maven.apache.org/maven2/org/apache/commons/commons-parent/48/commons-parent-48.pom (72 kB at 2.0 MB/s)
[2026-09-03T23:53:36.912Z] [INFO] Downloading from central: https://repo.maven.apache.org/maven2/org/apache/apache/21/apache-21.pom
[2026-09-03T23:53:37.162Z] [INFO] Downloaded from central: https://repo.maven.apache.org/maven2/org/apache/apache/21/apache-21.pom (17 kB at 489 kB/s)
[2026-09-03T23:53:37.162Z] [INFO] Downloading from central: https://repo.maven.apache.org/maven2/org/springframework/boot/spring-boot-buildpack-platform/3.2.5/spring-boot-buildpack-platform-3.2.5.jar
[2026-09-03T23:53:37.162Z] [INFO] Downloaded from central: https://repo.maven.apache.org/maven2/org/springframework/boot/spring-boot-buildpack-platform/3.2.5/spring-boot-buildpack-platform-3.2.5.jar (272 kB at 5.3 MB/s)
[2026-09-03T23:53:37.163Z] [INFO] Downloading from central: https://repo.maven.apache.org/maven2/com/fasterxml/jackson/core/jackson-databind/2.14.2/jackson-databind-2.14.2.jar
[2026-09-03T23:53:37.163Z] [INFO] Downloading from central: https://repo.maven.apache.org/maven2/com/fasterxml/jackson/core/jackson-annotations/2.14.2/jackson-annotations-2.14.2.jar
[2026-09-03T23:53:37.163Z] [INFO] Downloading from central: https://repo.maven.apache.org/maven2/com/fasterxml/jackson/core/jackson-core/2.14.2/jackson-core-2.14.2.jar
[2026-09-03T23:53:37.163Z] [INFO] Downloading from central: https://repo.maven.apache.org/maven2/net/java/dev/jna/jna-platform/5.13.0/jna-platform-5.13.0.jar
[2026-09-03T23:53:37.163Z] [INFO] Downloading from central: https://repo.maven.apache.org/maven2/com/fasterxml/jackson/module/jackson-module-parameter-names/2.14.2/jackson-module-parameter-names-2.14.2.jar
[2026-09-03T23:53:37.163Z] [INFO] Downloaded from central: https://repo.maven.apache.org/maven2/com/fasterxml/jackson/core/jackson-annotations/2.14.2/jackson-annotations-2.14.2.jar (77 kB at 1.5 MB/s)
[2026-09-03T23:53:37.163Z] [INFO] Downloading from central: https://repo.maven.apache.org/maven2/net/java/dev/jna/jna/5.13.0/jna-5.13.0.jar
[2026-09-03T23:53:37.163Z] [INFO] Downloaded from central: https://repo.maven.apache.org/maven2/com/fasterxml/jackson/module/jackson-module-parameter-names/2.14.2/jackson-module-parameter-names-2.14.2.jar (9.5 kB at 182 kB/s)
[2026-09-03T23:53:37.163Z] [INFO] Downloading from central: https://repo.maven.apache.org/maven2/org/apache/httpcomponents/client5/httpclient5/5.2.3/httpclient5-5.2.3.jar
[2026-09-03T23:53:37.163Z] [INFO] Downloaded from central: https://repo.maven.apache.org/maven2/com/fasterxml/jackson/core/jackson-core/2.14.2/jackson-core-2.14.2.jar (459 kB at 6.8 MB/s)
[2026-09-03T23:53:37.163Z] [INFO] Downloading from central: https://repo.maven.apache.org/maven2/org/apache/httpcomponents/core5/httpcore5/5.2.4/httpcore5-5.2.4.jar
[2026-09-03T23:53:37.163Z] [INFO] Downloaded from central: https://repo.maven.apache.org/maven2/com/fasterxml/jackson/core/jackson-databind/2.14.2/jackson-databind-2.14.2.jar (1.6 MB at 11 MB/s)
[2026-09-03T23:53:37.163Z] [INFO] Downloading from central: https://repo.maven.apache.org/maven2/org/apache/httpcomponents/core5/httpcore5-h2/5.2.4/httpcore5-h2-5.2.4.jar
[2026-09-03T23:53:37.163Z] [INFO] Downloaded from central: https://repo.maven.apache.org/maven2/net/java/dev/jna/jna-platform/5.13.0/jna-platform-5.13.0.jar (1.4 MB at 9.6 MB/s)
[2026-09-03T23:53:37.163Z] [INFO] Downloading from central: https://repo.maven.apache.org/maven2/org/tomlj/tomlj/1.0.0/tomlj-1.0.0.jar
[2026-09-03T23:53:37.414Z] [INFO] Downloaded from central: https://repo.maven.apache.org/maven2/org/apache/httpcomponents/client5/httpclient5/5.2.3/httpclient5-5.2.3.jar (843 kB at 4.8 MB/s)
[2026-09-03T23:53:37.414Z] [INFO] Downloading from central: https://repo.maven.apache.org/maven2/org/antlr/antlr4-runtime/4.7.2/antlr4-runtime-4.7.2.jar
[2026-09-03T23:53:37.414Z] [INFO] Downloaded from central: https://repo.maven.apache.org/maven2/org/apache/httpcomponents/core5/httpcore5-h2/5.2.4/httpcore5-h2-5.2.4.jar (237 kB at 1.1 MB/s)
[2026-09-03T23:53:37.414Z] [INFO] Downloading from central: https://repo.maven.apache.org/maven2/com/google/code/findbugs/jsr305/3.0.2/jsr305-3.0.2.jar
[2026-09-03T23:53:37.414Z] [INFO] Downloaded from central: https://repo.maven.apache.org/maven2/org/tomlj/tomlj/1.0.0/tomlj-1.0.0.jar (157 kB at 714 kB/s)
[2026-09-03T23:53:37.414Z] [INFO] Downloading from central: https://repo.maven.apache.org/maven2/org/springframework/boot/spring-boot-loader-tools/3.2.5/spring-boot-loader-tools-3.2.5.jar
[2026-09-03T23:53:37.414Z] [INFO] Downloaded from central: https://repo.maven.apache.org/maven2/org/apache/httpcomponents/core5/httpcore5/5.2.4/httpcore5-5.2.4.jar (855 kB at 3.1 MB/s)
[2026-09-03T23:53:37.414Z] [INFO] Downloading from central: https://repo.maven.apache.org/maven2/org/apache/maven/shared/maven-common-artifact-filters/3.3.2/maven-common-artifact-filters-3.3.2.jar
[2026-09-03T23:53:37.414Z] [INFO] Downloaded from central: https://repo.maven.apache.org/maven2/net/java/dev/jna/jna/5.13.0/jna-5.13.0.jar (1.9 MB at 6.6 MB/s)
[2026-09-03T23:53:37.414Z] [INFO] Downloading from central: https://repo.maven.apache.org/maven2/org/codehaus/plexus/plexus-utils/1.5.8/plexus-utils-1.5.8.jar
[2026-09-03T23:53:37.414Z] [INFO] Downloaded from central: https://repo.maven.apache.org/maven2/com/google/code/findbugs/jsr305/3.0.2/jsr305-3.0.2.jar (20 kB at 69 kB/s)
[2026-09-03T23:53:37.414Z] [INFO] Downloading from central: https://repo.maven.apache.org/maven2/org/apache/maven/plugins/maven-shade-plugin/3.5.0/maven-shade-plugin-3.5.0.jar
[2026-09-03T23:53:37.414Z] [INFO] Downloaded from central: https://repo.maven.apache.org/maven2/org/antlr/antlr4-runtime/4.7.2/antlr4-runtime-4.7.2.jar (338 kB at 1.1 MB/s)
[2026-09-03T23:53:37.414Z] [INFO] Downloading from central: https://repo.maven.apache.org/maven2/org/ow2/asm/asm/9.5/asm-9.5.jar
[2026-09-03T23:53:37.414Z] [INFO] Downloaded from central: https://repo.maven.apache.org/maven2/org/springframework/boot/spring-boot-loader-tools/3.2.5/spring-boot-loader-tools-3.2.5.jar (435 kB at 1.5 MB/s)
[2026-09-03T23:53:37.414Z] [INFO] Downloading from central: https://repo.maven.apache.org/maven2/org/ow2/asm/asm-commons/9.5/asm-commons-9.5.jar
[2026-09-03T23:53:37.414Z] [INFO] Downloaded from central: https://repo.maven.apache.org/maven2/org/apache/maven/shared/maven-common-artifact-filters/3.3.2/maven-common-artifact-filters-3.3.2.jar (58 kB at 173 kB/s)
[2026-09-03T23:53:37.414Z] [INFO] Downloading from central: https://repo.maven.apache.org/maven2/org/ow2/asm/asm-tree/9.5/asm-tree-9.5.jar
[2026-09-03T23:53:37.414Z] [INFO] Downloaded from central: https://repo.maven.apache.org/maven2/org/apache/maven/plugins/maven-shade-plugin/3.5.0/maven-shade-plugin-3.5.0.jar (147 kB at 413 kB/s)
[2026-09-03T23:53:37.414Z] [INFO] Downloading from central: https://repo.maven.apache.org/maven2/org/jdom/jdom2/2.0.6.1/jdom2-2.0.6.1.jar
[2026-09-03T23:53:37.414Z] [INFO] Downloaded from central: https://repo.maven.apache.org/maven2/org/ow2/asm/asm/9.5/asm-9.5.jar (122 kB at 339 kB/s)
[2026-09-03T23:53:37.414Z] [INFO] Downloading from central: https://repo.maven.apache.org/maven2/org/apache/maven/shared/maven-dependency-tree/3.2.1/maven-dependency-tree-3.2.1.jar
[2026-09-03T23:53:37.414Z] [INFO] Downloaded from central: https://repo.maven.apache.org/maven2/org/codehaus/plexus/plexus-utils/1.5.8/plexus-utils-1.5.8.jar (268 kB at 734 kB/s)
[2026-09-03T23:53:37.414Z] [INFO] Downloaded from central: https://repo.maven.apache.org/maven2/org/ow2/asm/asm-commons/9.5/asm-commons-9.5.jar (72 kB at 197 kB/s)
[2026-09-03T23:53:37.414Z] [INFO] Downloading from central: https://repo.maven.apache.org/maven2/commons-io/commons-io/2.13.0/commons-io-2.13.0.jar
[2026-09-03T23:53:37.414Z] [INFO] Downloading from central: https://repo.maven.apache.org/maven2/org/vafer/jdependency/2.8.0/jdependency-2.8.0.jar
[2026-09-03T23:53:37.670Z] [INFO] Downloaded from central: https://repo.maven.apache.org/maven2/org/apache/maven/shared/maven-dependency-tree/3.2.1/maven-dependency-tree-3.2.1.jar (43 kB at 107 kB/s)
[2026-09-03T23:53:37.670Z] [INFO] Downloading from central: https://repo.maven.apache.org/maven2/org/apache/commons/commons-collections4/4.4/commons-collections4-4.4.jar
[2026-09-03T23:53:37.670Z] [INFO] Downloaded from central: https://repo.maven.apache.org/maven2/org/jdom/jdom2/2.0.6.1/jdom2-2.0.6.1.jar (328 kB at 766 kB/s)
[2026-09-03T23:53:37.670Z] [INFO] Downloaded from central: https://repo.maven.apache.org/maven2/org/ow2/asm/asm-tree/9.5/asm-tree-9.5.jar (52 kB at 111 kB/s)
[2026-09-03T23:53:37.670Z] [INFO] Downloaded from central: https://repo.maven.apache.org/maven2/org/vafer/jdependency/2.8.0/jdependency-2.8.0.jar (233 kB at 491 kB/s)
[2026-09-03T23:53:37.670Z] [INFO] Downloaded from central: https://repo.maven.apache.org/maven2/commons-io/commons-io/2.13.0/commons-io-2.13.0.jar (484 kB at 964 kB/s)
[2026-09-03T23:53:37.670Z] [INFO] Downloaded from central: https://repo.maven.apache.org/maven2/org/apache/commons/commons-collections4/4.4/commons-collections4-4.4.jar (752 kB at 1.2 MB/s)
[2026-09-03T23:53:38.589Z] [INFO] Replacing main artifact /var/jenkins_home/workspace/ice_broken_vulnerable-dependency/target/order-service.jar with repackaged archive, adding nested dependencies in BOOT-INF/.
[2026-09-03T23:53:38.589Z] [INFO] The original artifact has been renamed to /var/jenkins_home/workspace/ice_broken_vulnerable-dependency/target/order-service.jar.original
[2026-09-03T23:53:38.589Z] [INFO] ------------------------------------------------------------------------
[2026-09-03T23:53:38.589Z] [INFO] BUILD SUCCESS
[2026-09-03T23:53:38.589Z] [INFO] ------------------------------------------------------------------------
[2026-09-03T23:53:38.589Z] [INFO] Total time:  29.183 s
[2026-09-03T23:53:38.589Z] [INFO] Finished at: 2026-09-03T23:53:38Z
[2026-09-03T23:53:38.589Z] [INFO] ------------------------------------------------------------------------
[Pipeline] }
[Pipeline] // stage
[Pipeline] stage
[Pipeline] { (Test)
[Pipeline] sh
[2026-09-03T23:53:39.359Z] + mvn -B test
[2026-09-03T23:53:44.560Z] [INFO] Scanning for projects...
[2026-09-03T23:53:45.117Z] [INFO] 
[2026-09-03T23:53:45.117Z] [INFO] -------------------< com.kenteretail:order-service >--------------------
[2026-09-03T23:53:45.117Z] [INFO] Building order-service 0.1.0
[2026-09-03T23:53:45.117Z] [INFO]   from pom.xml
[2026-09-03T23:53:45.117Z] [INFO] --------------------------------[ jar ]---------------------------------
[2026-09-03T23:53:46.469Z] [INFO] 
[2026-09-03T23:53:46.469Z] [INFO] --- resources:3.3.1:resources (default-resources) @ order-service ---
[2026-09-03T23:53:47.020Z] [INFO] skip non existing resourceDirectory /var/jenkins_home/workspace/ice_broken_vulnerable-dependency/src/main/resources
[2026-09-03T23:53:47.020Z] [INFO] skip non existing resourceDirectory /var/jenkins_home/workspace/ice_broken_vulnerable-dependency/src/main/resources
[2026-09-03T23:53:47.020Z] [INFO] 
[2026-09-03T23:53:47.020Z] [INFO] --- compiler:3.11.0:compile (default-compile) @ order-service ---
[2026-09-03T23:53:47.579Z] [INFO] Nothing to compile - all classes are up to date
[2026-09-03T23:53:47.579Z] [INFO] 
[2026-09-03T23:53:47.579Z] [INFO] --- resources:3.3.1:testResources (default-testResources) @ order-service ---
[2026-09-03T23:53:47.579Z] [INFO] skip non existing resourceDirectory /var/jenkins_home/workspace/ice_broken_vulnerable-dependency/src/test/resources
[2026-09-03T23:53:47.579Z] [INFO] 
[2026-09-03T23:53:47.579Z] [INFO] --- compiler:3.11.0:testCompile (default-testCompile) @ order-service ---
[2026-09-03T23:53:47.579Z] [INFO] Nothing to compile - all classes are up to date
[2026-09-03T23:53:47.579Z] [INFO] 
[2026-09-03T23:53:47.579Z] [INFO] --- surefire:3.1.2:test (default-test) @ order-service ---
[2026-09-03T23:53:48.503Z] [INFO] Using auto detected provider org.apache.maven.surefire.junitplatform.JUnitPlatformProvider
[2026-09-03T23:53:49.062Z] [INFO] Downloading from central: https://repo.maven.apache.org/maven2/org/apache/maven/surefire/surefire-junit-platform/3.1.2/surefire-junit-platform-3.1.2.pom
[2026-09-03T23:53:49.979Z] [INFO] Downloaded from central: https://repo.maven.apache.org/maven2/org/apache/maven/surefire/surefire-junit-platform/3.1.2/surefire-junit-platform-3.1.2.pom (4.7 kB at 6.4 kB/s)
[2026-09-03T23:53:49.979Z] [INFO] Downloading from central: https://repo.maven.apache.org/maven2/org/junit/platform/junit-platform-commons/1.9.2/junit-platform-commons-1.9.2.pom
[2026-09-03T23:53:49.979Z] [INFO] Downloaded from central: https://repo.maven.apache.org/maven2/org/junit/platform/junit-platform-commons/1.9.2/junit-platform-commons-1.9.2.pom (2.8 kB at 52 kB/s)
[2026-09-03T23:53:49.979Z] [INFO] Downloading from central: https://repo.maven.apache.org/maven2/org/apache/maven/surefire/surefire-junit-platform/3.1.2/surefire-junit-platform-3.1.2.jar
[2026-09-03T23:53:49.979Z] [INFO] Downloaded from central: https://repo.maven.apache.org/maven2/org/apache/maven/surefire/surefire-junit-platform/3.1.2/surefire-junit-platform-3.1.2.jar (27 kB at 266 kB/s)
[2026-09-03T23:53:49.979Z] [INFO] Downloading from central: https://repo.maven.apache.org/maven2/org/apache/maven/surefire/common-java5/3.1.2/common-java5-3.1.2.jar
[2026-09-03T23:53:49.979Z] [INFO] Downloading from central: https://repo.maven.apache.org/maven2/org/junit/platform/junit-platform-launcher/1.9.2/junit-platform-launcher-1.9.2.jar
[2026-09-03T23:53:50.239Z] [INFO] Downloading from central: https://repo.maven.apache.org/maven2/org/junit/platform/junit-platform-engine/1.9.2/junit-platform-engine-1.9.2.jar
[2026-09-03T23:53:50.239Z] [INFO] Downloading from central: https://repo.maven.apache.org/maven2/org/junit/platform/junit-platform-commons/1.9.2/junit-platform-commons-1.9.2.jar
[2026-09-03T23:53:50.239Z] [INFO] Downloading from central: https://repo.maven.apache.org/maven2/org/opentest4j/opentest4j/1.2.0/opentest4j-1.2.0.jar
[2026-09-03T23:53:50.239Z] [INFO] Downloaded from central: https://repo.maven.apache.org/maven2/org/apache/maven/surefire/common-java5/3.1.2/common-java5-3.1.2.jar (18 kB at 214 kB/s)
[2026-09-03T23:53:50.239Z] [INFO] Downloaded from central: https://repo.maven.apache.org/maven2/org/opentest4j/opentest4j/1.2.0/opentest4j-1.2.0.jar (7.7 kB at 39 kB/s)
[2026-09-03T23:53:50.493Z] [INFO] Downloaded from central: https://repo.maven.apache.org/maven2/org/junit/platform/junit-platform-commons/1.9.2/junit-platform-commons-1.9.2.jar (103 kB at 328 kB/s)
[2026-09-03T23:53:50.493Z] [INFO] Downloaded from central: https://repo.maven.apache.org/maven2/org/junit/platform/junit-platform-engine/1.9.2/junit-platform-engine-1.9.2.jar (189 kB at 536 kB/s)
[2026-09-03T23:53:50.493Z] [INFO] Downloaded from central: https://repo.maven.apache.org/maven2/org/junit/platform/junit-platform-launcher/1.9.2/junit-platform-launcher-1.9.2.jar (169 kB at 424 kB/s)
[2026-09-03T23:53:50.493Z] [INFO] Downloading from central: https://repo.maven.apache.org/maven2/org/junit/platform/junit-platform-launcher/1.10.2/junit-platform-launcher-1.10.2.pom
[2026-09-03T23:53:50.743Z] [INFO] Downloaded from central: https://repo.maven.apache.org/maven2/org/junit/platform/junit-platform-launcher/1.10.2/junit-platform-launcher-1.10.2.pom (3.0 kB at 25 kB/s)
[2026-09-03T23:53:50.744Z] [INFO] Downloading from central: https://repo.maven.apache.org/maven2/org/junit/platform/junit-platform-launcher/1.10.2/junit-platform-launcher-1.10.2.jar
[2026-09-03T23:53:50.744Z] [INFO] Downloaded from central: https://repo.maven.apache.org/maven2/org/junit/platform/junit-platform-launcher/1.10.2/junit-platform-launcher-1.10.2.jar (184 kB at 1.2 MB/s)
[2026-09-03T23:53:50.744Z] [INFO] 
[2026-09-03T23:53:50.744Z] [INFO] -------------------------------------------------------
[2026-09-03T23:53:50.744Z] [INFO]  T E S T S
[2026-09-03T23:53:50.744Z] [INFO] -------------------------------------------------------
[2026-09-03T23:53:52.607Z] [INFO] Running com.kenteretail.orderservice.OrderControllerTest
[2026-09-03T23:53:53.158Z] [INFO] Tests run: 5, Failures: 0, Errors: 0, Skipped: 0, Time elapsed: 0.284 s -- in com.kenteretail.orderservice.OrderControllerTest
[2026-09-03T23:53:53.158Z] [INFO] 
[2026-09-03T23:53:53.158Z] [INFO] Results:
[2026-09-03T23:53:53.158Z] [INFO] 
[2026-09-03T23:53:53.158Z] [INFO] Tests run: 5, Failures: 0, Errors: 0, Skipped: 0
[2026-09-03T23:53:53.158Z] [INFO] 
[2026-09-03T23:53:53.158Z] [INFO] ------------------------------------------------------------------------
[2026-09-03T23:53:53.158Z] [INFO] BUILD SUCCESS
[2026-09-03T23:53:53.158Z] [INFO] ------------------------------------------------------------------------
[2026-09-03T23:53:53.158Z] [INFO] Total time:  9.294 s
[2026-09-03T23:53:53.158Z] [INFO] Finished at: 2026-09-03T23:53:52Z
[2026-09-03T23:53:53.158Z] [INFO] ------------------------------------------------------------------------
Post stage
[Pipeline] junit
[2026-09-03T23:53:53.262Z] Recording test results
[2026-09-03T23:53:53.438Z] [Checks API] No suitable checks publisher found.
[Pipeline] }
[Pipeline] // stage
[Pipeline] stage
[Pipeline] { (Containerize)
[Pipeline] sh
[2026-09-03T23:53:53.916Z] + docker build -t kente-retail/order-service:1-c2fbd2e .
[2026-09-03T23:53:54.167Z] DEPRECATED: The legacy builder is deprecated and will be removed in a future release.
[2026-09-03T23:53:54.167Z]             Install the buildx component to build images with BuildKit:
[2026-09-03T23:53:54.167Z]             https://docs.docker.com/go/buildx/
[2026-09-03T23:53:54.167Z] 
[2026-09-03T23:53:54.418Z] Sending build context to Docker daemon  22.09MB[2026-09-03T23:53:54.418Z] 
[2026-09-03T23:53:54.418Z] Step 1/10 : FROM maven:3.9-eclipse-temurin-17 AS build
[2026-09-03T23:53:54.669Z] 3.9-eclipse-temurin-17: Pulling from library/maven
[2026-09-03T23:53:54.669Z] 0926a8eb0e60: Pulling fs layer
[2026-09-03T23:53:54.669Z] 4306d2deb593: Pulling fs layer
[2026-09-03T23:53:54.669Z] ef051fd32dba: Pulling fs layer
[2026-09-03T23:53:54.669Z] 68d55e831f50: Pulling fs layer
[2026-09-03T23:53:54.669Z] 8b7049efea6c: Pulling fs layer
[2026-09-03T23:53:54.669Z] 85545bd5b63b: Pulling fs layer
[2026-09-03T23:53:54.669Z] f3ae0117dabc: Pulling fs layer
[2026-09-03T23:53:54.669Z] 964f972c781a: Pulling fs layer
[2026-09-03T23:53:54.669Z] e703c6a2a25b: Pulling fs layer
[2026-09-03T23:53:54.669Z] 40b806e03eba: Pulling fs layer
[2026-09-03T23:53:54.669Z] 40b806e03eba: Waiting
[2026-09-03T23:53:54.669Z] 68d55e831f50: Waiting
[2026-09-03T23:53:54.669Z] 8b7049efea6c: Waiting
[2026-09-03T23:53:54.669Z] 85545bd5b63b: Waiting
[2026-09-03T23:53:54.669Z] f3ae0117dabc: Waiting
[2026-09-03T23:53:54.669Z] 964f972c781a: Waiting
[2026-09-03T23:53:54.669Z] e703c6a2a25b: Waiting
[2026-09-03T23:53:55.220Z] 0926a8eb0e60: Verifying Checksum
[2026-09-03T23:53:55.220Z] 0926a8eb0e60: Download complete
[2026-09-03T23:53:55.220Z] 4306d2deb593: Verifying Checksum
[2026-09-03T23:53:55.220Z] 4306d2deb593: Download complete
[2026-09-03T23:53:55.471Z] 68d55e831f50: Verifying Checksum
[2026-09-03T23:53:55.471Z] 68d55e831f50: Download complete
[2026-09-03T23:53:55.471Z] 8b7049efea6c: Verifying Checksum
[2026-09-03T23:53:55.471Z] 8b7049efea6c: Download complete
[2026-09-03T23:53:55.721Z] f3ae0117dabc: Verifying Checksum
[2026-09-03T23:53:55.721Z] f3ae0117dabc: Download complete
[2026-09-03T23:53:55.972Z] 964f972c781a: Verifying Checksum
[2026-09-03T23:53:55.972Z] 964f972c781a: Download complete
[2026-09-03T23:53:55.972Z] e703c6a2a25b: Verifying Checksum
[2026-09-03T23:53:55.972Z] e703c6a2a25b: Download complete
[2026-09-03T23:53:55.972Z] 85545bd5b63b: Verifying Checksum
[2026-09-03T23:53:55.972Z] 85545bd5b63b: Download complete
[2026-09-03T23:53:56.222Z] 40b806e03eba: Verifying Checksum
[2026-09-03T23:53:56.222Z] 40b806e03eba: Download complete
[2026-09-03T23:53:57.149Z] ef051fd32dba: Verifying Checksum
[2026-09-03T23:53:57.149Z] ef051fd32dba: Download complete
[2026-09-03T23:53:57.709Z] 0926a8eb0e60: Pull complete
[2026-09-03T23:53:59.053Z] 4306d2deb593: Pull complete
[2026-09-03T23:54:02.282Z] ef051fd32dba: Pull complete
[2026-09-03T23:54:02.282Z] 68d55e831f50: Pull complete
[2026-09-03T23:54:02.282Z] 8b7049efea6c: Pull complete
[2026-09-03T23:54:03.626Z] 85545bd5b63b: Pull complete
[2026-09-03T23:54:03.626Z] f3ae0117dabc: Pull complete
[2026-09-03T23:54:03.626Z] 964f972c781a: Pull complete
[2026-09-03T23:54:03.626Z] e703c6a2a25b: Pull complete
[2026-09-03T23:54:03.626Z] 40b806e03eba: Pull complete
[2026-09-03T23:54:03.626Z] Digest: sha256:a8746f15d5bb26b5b8bacb056cc76211553850f4c71d16aff845cfa004cbc197
[2026-09-03T23:54:03.626Z] Status: Image is up to date for maven:3.9-eclipse-temurin-17
[2026-09-03T23:54:03.877Z]  ---> e16130562213
[2026-09-03T23:54:03.877Z] Step 2/10 : WORKDIR /app
[2026-09-03T23:54:03.877Z]  ---> Running in 273052aca4c8
[2026-09-03T23:54:04.128Z]  ---> Removed intermediate container 273052aca4c8
[2026-09-03T23:54:04.128Z]  ---> 111ad01d9cfe
[2026-09-03T23:54:04.128Z] Step 3/10 : COPY pom.xml .
[2026-09-03T23:54:04.128Z]  ---> 149fe303b841
[2026-09-03T23:54:04.128Z] Step 4/10 : COPY src ./src
[2026-09-03T23:54:04.128Z]  ---> 4630be290733
[2026-09-03T23:54:04.128Z] Step 5/10 : RUN mvn -B -q -DskipTests package
[2026-09-03T23:54:04.128Z]  ---> Running in 0bea40b13f50
[2026-09-03T23:54:36.076Z]  ---> Removed intermediate container 0bea40b13f50
[2026-09-03T23:54:36.076Z]  ---> 26164b52f302
[2026-09-03T23:54:36.076Z] Step 6/10 : FROM eclipse-temurin:17-jre
[2026-09-03T23:54:36.076Z] 17-jre: Pulling from library/eclipse-temurin
[2026-09-03T23:54:36.076Z] 06e9d71331fb: Pulling fs layer
[2026-09-03T23:54:36.076Z] f3db1cd94078: Pulling fs layer
[2026-09-03T23:54:36.076Z] 1a085c661b8f: Pulling fs layer
[2026-09-03T23:54:36.076Z] 409c221e1962: Pulling fs layer
[2026-09-03T23:54:36.076Z] d12223f877f0: Pulling fs layer
[2026-09-03T23:54:36.076Z] 074b156e16dd: Pulling fs layer
[2026-09-03T23:54:36.076Z] 074b156e16dd: Waiting
[2026-09-03T23:54:36.076Z] d12223f877f0: Waiting
[2026-09-03T23:54:36.076Z] 409c221e1962: Waiting
[2026-09-03T23:54:36.076Z] f3db1cd94078: Verifying Checksum
[2026-09-03T23:54:36.076Z] f3db1cd94078: Download complete
[2026-09-03T23:54:36.076Z] 1a085c661b8f: Verifying Checksum
[2026-09-03T23:54:36.076Z] 1a085c661b8f: Download complete
[2026-09-03T23:54:36.076Z] 06e9d71331fb: Verifying Checksum
[2026-09-03T23:54:36.076Z] 06e9d71331fb: Download complete
[2026-09-03T23:54:36.076Z] d12223f877f0: Verifying Checksum
[2026-09-03T23:54:36.076Z] d12223f877f0: Download complete
[2026-09-03T23:54:36.076Z] 074b156e16dd: Verifying Checksum
[2026-09-03T23:54:36.076Z] 074b156e16dd: Download complete
[2026-09-03T23:54:36.076Z] 409c221e1962: Verifying Checksum
[2026-09-03T23:54:36.076Z] 409c221e1962: Download complete
[2026-09-03T23:54:39.306Z] 06e9d71331fb: Pull complete
[2026-09-03T23:54:39.306Z] f3db1cd94078: Pull complete
[2026-09-03T23:54:40.219Z] 1a085c661b8f: Pull complete
[2026-09-03T23:54:42.082Z] 409c221e1962: Pull complete
[2026-09-03T23:54:42.082Z] d12223f877f0: Pull complete
[2026-09-03T23:54:42.082Z] 074b156e16dd: Pull complete
[2026-09-03T23:54:42.082Z] Digest: sha256:13cc28a6cc72a38ce1f00c906be3580c1a3e604b8984d694f369a96742abc93b
[2026-09-03T23:54:42.082Z] Status: Downloaded newer image for eclipse-temurin:17-jre
[2026-09-03T23:54:42.082Z]  ---> 9a3b1de629c5
[2026-09-03T23:54:42.082Z] Step 7/10 : WORKDIR /app
[2026-09-03T23:54:42.082Z]  ---> Running in 451f3b3c1178
[2026-09-03T23:54:42.082Z]  ---> Removed intermediate container 451f3b3c1178
[2026-09-03T23:54:42.082Z]  ---> 739c8d39fc5c
[2026-09-03T23:54:42.082Z] Step 8/10 : COPY --from=build /app/target/order-service.jar app.jar
[2026-09-03T23:54:42.632Z]  ---> 1ee69ec1f3bb
[2026-09-03T23:54:42.632Z] Step 9/10 : EXPOSE 8080
[2026-09-03T23:54:42.632Z]  ---> Running in f51127d53934
[2026-09-03T23:54:42.632Z]  ---> Removed intermediate container f51127d53934
[2026-09-03T23:54:42.632Z]  ---> 653942293045
[2026-09-03T23:54:42.632Z] Step 10/10 : ENTRYPOINT ["java", "-jar", "/app/app.jar"]
[2026-09-03T23:54:42.632Z]  ---> Running in 47f8f09fbe71
[2026-09-03T23:54:42.632Z]  ---> Removed intermediate container 47f8f09fbe71
[2026-09-03T23:54:42.632Z]  ---> e6a43133ce37
[2026-09-03T23:54:42.632Z] Successfully built e6a43133ce37
[2026-09-03T23:54:42.632Z] Successfully tagged kente-retail/order-service:1-c2fbd2e
[Pipeline] }
[Pipeline] // stage
[Pipeline] stage
[Pipeline] { (Security Scan)
[Pipeline] lock
[2026-09-03T23:54:42.808Z] Trying to acquire lock on [Resource: trivy-cache]
[2026-09-03T23:54:42.823Z] Resource [trivy-cache] did not exist. Created.
[2026-09-03T23:54:42.831Z] Lock acquired on [Resource: trivy-cache]
[Pipeline] {
[Pipeline] sh
[2026-09-03T23:54:43.169Z] + trivy image --download-db-only --timeout 10m --no-progress --skip-version-check
[2026-09-03T23:54:44.080Z] 2026-09-03T23:54:43Z	INFO	[vulndb] Need to update DB
[2026-09-03T23:54:44.080Z] 2026-09-03T23:54:43Z	INFO	[vulndb] Downloading vulnerability DB...
[2026-09-03T23:54:44.080Z] 2026-09-03T23:54:43Z	INFO	[vulndb] Downloading artifact...	repo="mirror.gcr.io/aquasec/trivy-db:2"
[2026-09-03T23:54:56.186Z] 2026-09-03T23:54:55Z	INFO	[vulndb] Artifact successfully downloaded	repo="mirror.gcr.io/aquasec/trivy-db:2"
[Pipeline] sh
[2026-09-03T23:54:56.781Z] + trivy image --scanners vuln --severity CRITICAL,HIGH,MEDIUM --exit-code 0 --no-progress --skip-version-check --format table --output trivy-report.txt kente-retail/order-service:1-c2fbd2e
[2026-09-03T23:54:57.692Z] 2026-09-03T23:54:57Z	INFO	[vuln] Vulnerability scanning is enabled
[2026-09-03T23:55:09.792Z] 2026-09-03T23:55:08Z	INFO	[javadb] Downloading Java DB...
[2026-09-03T23:55:09.792Z] 2026-09-03T23:55:08Z	INFO	[javadb] Downloading artifact...	repo="mirror.gcr.io/aquasec/trivy-java-db:1"
[2026-09-03T23:55:56.301Z] 2026-09-03T23:55:50Z	INFO	[javadb] Artifact successfully downloaded	repo="mirror.gcr.io/aquasec/trivy-java-db:1"
[2026-09-03T23:55:56.301Z] 2026-09-03T23:55:50Z	INFO	[javadb] Java DB is cached for 3 days. If you want to update the database more frequently, "trivy clean --java-db" command clears the DB cache.
[2026-09-03T23:55:56.301Z] 2026-09-03T23:55:51Z	INFO	Detected OS	family="ubuntu" version="26.04"
[2026-09-03T23:55:56.301Z] 2026-09-03T23:55:51Z	INFO	[ubuntu] Detecting vulnerabilities...	os_version="26.04" pkg_num=140
[2026-09-03T23:55:56.301Z] 2026-09-03T23:55:51Z	INFO	Number of language-specific files	num=2
[2026-09-03T23:55:56.301Z] 2026-09-03T23:55:51Z	INFO	[gobinary] Detecting vulnerabilities...
[2026-09-03T23:55:56.301Z] 2026-09-03T23:55:51Z	INFO	[jar] Detecting vulnerabilities...
[2026-09-03T23:55:56.301Z] 2026-09-03T23:55:52Z	WARN	Using severities from other vendors for some vulnerabilities. Read https://trivy.dev/docs/v0.74/guide/scanner/vulnerability#severity-selection for details.
[2026-09-03T23:55:56.301Z] 2026-09-03T23:55:52Z	INFO	Table result includes only package filenames. Use '--format json' option to get the full path to the package file.
[2026-09-03T23:55:56.301Z] + echo --- Trivy report (informational) ---
[2026-09-03T23:55:56.301Z] --- Trivy report (informational) ---
[2026-09-03T23:55:56.301Z] + cat trivy-report.txt
[2026-09-03T23:55:56.301Z] 
[2026-09-03T23:55:56.301Z] Report Summary
[2026-09-03T23:55:56.301Z] 
[2026-09-03T23:55:56.301Z] ┌─────────────────────────────────────────────────────┬──────────┬─────────────────┐
[2026-09-03T23:55:56.301Z] │                       Target                        │   Type   │ Vulnerabilities │
[2026-09-03T23:55:56.301Z] ├─────────────────────────────────────────────────────┼──────────┼─────────────────┤
[2026-09-03T23:55:56.301Z] │ kente-retail/order-service:1-c2fbd2e (ubuntu 26.04) │  ubuntu  │       98        │
[2026-09-03T23:55:56.301Z] ├─────────────────────────────────────────────────────┼──────────┼─────────────────┤
[2026-09-03T23:55:56.301Z] │ app/app.jar                                         │   jar    │       37        │
[2026-09-03T23:55:56.301Z] ├─────────────────────────────────────────────────────┼──────────┼─────────────────┤
[2026-09-03T23:55:56.301Z] │ usr/bin/pebble                                      │ gobinary │        8        │
[2026-09-03T23:55:56.301Z] └─────────────────────────────────────────────────────┴──────────┴─────────────────┘
[2026-09-03T23:55:56.301Z] Legend:
[2026-09-03T23:55:56.301Z] - '-': Not scanned
[2026-09-03T23:55:56.301Z] - '0': Clean (no security findings detected)
[2026-09-03T23:55:56.301Z] 
[2026-09-03T23:55:56.301Z] 
[2026-09-03T23:55:56.301Z] For OSS Maintainers: VEX Notice
[2026-09-03T23:55:56.301Z] --------------------------------
[2026-09-03T23:55:56.301Z] If you're an OSS maintainer and Trivy has detected vulnerabilities in your project that you believe are not actually exploitable, consider issuing a VEX (Vulnerability Exploitability eXchange) statement.
[2026-09-03T23:55:56.301Z] VEX allows you to communicate the actual status of vulnerabilities in your project, improving security transparency and reducing false positives for your users.
[2026-09-03T23:55:56.301Z] Learn more and start using VEX: https://trivy.dev/docs/v0.74/guide/supply-chain/vex/repo#publishing-vex-documents
[2026-09-03T23:55:56.301Z] 
[2026-09-03T23:55:56.301Z] To disable this notice, set the TRIVY_DISABLE_VEX_NOTICE environment variable.
[2026-09-03T23:55:56.301Z] 
[2026-09-03T23:55:56.301Z] 
[2026-09-03T23:55:56.301Z] kente-retail/order-service:1-c2fbd2e (ubuntu 26.04)
[2026-09-03T23:55:56.301Z] ===================================================
[2026-09-03T23:55:56.301Z] Total: 98 (MEDIUM: 98, HIGH: 0, CRITICAL: 0)
[2026-09-03T23:55:56.301Z] 
[2026-09-03T23:55:56.301Z] ┌─────────────────────────┬────────────────┬──────────┬──────────┬──────────────────────────────────┬────────────────────┬──────────────────────────────────────────────────────────────┐
[2026-09-03T23:55:56.301Z] │         Library         │ Vulnerability  │ Severity │  Status  │        Installed Version         │   Fixed Version    │                            Title                             │
[2026-09-03T23:55:56.301Z] ├─────────────────────────┼────────────────┼──────────┼──────────┼──────────────────────────────────┼────────────────────┼──────────────────────────────────────────────────────────────┤
[2026-09-03T23:55:56.301Z] │ bsdutils                │ CVE-2026-13595 │ MEDIUM   │ fixed    │ 1:2.41.3-3ubuntu2                │ 2.41.3-3ubuntu2.2  │ util-linux: util-linux: heap use-after-free in libblkid      │
[2026-09-03T23:55:56.301Z] │                         │                │          │          │                                  │                    │ nested partition probing                                     │
[2026-09-03T23:55:56.301Z] │                         │                │          │          │                                  │                    │ https://avd.aquasec.com/nvd/cve-2026-13595                   │
[2026-09-03T23:55:56.301Z] │                         ├────────────────┤          │          │                                  │                    ├──────────────────────────────────────────────────────────────┤
[2026-09-03T23:55:56.301Z] │                         │ CVE-2026-27456 │          │          │                                  │                    │ util-linux: TOCTOU in the mount program when setting up loop │
[2026-09-03T23:55:56.301Z] │                         │                │          │          │                                  │                    │ devices                                                      │
[2026-09-03T23:55:56.301Z] │                         │                │          │          │                                  │                    │ https://avd.aquasec.com/nvd/cve-2026-27456                   │
[2026-09-03T23:55:56.301Z] │                         ├────────────────┤          │          │                                  │                    ├──────────────────────────────────────────────────────────────┤
[2026-09-03T23:55:56.301Z] │                         │ CVE-2026-3184  │          │          │                                  │                    │ util-linux: util-linux: Access control bypass due to         │
[2026-09-03T23:55:56.301Z] │                         │                │          │          │                                  │                    │ improper hostname canonicalization                           │
[2026-09-03T23:55:56.301Z] │                         │                │          │          │                                  │                    │ https://avd.aquasec.com/nvd/cve-2026-3184                    │
[2026-09-03T23:55:56.302Z] │                         ├────────────────┤          │          │                                  │                    ├──────────────────────────────────────────────────────────────┤
[2026-09-03T23:55:56.302Z] │                         │ CVE-2026-53612 │          │          │                                  │                    │ util-linux: util-linux: TOCTOU in the mount program when     │
[2026-09-03T23:55:56.302Z] │                         │                │          │          │                                  │                    │ applying post-mount ownership/mode changes...                │
[2026-09-03T23:55:56.302Z] │                         │                │          │          │                                  │                    │ https://avd.aquasec.com/nvd/cve-2026-53612                   │
[2026-09-03T23:55:56.302Z] │                         ├────────────────┤          │          │                                  │                    ├──────────────────────────────────────────────────────────────┤
[2026-09-03T23:55:56.302Z] │                         │ CVE-2026-53613 │          │          │                                  │                    │ util-linux: util-linux: TOCTOU in the mount program via      │
[2026-09-03T23:55:56.302Z] │                         │                │          │          │                                  │                    │ ancestor directory swap on...                                │
[2026-09-03T23:55:56.302Z] │                         │                │          │          │                                  │                    │ https://avd.aquasec.com/nvd/cve-2026-53613                   │
[2026-09-03T23:55:56.302Z] │                         ├────────────────┤          │          │                                  │                    ├──────────────────────────────────────────────────────────────┤
[2026-09-03T23:55:56.302Z] │                         │ CVE-2026-53614 │          │          │                                  │                    │ util-linux: util-linux: SUID mount(8) allows nosuid/noexec   │
[2026-09-03T23:55:56.302Z] │                         │                │          │          │                                  │                    │ bypass via LIBMOUNT_FORCE_MOUNT2                             │
[2026-09-03T23:55:56.302Z] │                         │                │          │          │                                  │                    │ https://avd.aquasec.com/nvd/cve-2026-53614                   │
[2026-09-03T23:55:56.302Z] │                         ├────────────────┤          │          │                                  │                    ├──────────────────────────────────────────────────────────────┤
[2026-09-03T23:55:56.302Z] │                         │ CVE-2026-53615 │          │          │                                  │                    │ [Integer Overflow or Wraparound in                           │
[2026-09-03T23:55:56.302Z] │                         │                │          │          │                                  │                    │ libblkid/src/partitions/dos.c]                               │
[2026-09-03T23:55:56.302Z] │                         │                │          │          │                                  │                    │ https://avd.aquasec.com/nvd/cve-2026-53615                   │
[2026-09-03T23:55:56.302Z] ├─────────────────────────┼────────────────┤          │          ├──────────────────────────────────┼────────────────────┼──────────────────────────────────────────────────────────────┤
[2026-09-03T23:55:56.302Z] │ diffutils               │ CVE-2026-53910 │          │          │ 1:3.12-1                         │ 1:3.12-1ubuntu0.1  │ diffutils: heap‑based buffer overflow due to multiple signed │
[2026-09-03T23:55:56.302Z] │                         │                │          │          │                                  │                    │ integer overflows in line‑mapping...                         │
[2026-09-03T23:55:56.302Z] │                         │                │          │          │                                  │                    │ https://avd.aquasec.com/nvd/cve-2026-53910                   │
[2026-09-03T23:55:56.302Z] ├─────────────────────────┼────────────────┤          │          ├──────────────────────────────────┼────────────────────┼──────────────────────────────────────────────────────────────┤
[2026-09-03T23:55:56.302Z] │ gnu-coreutils           │ CVE-2026-56391 │          │          │ 9.7-3ubuntu2                     │ 9.7-3ubuntu2.1     │ coreutils: GNU coreutils uniq: Denial of Service and         │
[2026-09-03T23:55:56.302Z] │                         │                │          │          │                                  │                    │ information disclosure via out-of-bounds...                  │
[2026-09-03T23:55:56.302Z] │                         │                │          │          │                                  │                    │ https://avd.aquasec.com/nvd/cve-2026-56391                   │
[2026-09-03T23:55:56.302Z] ├─────────────────────────┼────────────────┤          │          ├──────────────────────────────────┼────────────────────┼──────────────────────────────────────────────────────────────┤
[2026-09-03T23:55:56.302Z] │ libattr1                │ CVE-2026-54371 │          │          │ 1:2.5.2-4                        │ 1:2.5.2-4ubuntu0.1 │ attr: attr: Symlink Traversal Privilege Escalation via       │
[2026-09-03T23:55:56.302Z] │                         │                │          │          │                                  │                    │ getfattr and setfattr                                        │
[2026-09-03T23:55:56.302Z] │                         │                │          │          │                                  │                    │ https://avd.aquasec.com/nvd/cve-2026-54371                   │
[2026-09-03T23:55:56.302Z] ├─────────────────────────┼────────────────┤          │          ├──────────────────────────────────┼────────────────────┼──────────────────────────────────────────────────────────────┤
[2026-09-03T23:55:56.302Z] │ libblkid1               │ CVE-2026-13595 │          │          │ 2.41.3-3ubuntu2                  │ 2.41.3-3ubuntu2.2  │ util-linux: util-linux: heap use-after-free in libblkid      │
[2026-09-03T23:55:56.302Z] │                         │                │          │          │                                  │                    │ nested partition probing                                     │
[2026-09-03T23:55:56.302Z] │                         │                │          │          │                                  │                    │ https://avd.aquasec.com/nvd/cve-2026-13595                   │
[2026-09-03T23:55:56.302Z] │                         ├────────────────┤          │          │                                  │                    ├──────────────────────────────────────────────────────────────┤
[2026-09-03T23:55:56.302Z] │                         │ CVE-2026-27456 │          │          │                                  │                    │ util-linux: TOCTOU in the mount program when setting up loop │
[2026-09-03T23:55:56.302Z] │                         │                │          │          │                                  │                    │ devices                                                      │
[2026-09-03T23:55:56.302Z] │                         │                │          │          │                                  │                    │ https://avd.aquasec.com/nvd/cve-2026-27456                   │
[2026-09-03T23:55:56.302Z] │                         ├────────────────┤          │          │                                  │                    ├──────────────────────────────────────────────────────────────┤
[2026-09-03T23:55:56.302Z] │                         │ CVE-2026-3184  │          │          │                                  │                    │ util-linux: util-linux: Access control bypass due to         │
[2026-09-03T23:55:56.302Z] │                         │                │          │          │                                  │                    │ improper hostname canonicalization                           │
[2026-09-03T23:55:56.302Z] │                         │                │          │          │                                  │                    │ https://avd.aquasec.com/nvd/cve-2026-3184                    │
[2026-09-03T23:55:56.302Z] │                         ├────────────────┤          │          │                                  │                    ├──────────────────────────────────────────────────────────────┤
[2026-09-03T23:55:56.302Z] │                         │ CVE-2026-53612 │          │          │                                  │                    │ util-linux: util-linux: TOCTOU in the mount program when     │
[2026-09-03T23:55:56.302Z] │                         │                │          │          │                                  │                    │ applying post-mount ownership/mode changes...                │
[2026-09-03T23:55:56.302Z] │                         │                │          │          │                                  │                    │ https://avd.aquasec.com/nvd/cve-2026-53612                   │
[2026-09-03T23:55:56.302Z] │                         ├────────────────┤          │          │                                  │                    ├──────────────────────────────────────────────────────────────┤
[2026-09-03T23:55:56.302Z] │                         │ CVE-2026-53613 │          │          │                                  │                    │ util-linux: util-linux: TOCTOU in the mount program via      │
[2026-09-03T23:55:56.302Z] │                         │                │          │          │                                  │                    │ ancestor directory swap on...                                │
[2026-09-03T23:55:56.302Z] │                         │                │          │          │                                  │                    │ https://avd.aquasec.com/nvd/cve-2026-53613                   │
[2026-09-03T23:55:56.302Z] │                         ├────────────────┤          │          │                                  │                    ├──────────────────────────────────────────────────────────────┤
[2026-09-03T23:55:56.302Z] │                         │ CVE-2026-53614 │          │          │                                  │                    │ util-linux: util-linux: SUID mount(8) allows nosuid/noexec   │
[2026-09-03T23:55:56.302Z] │                         │                │          │          │                                  │                    │ bypass via LIBMOUNT_FORCE_MOUNT2                             │
[2026-09-03T23:55:56.302Z] │                         │                │          │          │                                  │                    │ https://avd.aquasec.com/nvd/cve-2026-53614                   │
[2026-09-03T23:55:56.302Z] │                         ├────────────────┤          │          │                                  │                    ├──────────────────────────────────────────────────────────────┤
[2026-09-03T23:55:56.302Z] │                         │ CVE-2026-53615 │          │          │                                  │                    │ [Integer Overflow or Wraparound in                           │
[2026-09-03T23:55:56.302Z] │                         │                │          │          │                                  │                    │ libblkid/src/partitions/dos.c]                               │
[2026-09-03T23:55:56.302Z] │                         │                │          │          │                                  │                    │ https://avd.aquasec.com/nvd/cve-2026-53615                   │
[2026-09-03T23:55:56.302Z] ├─────────────────────────┼────────────────┤          ├──────────┼──────────────────────────────────┼────────────────────┼──────────────────────────────────────────────────────────────┤
[2026-09-03T23:55:56.302Z] │ libexpat1               │ CVE-2025-66382 │          │ affected │ 2.7.4-1                          │                    │ libexpat: libexpat: Denial of service via crafted file       │
[2026-09-03T23:55:56.302Z] │                         │                │          │          │                                  │                    │ processing                                                   │
[2026-09-03T23:55:56.302Z] │                         │                │          │          │                                  │                    │ https://avd.aquasec.com/nvd/cve-2025-66382                   │
[2026-09-03T23:55:56.302Z] ├─────────────────────────┼────────────────┤          ├──────────┼──────────────────────────────────┼────────────────────┼──────────────────────────────────────────────────────────────┤
[2026-09-03T23:55:56.302Z] │ libmount1               │ CVE-2026-13595 │          │ fixed    │ 2.41.3-3ubuntu2                  │ 2.41.3-3ubuntu2.2  │ util-linux: util-linux: heap use-after-free in libblkid      │
[2026-09-03T23:55:56.302Z] │                         │                │          │          │                                  │                    │ nested partition probing                                     │
[2026-09-03T23:55:56.302Z] │                         │                │          │          │                                  │                    │ https://avd.aquasec.com/nvd/cve-2026-13595                   │
[2026-09-03T23:55:56.302Z] │                         ├────────────────┤          │          │                                  │                    ├──────────────────────────────────────────────────────────────┤
[2026-09-03T23:55:56.302Z] │                         │ CVE-2026-27456 │          │          │                                  │                    │ util-linux: TOCTOU in the mount program when setting up loop │
[2026-09-03T23:55:56.302Z] │                         │                │          │          │                                  │                    │ devices                                                      │
[2026-09-03T23:55:56.302Z] │                         │                │          │          │                                  │                    │ https://avd.aquasec.com/nvd/cve-2026-27456                   │
[2026-09-03T23:55:56.302Z] │                         ├────────────────┤          │          │                                  │                    ├──────────────────────────────────────────────────────────────┤
[2026-09-03T23:55:56.302Z] │                         │ CVE-2026-3184  │          │          │                                  │                    │ util-linux: util-linux: Access control bypass due to         │
[2026-09-03T23:55:56.302Z] │                         │                │          │          │                                  │                    │ improper hostname canonicalization                           │
[2026-09-03T23:55:56.302Z] │                         │                │          │          │                                  │                    │ https://avd.aquasec.com/nvd/cve-2026-3184                    │
[2026-09-03T23:55:56.302Z] │                         ├────────────────┤          │          │                                  │                    ├──────────────────────────────────────────────────────────────┤
[2026-09-03T23:55:56.302Z] │                         │ CVE-2026-53612 │          │          │                                  │                    │ util-linux: util-linux: TOCTOU in the mount program when     │
[2026-09-03T23:55:56.302Z] │                         │                │          │          │                                  │                    │ applying post-mount ownership/mode changes...                │
[2026-09-03T23:55:56.302Z] │                         │                │          │          │                                  │                    │ https://avd.aquasec.com/nvd/cve-2026-53612                   │
[2026-09-03T23:55:56.302Z] │                         ├────────────────┤          │          │                                  │                    ├──────────────────────────────────────────────────────────────┤
[2026-09-03T23:55:56.302Z] │                         │ CVE-2026-53613 │          │          │                                  │                    │ util-linux: util-linux: TOCTOU in the mount program via      │
[2026-09-03T23:55:56.302Z] │                         │                │          │          │                                  │                    │ ancestor directory swap on...                                │
[2026-09-03T23:55:56.302Z] │                         │                │          │          │                                  │                    │ https://avd.aquasec.com/nvd/cve-2026-53613                   │
[2026-09-03T23:55:56.302Z] │                         ├────────────────┤          │          │                                  │                    ├──────────────────────────────────────────────────────────────┤
[2026-09-03T23:55:56.302Z] │                         │ CVE-2026-53614 │          │          │                                  │                    │ util-linux: util-linux: SUID mount(8) allows nosuid/noexec   │
[2026-09-03T23:55:56.302Z] │                         │                │          │          │                                  │                    │ bypass via LIBMOUNT_FORCE_MOUNT2                             │
[2026-09-03T23:55:56.302Z] │                         │                │          │          │                                  │                    │ https://avd.aquasec.com/nvd/cve-2026-53614                   │
[2026-09-03T23:55:56.302Z] │                         ├────────────────┤          │          │                                  │                    ├──────────────────────────────────────────────────────────────┤
[2026-09-03T23:55:56.302Z] │                         │ CVE-2026-53615 │          │          │                                  │                    │ [Integer Overflow or Wraparound in                           │
[2026-09-03T23:55:56.302Z] │                         │                │          │          │                                  │                    │ libblkid/src/partitions/dos.c]                               │
[2026-09-03T23:55:56.302Z] │                         │                │          │          │                                  │                    │ https://avd.aquasec.com/nvd/cve-2026-53615                   │
[2026-09-03T23:55:56.302Z] ├─────────────────────────┼────────────────┤          ├──────────┼──────────────────────────────────┼────────────────────┼──────────────────────────────────────────────────────────────┤
[2026-09-03T23:55:56.302Z] │ libp11-kit0             │ CVE-2026-13757 │          │ affected │ 0.26.2-2                         │                    │ p11-kit: Stack exhaustion via unbounded recursion in RPC     │
[2026-09-03T23:55:56.302Z] │                         │                │          │          │                                  │                    │ attribute parsing                                            │
[2026-09-03T23:55:56.302Z] │                         │                │          │          │                                  │                    │ https://avd.aquasec.com/nvd/cve-2026-13757                   │
[2026-09-03T23:55:56.302Z] ├─────────────────────────┼────────────────┤          ├──────────┼──────────────────────────────────┼────────────────────┼──────────────────────────────────────────────────────────────┤
[2026-09-03T23:55:56.302Z] │ libsmartcols1           │ CVE-2026-13595 │          │ fixed    │ 2.41.3-3ubuntu2                  │ 2.41.3-3ubuntu2.2  │ util-linux: util-linux: heap use-after-free in libblkid      │
[2026-09-03T23:55:56.302Z] │                         │                │          │          │                                  │                    │ nested partition probing                                     │
[2026-09-03T23:55:56.302Z] │                         │                │          │          │                                  │                    │ https://avd.aquasec.com/nvd/cve-2026-13595                   │
[2026-09-03T23:55:56.302Z] │                         ├────────────────┤          │          │                                  │                    ├──────────────────────────────────────────────────────────────┤
[2026-09-03T23:55:56.302Z] │                         │ CVE-2026-27456 │          │          │                                  │                    │ util-linux: TOCTOU in the mount program when setting up loop │
[2026-09-03T23:55:56.302Z] │                         │                │          │          │                                  │                    │ devices                                                      │
[2026-09-03T23:55:56.302Z] │                         │                │          │          │                                  │                    │ https://avd.aquasec.com/nvd/cve-2026-27456                   │
[2026-09-03T23:55:56.302Z] │                         ├────────────────┤          │          │                                  │                    ├──────────────────────────────────────────────────────────────┤
[2026-09-03T23:55:56.302Z] │                         │ CVE-2026-3184  │          │          │                                  │                    │ util-linux: util-linux: Access control bypass due to         │
[2026-09-03T23:55:56.302Z] │                         │                │          │          │                                  │                    │ improper hostname canonicalization                           │
[2026-09-03T23:55:56.302Z] │                         │                │          │          │                                  │                    │ https://avd.aquasec.com/nvd/cve-2026-3184                    │
[2026-09-03T23:55:56.302Z] │                         ├────────────────┤          │          │                                  │                    ├──────────────────────────────────────────────────────────────┤
[2026-09-03T23:55:56.302Z] │                         │ CVE-2026-53612 │          │          │                                  │                    │ util-linux: util-linux: TOCTOU in the mount program when     │
[2026-09-03T23:55:56.302Z] │                         │                │          │          │                                  │                    │ applying post-mount ownership/mode changes...                │
[2026-09-03T23:55:56.302Z] │                         │                │          │          │                                  │                    │ https://avd.aquasec.com/nvd/cve-2026-53612                   │
[2026-09-03T23:55:56.302Z] │                         ├────────────────┤          │          │                                  │                    ├──────────────────────────────────────────────────────────────┤
[2026-09-03T23:55:56.302Z] │                         │ CVE-2026-53613 │          │          │                                  │                    │ util-linux: util-linux: TOCTOU in the mount program via      │
[2026-09-03T23:55:56.302Z] │                         │                │          │          │                                  │                    │ ancestor directory swap on...                                │
[2026-09-03T23:55:56.302Z] │                         │                │          │          │                                  │                    │ https://avd.aquasec.com/nvd/cve-2026-53613                   │
[2026-09-03T23:55:56.302Z] │                         ├────────────────┤          │          │                                  │                    ├──────────────────────────────────────────────────────────────┤
[2026-09-03T23:55:56.302Z] │                         │ CVE-2026-53614 │          │          │                                  │                    │ util-linux: util-linux: SUID mount(8) allows nosuid/noexec   │
[2026-09-03T23:55:56.302Z] │                         │                │          │          │                                  │                    │ bypass via LIBMOUNT_FORCE_MOUNT2                             │
[2026-09-03T23:55:56.303Z] │                         │                │          │          │                                  │                    │ https://avd.aquasec.com/nvd/cve-2026-53614                   │
[2026-09-03T23:55:56.303Z] │                         ├────────────────┤          │          │                                  │                    ├──────────────────────────────────────────────────────────────┤
[2026-09-03T23:55:56.303Z] │                         │ CVE-2026-53615 │          │          │                                  │                    │ [Integer Overflow or Wraparound in                           │
[2026-09-03T23:55:56.303Z] │                         │                │          │          │                                  │                    │ libblkid/src/partitions/dos.c]                               │
[2026-09-03T23:55:56.303Z] │                         │                │          │          │                                  │                    │ https://avd.aquasec.com/nvd/cve-2026-53615                   │
[2026-09-03T23:55:56.303Z] ├─────────────────────────┼────────────────┤          │          ├──────────────────────────────────┼────────────────────┼──────────────────────────────────────────────────────────────┤
[2026-09-03T23:55:56.303Z] │ libssl3t64              │ CVE-2026-14456 │          │          │ 3.5.5-1ubuntu3.3                 │ 3.5.5-1ubuntu3.4   │ openssl: OpenSSL: Denial of Service via unbounded memory     │
[2026-09-03T23:55:56.303Z] │                         │                │          │          │                                  │                    │ growth in QUIC server...                                     │
[2026-09-03T23:55:56.303Z] │                         │                │          │          │                                  │                    │ https://avd.aquasec.com/nvd/cve-2026-14456                   │
[2026-09-03T23:55:56.303Z] │                         ├────────────────┤          │          │                                  │                    ├──────────────────────────────────────────────────────────────┤
[2026-09-03T23:55:56.303Z] │                         │ CVE-2026-18798 │          │          │                                  │                    │ openssl: QUIC server may trigger double free when processing │
[2026-09-03T23:55:56.303Z] │                         │                │          │          │                                  │                    │ INITIAL packet                                               │
[2026-09-03T23:55:56.303Z] │                         │                │          │          │                                  │                    │ https://avd.aquasec.com/nvd/cve-2026-18798                   │
[2026-09-03T23:55:56.303Z] │                         ├────────────────┤          │          │                                  │                    ├──────────────────────────────────────────────────────────────┤
[2026-09-03T23:55:56.303Z] │                         │ CVE-2026-63072 │          │          │                                  │                    │ openssl: heap buffer overflow in CMS key unwrapping          │
[2026-09-03T23:55:56.303Z] │                         │                │          │          │                                  │                    │ https://avd.aquasec.com/nvd/cve-2026-63072                   │
[2026-09-03T23:55:56.303Z] │                         ├────────────────┤          │          │                                  │                    ├──────────────────────────────────────────────────────────────┤
[2026-09-03T23:55:56.303Z] │                         │ CVE-2026-63076 │          │          │                                  │                    │ openssl: invalid pointer dereference in CMP server via       │
[2026-09-03T23:55:56.303Z] │                         │                │          │          │                                  │                    │ crafted protectionAlg                                        │
[2026-09-03T23:55:56.303Z] │                         │                │          │          │                                  │                    │ https://avd.aquasec.com/nvd/cve-2026-63076                   │
[2026-09-03T23:55:56.303Z] ├─────────────────────────┼────────────────┤          │          ├──────────────────────────────────┼────────────────────┼──────────────────────────────────────────────────────────────┤
[2026-09-03T23:55:56.303Z] │ libuuid1                │ CVE-2026-13595 │          │          │ 2.41.3-3ubuntu2                  │ 2.41.3-3ubuntu2.2  │ util-linux: util-linux: heap use-after-free in libblkid      │
[2026-09-03T23:55:56.303Z] │                         │                │          │          │                                  │                    │ nested partition probing                                     │
[2026-09-03T23:55:56.303Z] │                         │                │          │          │                                  │                    │ https://avd.aquasec.com/nvd/cve-2026-13595                   │
[2026-09-03T23:55:56.303Z] │                         ├────────────────┤          │          │                                  │                    ├──────────────────────────────────────────────────────────────┤
[2026-09-03T23:55:56.303Z] │                         │ CVE-2026-27456 │          │          │                                  │                    │ util-linux: TOCTOU in the mount program when setting up loop │
[2026-09-03T23:55:56.303Z] │                         │                │          │          │                                  │                    │ devices                                                      │
[2026-09-03T23:55:56.303Z] │                         │                │          │          │                                  │                    │ https://avd.aquasec.com/nvd/cve-2026-27456                   │
[2026-09-03T23:55:56.303Z] │                         ├────────────────┤          │          │                                  │                    ├──────────────────────────────────────────────────────────────┤
[2026-09-03T23:55:56.303Z] │                         │ CVE-2026-3184  │          │          │                                  │                    │ util-linux: util-linux: Access control bypass due to         │
[2026-09-03T23:55:56.303Z] │                         │                │          │          │                                  │                    │ improper hostname canonicalization                           │
[2026-09-03T23:55:56.303Z] │                         │                │          │          │                                  │                    │ https://avd.aquasec.com/nvd/cve-2026-3184                    │
[2026-09-03T23:55:56.303Z] │                         ├────────────────┤          │          │                                  │                    ├──────────────────────────────────────────────────────────────┤
[2026-09-03T23:55:56.303Z] │                         │ CVE-2026-53612 │          │          │                                  │                    │ util-linux: util-linux: TOCTOU in the mount program when     │
[2026-09-03T23:55:56.303Z] │                         │                │          │          │                                  │                    │ applying post-mount ownership/mode changes...                │
[2026-09-03T23:55:56.303Z] │                         │                │          │          │                                  │                    │ https://avd.aquasec.com/nvd/cve-2026-53612                   │
[2026-09-03T23:55:56.303Z] │                         ├────────────────┤          │          │                                  │                    ├──────────────────────────────────────────────────────────────┤
[2026-09-03T23:55:56.303Z] │                         │ CVE-2026-53613 │          │          │                                  │                    │ util-linux: util-linux: TOCTOU in the mount program via      │
[2026-09-03T23:55:56.303Z] │                         │                │          │          │                                  │                    │ ancestor directory swap on...                                │
[2026-09-03T23:55:56.303Z] │                         │                │          │          │                                  │                    │ https://avd.aquasec.com/nvd/cve-2026-53613                   │
[2026-09-03T23:55:56.303Z] │                         ├────────────────┤          │          │                                  │                    ├──────────────────────────────────────────────────────────────┤
[2026-09-03T23:55:56.303Z] │                         │ CVE-2026-53614 │          │          │                                  │                    │ util-linux: util-linux: SUID mount(8) allows nosuid/noexec   │
[2026-09-03T23:55:56.303Z] │                         │                │          │          │                                  │                    │ bypass via LIBMOUNT_FORCE_MOUNT2                             │
[2026-09-03T23:55:56.303Z] │                         │                │          │          │                                  │                    │ https://avd.aquasec.com/nvd/cve-2026-53614                   │
[2026-09-03T23:55:56.303Z] │                         ├────────────────┤          │          │                                  │                    ├──────────────────────────────────────────────────────────────┤
[2026-09-03T23:55:56.303Z] │                         │ CVE-2026-53615 │          │          │                                  │                    │ [Integer Overflow or Wraparound in                           │
[2026-09-03T23:55:56.303Z] │                         │                │          │          │                                  │                    │ libblkid/src/partitions/dos.c]                               │
[2026-09-03T23:55:56.303Z] │                         │                │          │          │                                  │                    │ https://avd.aquasec.com/nvd/cve-2026-53615                   │
[2026-09-03T23:55:56.303Z] ├─────────────────────────┼────────────────┤          │          ├──────────────────────────────────┤                    ├──────────────────────────────────────────────────────────────┤
[2026-09-03T23:55:56.303Z] │ login                   │ CVE-2026-13595 │          │          │ 1:4.16.0-2+really2.41.3-3ubuntu2 │                    │ util-linux: util-linux: heap use-after-free in libblkid      │
[2026-09-03T23:55:56.303Z] │                         │                │          │          │                                  │                    │ nested partition probing                                     │
[2026-09-03T23:55:56.303Z] │                         │                │          │          │                                  │                    │ https://avd.aquasec.com/nvd/cve-2026-13595                   │
[2026-09-03T23:55:56.303Z] │                         ├────────────────┤          │          │                                  │                    ├──────────────────────────────────────────────────────────────┤
[2026-09-03T23:55:56.303Z] │                         │ CVE-2026-27456 │          │          │                                  │                    │ util-linux: TOCTOU in the mount program when setting up loop │
[2026-09-03T23:55:56.303Z] │                         │                │          │          │                                  │                    │ devices                                                      │
[2026-09-03T23:55:56.303Z] │                         │                │          │          │                                  │                    │ https://avd.aquasec.com/nvd/cve-2026-27456                   │
[2026-09-03T23:55:56.303Z] │                         ├────────────────┤          │          │                                  │                    ├──────────────────────────────────────────────────────────────┤
[2026-09-03T23:55:56.303Z] │                         │ CVE-2026-3184  │          │          │                                  │                    │ util-linux: util-linux: Access control bypass due to         │
[2026-09-03T23:55:56.303Z] │                         │                │          │          │                                  │                    │ improper hostname canonicalization                           │
[2026-09-03T23:55:56.303Z] │                         │                │          │          │                                  │                    │ https://avd.aquasec.com/nvd/cve-2026-3184                    │
[2026-09-03T23:55:56.303Z] │                         ├────────────────┤          │          │                                  │                    ├──────────────────────────────────────────────────────────────┤
[2026-09-03T23:55:56.303Z] │                         │ CVE-2026-53612 │          │          │                                  │                    │ util-linux: util-linux: TOCTOU in the mount program when     │
[2026-09-03T23:55:56.303Z] │                         │                │          │          │                                  │                    │ applying post-mount ownership/mode changes...                │
[2026-09-03T23:55:56.303Z] │                         │                │          │          │                                  │                    │ https://avd.aquasec.com/nvd/cve-2026-53612                   │
[2026-09-03T23:55:56.303Z] │                         ├────────────────┤          │          │                                  │                    ├──────────────────────────────────────────────────────────────┤
[2026-09-03T23:55:56.303Z] │                         │ CVE-2026-53613 │          │          │                                  │                    │ util-linux: util-linux: TOCTOU in the mount program via      │
[2026-09-03T23:55:56.303Z] │                         │                │          │          │                                  │                    │ ancestor directory swap on...                                │
[2026-09-03T23:55:56.303Z] │                         │                │          │          │                                  │                    │ https://avd.aquasec.com/nvd/cve-2026-53613                   │
[2026-09-03T23:55:56.303Z] │                         ├────────────────┤          │          │                                  │                    ├──────────────────────────────────────────────────────────────┤
[2026-09-03T23:55:56.303Z] │                         │ CVE-2026-53614 │          │          │                                  │                    │ util-linux: util-linux: SUID mount(8) allows nosuid/noexec   │
[2026-09-03T23:55:56.303Z] │                         │                │          │          │                                  │                    │ bypass via LIBMOUNT_FORCE_MOUNT2                             │
[2026-09-03T23:55:56.303Z] │                         │                │          │          │                                  │                    │ https://avd.aquasec.com/nvd/cve-2026-53614                   │
[2026-09-03T23:55:56.303Z] │                         ├────────────────┤          │          │                                  │                    ├──────────────────────────────────────────────────────────────┤
[2026-09-03T23:55:56.303Z] │                         │ CVE-2026-53615 │          │          │                                  │                    │ [Integer Overflow or Wraparound in                           │
[2026-09-03T23:55:56.303Z] │                         │                │          │          │                                  │                    │ libblkid/src/partitions/dos.c]                               │
[2026-09-03T23:55:56.303Z] │                         │                │          │          │                                  │                    │ https://avd.aquasec.com/nvd/cve-2026-53615                   │
[2026-09-03T23:55:56.303Z] ├─────────────────────────┼────────────────┤          │          ├──────────────────────────────────┤                    ├──────────────────────────────────────────────────────────────┤
[2026-09-03T23:55:56.303Z] │ mount                   │ CVE-2026-13595 │          │          │ 2.41.3-3ubuntu2                  │                    │ util-linux: util-linux: heap use-after-free in libblkid      │
[2026-09-03T23:55:56.303Z] │                         │                │          │          │                                  │                    │ nested partition probing                                     │
[2026-09-03T23:55:56.303Z] │                         │                │          │          │                                  │                    │ https://avd.aquasec.com/nvd/cve-2026-13595                   │
[2026-09-03T23:55:56.303Z] │                         ├────────────────┤          │          │                                  │                    ├──────────────────────────────────────────────────────────────┤
[2026-09-03T23:55:56.303Z] │                         │ CVE-2026-27456 │          │          │                                  │                    │ util-linux: TOCTOU in the mount program when setting up loop │
[2026-09-03T23:55:56.303Z] │                         │                │          │          │                                  │                    │ devices                                                      │
[2026-09-03T23:55:56.303Z] │                         │                │          │          │                                  │                    │ https://avd.aquasec.com/nvd/cve-2026-27456                   │
[2026-09-03T23:55:56.303Z] │                         ├────────────────┤          │          │                                  │                    ├──────────────────────────────────────────────────────────────┤
[2026-09-03T23:55:56.303Z] │                         │ CVE-2026-3184  │          │          │                                  │                    │ util-linux: util-linux: Access control bypass due to         │
[2026-09-03T23:55:56.303Z] │                         │                │          │          │                                  │                    │ improper hostname canonicalization                           │
[2026-09-03T23:55:56.303Z] │                         │                │          │          │                                  │                    │ https://avd.aquasec.com/nvd/cve-2026-3184                    │
[2026-09-03T23:55:56.303Z] │                         ├────────────────┤          │          │                                  │                    ├──────────────────────────────────────────────────────────────┤
[2026-09-03T23:55:56.304Z] │                         │ CVE-2026-53612 │          │          │                                  │                    │ util-linux: util-linux: TOCTOU in the mount program when     │
[2026-09-03T23:55:56.304Z] │                         │                │          │          │                                  │                    │ applying post-mount ownership/mode changes...                │
[2026-09-03T23:55:56.304Z] │                         │                │          │          │                                  │                    │ https://avd.aquasec.com/nvd/cve-2026-53612                   │
[2026-09-03T23:55:56.304Z] │                         ├────────────────┤          │          │                                  │                    ├──────────────────────────────────────────────────────────────┤
[2026-09-03T23:55:56.304Z] │                         │ CVE-2026-53613 │          │          │                                  │                    │ util-linux: util-linux: TOCTOU in the mount program via      │
[2026-09-03T23:55:56.304Z] │                         │                │          │          │                                  │                    │ ancestor directory swap on...                                │
[2026-09-03T23:55:56.304Z] │                         │                │          │          │                                  │                    │ https://avd.aquasec.com/nvd/cve-2026-53613                   │
[2026-09-03T23:55:56.304Z] │                         ├────────────────┤          │          │                                  │                    ├──────────────────────────────────────────────────────────────┤
[2026-09-03T23:55:56.304Z] │                         │ CVE-2026-53614 │          │          │                                  │                    │ util-linux: util-linux: SUID mount(8) allows nosuid/noexec   │
[2026-09-03T23:55:56.304Z] │                         │                │          │          │                                  │                    │ bypass via LIBMOUNT_FORCE_MOUNT2                             │
[2026-09-03T23:55:56.304Z] │                         │                │          │          │                                  │                    │ https://avd.aquasec.com/nvd/cve-2026-53614                   │
[2026-09-03T23:55:56.304Z] │                         ├────────────────┤          │          │                                  │                    ├──────────────────────────────────────────────────────────────┤
[2026-09-03T23:55:56.304Z] │                         │ CVE-2026-53615 │          │          │                                  │                    │ [Integer Overflow or Wraparound in                           │
[2026-09-03T23:55:56.304Z] │                         │                │          │          │                                  │                    │ libblkid/src/partitions/dos.c]                               │
[2026-09-03T23:55:56.304Z] │                         │                │          │          │                                  │                    │ https://avd.aquasec.com/nvd/cve-2026-53615                   │
[2026-09-03T23:55:56.304Z] ├─────────────────────────┼────────────────┤          │          ├──────────────────────────────────┼────────────────────┼──────────────────────────────────────────────────────────────┤
[2026-09-03T23:55:56.304Z] │ openssl                 │ CVE-2026-14456 │          │          │ 3.5.5-1ubuntu3.3                 │ 3.5.5-1ubuntu3.4   │ openssl: OpenSSL: Denial of Service via unbounded memory     │
[2026-09-03T23:55:56.304Z] │                         │                │          │          │                                  │                    │ growth in QUIC server...                                     │
[2026-09-03T23:55:56.304Z] │                         │                │          │          │                                  │                    │ https://avd.aquasec.com/nvd/cve-2026-14456                   │
[2026-09-03T23:55:56.304Z] │                         ├────────────────┤          │          │                                  │                    ├──────────────────────────────────────────────────────────────┤
[2026-09-03T23:55:56.304Z] │                         │ CVE-2026-18798 │          │          │                                  │                    │ openssl: QUIC server may trigger double free when processing │
[2026-09-03T23:55:56.304Z] │                         │                │          │          │                                  │                    │ INITIAL packet                                               │
[2026-09-03T23:55:56.304Z] │                         │                │          │          │                                  │                    │ https://avd.aquasec.com/nvd/cve-2026-18798                   │
[2026-09-03T23:55:56.304Z] │                         ├────────────────┤          │          │                                  │                    ├──────────────────────────────────────────────────────────────┤
[2026-09-03T23:55:56.304Z] │                         │ CVE-2026-63072 │          │          │                                  │                    │ openssl: heap buffer overflow in CMS key unwrapping          │
[2026-09-03T23:55:56.304Z] │                         │                │          │          │                                  │                    │ https://avd.aquasec.com/nvd/cve-2026-63072                   │
[2026-09-03T23:55:56.304Z] │                         ├────────────────┤          │          │                                  │                    ├──────────────────────────────────────────────────────────────┤
[2026-09-03T23:55:56.304Z] │                         │ CVE-2026-63076 │          │          │                                  │                    │ openssl: invalid pointer dereference in CMP server via       │
[2026-09-03T23:55:56.304Z] │                         │                │          │          │                                  │                    │ crafted protectionAlg                                        │
[2026-09-03T23:55:56.304Z] │                         │                │          │          │                                  │                    │ https://avd.aquasec.com/nvd/cve-2026-63076                   │
[2026-09-03T23:55:56.304Z] ├─────────────────────────┼────────────────┤          │          │                                  │                    ├──────────────────────────────────────────────────────────────┤
[2026-09-03T23:55:56.304Z] │ openssl-provider-legacy │ CVE-2026-14456 │          │          │                                  │                    │ openssl: OpenSSL: Denial of Service via unbounded memory     │
[2026-09-03T23:55:56.304Z] │                         │                │          │          │                                  │                    │ growth in QUIC server...                                     │
[2026-09-03T23:55:56.304Z] │                         │                │          │          │                                  │                    │ https://avd.aquasec.com/nvd/cve-2026-14456                   │
[2026-09-03T23:55:56.304Z] │                         ├────────────────┤          │          │                                  │                    ├──────────────────────────────────────────────────────────────┤
[2026-09-03T23:55:56.304Z] │                         │ CVE-2026-18798 │          │          │                                  │                    │ openssl: QUIC server may trigger double free when processing │
[2026-09-03T23:55:56.304Z] │                         │                │          │          │                                  │                    │ INITIAL packet                                               │
[2026-09-03T23:55:56.304Z] │                         │                │          │          │                                  │                    │ https://avd.aquasec.com/nvd/cve-2026-18798                   │
[2026-09-03T23:55:56.304Z] │                         ├────────────────┤          │          │                                  │                    ├──────────────────────────────────────────────────────────────┤
[2026-09-03T23:55:56.304Z] │                         │ CVE-2026-63072 │          │          │                                  │                    │ openssl: heap buffer overflow in CMS key unwrapping          │
[2026-09-03T23:55:56.304Z] │                         │                │          │          │                                  │                    │ https://avd.aquasec.com/nvd/cve-2026-63072                   │
[2026-09-03T23:55:56.304Z] │                         ├────────────────┤          │          │                                  │                    ├──────────────────────────────────────────────────────────────┤
[2026-09-03T23:55:56.304Z] │                         │ CVE-2026-63076 │          │          │                                  │                    │ openssl: invalid pointer dereference in CMP server via       │
[2026-09-03T23:55:56.304Z] │                         │                │          │          │                                  │                    │ crafted protectionAlg                                        │
[2026-09-03T23:55:56.304Z] │                         │                │          │          │                                  │                    │ https://avd.aquasec.com/nvd/cve-2026-63076                   │
[2026-09-03T23:55:56.304Z] ├─────────────────────────┼────────────────┤          ├──────────┼──────────────────────────────────┼────────────────────┼──────────────────────────────────────────────────────────────┤
[2026-09-03T23:55:56.304Z] │ p11-kit                 │ CVE-2026-13757 │          │ affected │ 0.26.2-2                         │                    │ p11-kit: Stack exhaustion via unbounded recursion in RPC     │
[2026-09-03T23:55:56.304Z] │                         │                │          │          │                                  │                    │ attribute parsing                                            │
[2026-09-03T23:55:56.304Z] │                         │                │          │          │                                  │                    │ https://avd.aquasec.com/nvd/cve-2026-13757                   │
[2026-09-03T23:55:56.304Z] ├─────────────────────────┤                │          │          │                                  ├────────────────────┤                                                              │
[2026-09-03T23:55:56.304Z] │ p11-kit-modules         │                │          │          │                                  │                    │                                                              │
[2026-09-03T23:55:56.304Z] │                         │                │          │          │                                  │                    │                                                              │
[2026-09-03T23:55:56.304Z] │                         │                │          │          │                                  │                    │                                                              │
[2026-09-03T23:55:56.304Z] ├─────────────────────────┼────────────────┤          │          ├──────────────────────────────────┼────────────────────┼──────────────────────────────────────────────────────────────┤
[2026-09-03T23:55:56.304Z] │ rust-coreutils          │ CVE-2026-35341 │          │          │ 0.8.0-0ubuntu3                   │                    │ A vulnerability in uutils coreutils mkfifo allows for the    │
[2026-09-03T23:55:56.304Z] │                         │                │          │          │                                  │                    │ unauthorized ...                                             │
[2026-09-03T23:55:56.304Z] │                         │                │          │          │                                  │                    │ https://avd.aquasec.com/nvd/cve-2026-35341                   │
[2026-09-03T23:55:56.304Z] │                         ├────────────────┤          │          │                                  ├────────────────────┼──────────────────────────────────────────────────────────────┤
[2026-09-03T23:55:56.304Z] │                         │ CVE-2026-35344 │          │          │                                  │                    │ The dd utility in uutils coreutils suppresses errors during  │
[2026-09-03T23:55:56.305Z] │                         │                │          │          │                                  │                    │ file trunc ......                                            │
[2026-09-03T23:55:56.305Z] │                         │                │          │          │                                  │                    │ https://avd.aquasec.com/nvd/cve-2026-35344                   │
[2026-09-03T23:55:56.305Z] │                         ├────────────────┤          │          │                                  ├────────────────────┼──────────────────────────────────────────────────────────────┤
[2026-09-03T23:55:56.305Z] │                         │ CVE-2026-35345 │          │          │                                  │                    │ A vulnerability in the tail utility of uutils coreutils      │
[2026-09-03T23:55:56.305Z] │                         │                │          │          │                                  │                    │ allows for the...                                            │
[2026-09-03T23:55:56.305Z] │                         │                │          │          │                                  │                    │ https://avd.aquasec.com/nvd/cve-2026-35345                   │
[2026-09-03T23:55:56.305Z] │                         ├────────────────┤          │          │                                  ├────────────────────┼──────────────────────────────────────────────────────────────┤
[2026-09-03T23:55:56.305Z] │                         │ CVE-2026-35348 │          │          │                                  │                    │ The sort utility in uutils coreutils is vulnerable to a      │
[2026-09-03T23:55:56.305Z] │                         │                │          │          │                                  │                    │ process panic...                                             │
[2026-09-03T23:55:56.305Z] │                         │                │          │          │                                  │                    │ https://avd.aquasec.com/nvd/cve-2026-35348                   │
[2026-09-03T23:55:56.305Z] │                         ├────────────────┤          │          │                                  ├────────────────────┼──────────────────────────────────────────────────────────────┤
[2026-09-03T23:55:56.305Z] │                         │ CVE-2026-35350 │          │          │                                  │                    │ The cp utility in uutils coreutils fails to properly handle  │
[2026-09-03T23:55:56.305Z] │                         │                │          │          │                                  │                    │ setuid and...                                                │
[2026-09-03T23:55:56.305Z] │                         │                │          │          │                                  │                    │ https://avd.aquasec.com/nvd/cve-2026-35350                   │
[2026-09-03T23:55:56.305Z] │                         ├────────────────┤          │          │                                  ├────────────────────┼──────────────────────────────────────────────────────────────┤
[2026-09-03T23:55:56.305Z] │                         │ CVE-2026-35351 │          │          │                                  │                    │ The mv utility in uutils coreutils fails to preserve file    │
[2026-09-03T23:55:56.305Z] │                         │                │          │          │                                  │                    │ ownership du...                                              │
[2026-09-03T23:55:56.305Z] │                         │                │          │          │                                  │                    │ https://avd.aquasec.com/nvd/cve-2026-35351                   │
[2026-09-03T23:55:56.305Z] │                         ├────────────────┤          │          │                                  ├────────────────────┼──────────────────────────────────────────────────────────────┤
[2026-09-03T23:55:56.305Z] │                         │ CVE-2026-35352 │          │          │                                  │                    │ A Time-of-Check to Time-of-Use (TOCTOU) race condition       │
[2026-09-03T23:55:56.305Z] │                         │                │          │          │                                  │                    │ exists in the m ......                                       │
[2026-09-03T23:55:56.305Z] │                         │                │          │          │                                  │                    │ https://avd.aquasec.com/nvd/cve-2026-35352                   │
[2026-09-03T23:55:56.305Z] │                         ├────────────────┤          │          │                                  ├────────────────────┼──────────────────────────────────────────────────────────────┤
[2026-09-03T23:55:56.305Z] │                         │ CVE-2026-35354 │          │          │                                  │                    │ A Time-of-Check to Time-of-Use (TOCTOU) vulnerability exists │
[2026-09-03T23:55:56.305Z] │                         │                │          │          │                                  │                    │ in the mv ...                                                │
[2026-09-03T23:55:56.305Z] │                         │                │          │          │                                  │                    │ https://avd.aquasec.com/nvd/cve-2026-35354                   │
[2026-09-03T23:55:56.305Z] │                         ├────────────────┤          │          │                                  ├────────────────────┼──────────────────────────────────────────────────────────────┤
[2026-09-03T23:55:56.305Z] │                         │ CVE-2026-35357 │          │          │                                  │                    │ The cp utility in uutils coreutils is vulnerable to an       │
[2026-09-03T23:55:56.305Z] │                         │                │          │          │                                  │                    │ information dis...                                           │
[2026-09-03T23:55:56.305Z] │                         │                │          │          │                                  │                    │ https://avd.aquasec.com/nvd/cve-2026-35357                   │
[2026-09-03T23:55:56.305Z] │                         ├────────────────┤          │          │                                  ├────────────────────┼──────────────────────────────────────────────────────────────┤
[2026-09-03T23:55:56.305Z] │                         │ CVE-2026-35359 │          │          │                                  │                    │ A Time-of-Check to Time-of-Use (TOCTOU) vulnerability in the │
[2026-09-03T23:55:56.305Z] │                         │                │          │          │                                  │                    │ cp utilit ...                                                │
[2026-09-03T23:55:56.305Z] │                         │                │          │          │                                  │                    │ https://avd.aquasec.com/nvd/cve-2026-35359                   │
[2026-09-03T23:55:56.305Z] │                         ├────────────────┤          │          │                                  ├────────────────────┼──────────────────────────────────────────────────────────────┤
[2026-09-03T23:55:56.305Z] │                         │ CVE-2026-35360 │          │          │                                  │                    │ The touch utility in uutils coreutils is vulnerable to a     │
[2026-09-03T23:55:56.305Z] │                         │                │          │          │                                  │                    │ Time-of-Check ......                                         │
[2026-09-03T23:55:56.305Z] │                         │                │          │          │                                  │                    │ https://avd.aquasec.com/nvd/cve-2026-35360                   │
[2026-09-03T23:55:56.305Z] │                         ├────────────────┤          │          │                                  ├────────────────────┼──────────────────────────────────────────────────────────────┤
[2026-09-03T23:55:56.305Z] │                         │ CVE-2026-35363 │          │          │                                  │                    │ A vulnerability in the rm utility of uutils coreutils allows │
[2026-09-03T23:55:56.305Z] │                         │                │          │          │                                  │                    │ the bypas...                                                 │
[2026-09-03T23:55:56.305Z] │                         │                │          │          │                                  │                    │ https://avd.aquasec.com/nvd/cve-2026-35363                   │
[2026-09-03T23:55:56.305Z] │                         ├────────────────┤          │          │                                  ├────────────────────┼──────────────────────────────────────────────────────────────┤
[2026-09-03T23:55:56.305Z] │                         │ CVE-2026-35364 │          │          │                                  │                    │ A Time-of-Check to Time-of-Use (TOCTOU) race condition       │
[2026-09-03T23:55:56.305Z] │                         │                │          │          │                                  │                    │ exists in the m ......                                       │
[2026-09-03T23:55:56.305Z] │                         │                │          │          │                                  │                    │ https://avd.aquasec.com/nvd/cve-2026-35364                   │
[2026-09-03T23:55:56.305Z] │                         ├────────────────┤          │          │                                  ├────────────────────┼──────────────────────────────────────────────────────────────┤
[2026-09-03T23:55:56.305Z] │                         │ CVE-2026-35367 │          │          │                                  │                    │ The nohup utility in uutils coreutils creates its default    │
[2026-09-03T23:55:56.305Z] │                         │                │          │          │                                  │                    │ output file, ......                                          │
[2026-09-03T23:55:56.305Z] │                         │                │          │          │                                  │                    │ https://avd.aquasec.com/nvd/cve-2026-35367                   │
[2026-09-03T23:55:56.305Z] │                         ├────────────────┤          │          │                                  ├────────────────────┼──────────────────────────────────────────────────────────────┤
[2026-09-03T23:55:56.305Z] │                         │ CVE-2026-35368 │          │          │                                  │                    │ A vulnerability exists in the chroot utility of uutils       │
[2026-09-03T23:55:56.305Z] │                         │                │          │          │                                  │                    │ coreutils when ...                                           │
[2026-09-03T23:55:56.305Z] │                         │                │          │          │                                  │                    │ https://avd.aquasec.com/nvd/cve-2026-35368                   │
[2026-09-03T23:55:56.305Z] │                         ├────────────────┤          │          │                                  ├────────────────────┼──────────────────────────────────────────────────────────────┤
[2026-09-03T23:55:56.305Z] │                         │ CVE-2026-35370 │          │          │                                  │                    │ The id utility in uutils coreutils miscalculates the groups= │
[2026-09-03T23:55:56.305Z] │                         │                │          │          │                                  │                    │ section o ......                                             │
[2026-09-03T23:55:56.305Z] │                         │                │          │          │                                  │                    │ https://avd.aquasec.com/nvd/cve-2026-35370                   │
[2026-09-03T23:55:56.305Z] │                         ├────────────────┤          │          │                                  ├────────────────────┼──────────────────────────────────────────────────────────────┤
[2026-09-03T23:55:56.305Z] │                         │ CVE-2026-35371 │          │          │                                  │                    │ The id utility in uutils coreutils exhibits incorrect        │
[2026-09-03T23:55:56.305Z] │                         │                │          │          │                                  │                    │ behavior in its ...                                          │
[2026-09-03T23:55:56.305Z] │                         │                │          │          │                                  │                    │ https://avd.aquasec.com/nvd/cve-2026-35371                   │
[2026-09-03T23:55:56.305Z] │                         ├────────────────┤          │          │                                  ├────────────────────┼──────────────────────────────────────────────────────────────┤
[2026-09-03T23:55:56.305Z] │                         │ CVE-2026-35373 │          │          │                                  │                    │ A logic error in the ln utility of uutils coreutils causes   │
[2026-09-03T23:55:56.305Z] │                         │                │          │          │                                  │                    │ the...                                                       │
[2026-09-03T23:55:56.305Z] │                         │                │          │          │                                  │                    │ https://avd.aquasec.com/nvd/cve-2026-35373                   │
[2026-09-03T23:55:56.305Z] │                         ├────────────────┤          │          │                                  ├────────────────────┼──────────────────────────────────────────────────────────────┤
[2026-09-03T23:55:56.305Z] │                         │ CVE-2026-35374 │          │          │                                  │                    │ A Time-of-Check to Time-of-Use (TOCTOU) vulnerability exists │
[2026-09-03T23:55:56.305Z] │                         │                │          │          │                                  │                    │ in the sp ...                                                │
[2026-09-03T23:55:56.305Z] │                         │                │          │          │                                  │                    │ https://avd.aquasec.com/nvd/cve-2026-35374                   │
[2026-09-03T23:55:56.305Z] │                         ├────────────────┤          │          │                                  ├────────────────────┼──────────────────────────────────────────────────────────────┤
[2026-09-03T23:55:56.305Z] │                         │ CVE-2026-35377 │          │          │                                  │                    │ A logic error in the env utility of uutils coreutils causes  │
[2026-09-03T23:55:56.305Z] │                         │                │          │          │                                  │                    │ a...                                                         │
[2026-09-03T23:55:56.305Z] │                         │                │          │          │                                  │                    │ https://avd.aquasec.com/nvd/cve-2026-35377                   │
[2026-09-03T23:55:56.305Z] ├─────────────────────────┼────────────────┤          │          ├──────────────────────────────────┼────────────────────┼──────────────────────────────────────────────────────────────┤
[2026-09-03T23:55:56.305Z] │ tar                     │ CVE-2026-18477 │          │          │ 1.35+dfsg-4ubuntu0.4             │                    │ tar: tar: TOCTOU in incremental dumpdir 'X' rename handling  │
[2026-09-03T23:55:56.305Z] │                         │                │          │          │                                  │                    │ allows restore path...                                       │
[2026-09-03T23:55:56.305Z] │                         │                │          │          │                                  │                    │ https://avd.aquasec.com/nvd/cve-2026-18477                   │
[2026-09-03T23:55:56.305Z] │                         ├────────────────┤          │          │                                  ├────────────────────┼──────────────────────────────────────────────────────────────┤
[2026-09-03T23:55:56.305Z] │                         │ CVE-2026-18508 │          │          │                                  │                    │ tar: tar: --one-top-level hardlink targets not confined to   │
[2026-09-03T23:55:56.305Z] │                         │                │          │          │                                  │                    │ top-level directory enabling arbitrary...                    │
[2026-09-03T23:55:56.305Z] │                         │                │          │          │                                  │                    │ https://avd.aquasec.com/nvd/cve-2026-18508                   │
[2026-09-03T23:55:56.305Z] ├─────────────────────────┼────────────────┤          ├──────────┼──────────────────────────────────┼────────────────────┼──────────────────────────────────────────────────────────────┤
[2026-09-03T23:55:56.305Z] │ util-linux              │ CVE-2026-13595 │          │ fixed    │ 2.41.3-3ubuntu2                  │ 2.41.3-3ubuntu2.2  │ util-linux: util-linux: heap use-after-free in libblkid      │
[2026-09-03T23:55:56.305Z] │                         │                │          │          │                                  │                    │ nested partition probing                                     │
[2026-09-03T23:55:56.305Z] │                         │                │          │          │                                  │                    │ https://avd.aquasec.com/nvd/cve-2026-13595                   │
[2026-09-03T23:55:56.305Z] │                         ├────────────────┤          │          │                                  │                    ├──────────────────────────────────────────────────────────────┤
[2026-09-03T23:55:56.305Z] │                         │ CVE-2026-27456 │          │          │                                  │                    │ util-linux: TOCTOU in the mount program when setting up loop │
[2026-09-03T23:55:56.305Z] │                         │                │          │          │                                  │                    │ devices                                                      │
[2026-09-03T23:55:56.305Z] │                         │                │          │          │                                  │                    │ https://avd.aquasec.com/nvd/cve-2026-27456                   │
[2026-09-03T23:55:56.305Z] │                         ├────────────────┤          │          │                                  │                    ├──────────────────────────────────────────────────────────────┤
[2026-09-03T23:55:56.305Z] │                         │ CVE-2026-3184  │          │          │                                  │                    │ util-linux: util-linux: Access control bypass due to         │
[2026-09-03T23:55:56.305Z] │                         │                │          │          │                                  │                    │ improper hostname canonicalization                           │
[2026-09-03T23:55:56.305Z] │                         │                │          │          │                                  │                    │ https://avd.aquasec.com/nvd/cve-2026-3184                    │
[2026-09-03T23:55:56.305Z] │                         ├────────────────┤          │          │                                  │                    ├──────────────────────────────────────────────────────────────┤
[2026-09-03T23:55:56.305Z] │                         │ CVE-2026-53612 │          │          │                                  │                    │ util-linux: util-linux: TOCTOU in the mount program when     │
[2026-09-03T23:55:56.305Z] │                         │                │          │          │                                  │                    │ applying post-mount ownership/mode changes...                │
[2026-09-03T23:55:56.305Z] │                         │                │          │          │                                  │                    │ https://avd.aquasec.com/nvd/cve-2026-53612                   │
[2026-09-03T23:55:56.305Z] │                         ├────────────────┤          │          │                                  │                    ├──────────────────────────────────────────────────────────────┤
[2026-09-03T23:55:56.305Z] │                         │ CVE-2026-53613 │          │          │                                  │                    │ util-linux: util-linux: TOCTOU in the mount program via      │
[2026-09-03T23:55:56.305Z] │                         │                │          │          │                                  │                    │ ancestor directory swap on...                                │
[2026-09-03T23:55:56.305Z] │                         │                │          │          │                                  │                    │ https://avd.aquasec.com/nvd/cve-2026-53613                   │
[2026-09-03T23:55:56.305Z] │                         ├────────────────┤          │          │                                  │                    ├──────────────────────────────────────────────────────────────┤
[2026-09-03T23:55:56.305Z] │                         │ CVE-2026-53614 │          │          │                                  │                    │ util-linux: util-linux: SUID mount(8) allows nosuid/noexec   │
[2026-09-03T23:55:56.305Z] │                         │                │          │          │                                  │                    │ bypass via LIBMOUNT_FORCE_MOUNT2                             │
[2026-09-03T23:55:56.305Z] │                         │                │          │          │                                  │                    │ https://avd.aquasec.com/nvd/cve-2026-53614                   │
[2026-09-03T23:55:56.305Z] │                         ├────────────────┤          │          │                                  │                    ├──────────────────────────────────────────────────────────────┤
[2026-09-03T23:55:56.305Z] │                         │ CVE-2026-53615 │          │          │                                  │                    │ [Integer Overflow or Wraparound in                           │
[2026-09-03T23:55:56.305Z] │                         │                │          │          │                                  │                    │ libblkid/src/partitions/dos.c]                               │
[2026-09-03T23:55:56.305Z] │                         │                │          │          │                                  │                    │ https://avd.aquasec.com/nvd/cve-2026-53615                   │
[2026-09-03T23:55:56.305Z] ├─────────────────────────┼────────────────┤          ├──────────┼──────────────────────────────────┼────────────────────┼──────────────────────────────────────────────────────────────┤
[2026-09-03T23:55:56.305Z] │ wget                    │ CVE-2021-31879 │          │ affected │ 1.25.0-2ubuntu4.4                │                    │ wget: authorization header disclosure on redirect            │
[2026-09-03T23:55:56.305Z] │                         │                │          │          │                                  │                    │ https://avd.aquasec.com/nvd/cve-2021-31879                   │
[2026-09-03T23:55:56.306Z] └─────────────────────────┴────────────────┴──────────┴──────────┴──────────────────────────────────┴────────────────────┴──────────────────────────────────────────────────────────────┘
[2026-09-03T23:55:56.306Z] 
[2026-09-03T23:55:56.306Z] Java (jar)
[2026-09-03T23:55:56.306Z] ==========
[2026-09-03T23:55:56.306Z] Total: 37 (MEDIUM: 24, HIGH: 11, CRITICAL: 2)
[2026-09-03T23:55:56.306Z] 
[2026-09-03T23:55:56.306Z] ┌───────────────────────────────────────────────────────┬─────────────────────┬──────────┬────────┬───────────────────┬───────────────────────────────┬──────────────────────────────────────────────────────────────┐
[2026-09-03T23:55:56.306Z] │                        Library                        │    Vulnerability    │ Severity │ Status │ Installed Version │         Fixed Version         │                            Title                             │
[2026-09-03T23:55:56.306Z] ├───────────────────────────────────────────────────────┼─────────────────────┼──────────┼────────┼───────────────────┼───────────────────────────────┼──────────────────────────────────────────────────────────────┤
[2026-09-03T23:55:56.306Z] │ ch.qos.logback:logback-core (app.jar)                 │ CVE-2024-12798      │ MEDIUM   │ fixed  │ 1.4.14            │ 1.5.13, 1.3.15                │ logback-core: arbitrary code execution via                   │
[2026-09-03T23:55:56.306Z] │                                                       │                     │          │        │                   │                               │ JaninoEventEvaluator                                         │
[2026-09-03T23:55:56.306Z] │                                                       │                     │          │        │                   │                               │ https://avd.aquasec.com/nvd/cve-2024-12798                   │
[2026-09-03T23:55:56.306Z] │                                                       ├─────────────────────┤          │        │                   ├───────────────────────────────┼──────────────────────────────────────────────────────────────┤
[2026-09-03T23:55:56.306Z] │                                                       │ CVE-2025-11226      │          │        │                   │ 1.5.19, 1.3.16                │ ch.qos.logback/logback-core: Conditional abitrary code       │
[2026-09-03T23:55:56.306Z] │                                                       │                     │          │        │                   │                               │ execution in logback-core                                    │
[2026-09-03T23:55:56.306Z] │                                                       │                     │          │        │                   │                               │ https://avd.aquasec.com/nvd/cve-2025-11226                   │
[2026-09-03T23:55:56.306Z] ├───────────────────────────────────────────────────────┼─────────────────────┼──────────┤        ├───────────────────┼───────────────────────────────┼──────────────────────────────────────────────────────────────┤
[2026-09-03T23:55:56.306Z] │ com.fasterxml.jackson.core:jackson-core (app.jar)     │ GHSA-r7wm-3cxj-wff9 │ HIGH     │        │ 2.15.4            │ 2.18.8, 2.21.4                │ jackson-core: Async parser maxNumberLength bypass via        │
[2026-09-03T23:55:56.306Z] │                                                       │                     │          │        │                   │                               │ chunked digit accumulation (incomplete fix for...            │
[2026-09-03T23:55:56.306Z] │                                                       │                     │          │        │                   │                               │ https://github.com/advisories/GHSA-r7wm-3cxj-wff9            │
[2026-09-03T23:55:56.306Z] │                                                       ├─────────────────────┼──────────┤        │                   ├───────────────────────────────┼──────────────────────────────────────────────────────────────┤
[2026-09-03T23:55:56.306Z] │                                                       │ CVE-2026-18401      │ MEDIUM   │        │                   │ 2.21.1, 2.18.6                │ tools.jackson.core/jackson-core:                             │
[2026-09-03T23:55:56.306Z] │                                                       │                     │          │        │                   │                               │ com.fasterxml.jackson.core/jackson-core: jackson-core:       │
[2026-09-03T23:55:56.306Z] │                                                       │                     │          │        │                   │                               │ Denial of Service due to number length bypass in...          │
[2026-09-03T23:55:56.306Z] │                                                       │                     │          │        │                   │                               │ https://avd.aquasec.com/nvd/cve-2026-18401                   │
[2026-09-03T23:55:56.306Z] ├───────────────────────────────────────────────────────┼─────────────────────┼──────────┤        │                   ├───────────────────────────────┼──────────────────────────────────────────────────────────────┤
[2026-09-03T23:55:56.306Z] │ com.fasterxml.jackson.core:jackson-databind (app.jar) │ CVE-2026-54512      │ HIGH     │        │                   │ 2.18.8, 3.1.4, 2.21.4         │ jackson-databind: jackson-databind: Arbitrary code execution │
[2026-09-03T23:55:56.306Z] │                                                       │                     │          │        │                   │                               │ via PolymorphicTypeValidator bypass                          │
[2026-09-03T23:55:56.306Z] │                                                       │                     │          │        │                   │                               │ https://avd.aquasec.com/nvd/cve-2026-54512                   │
[2026-09-03T23:55:56.306Z] │                                                       ├─────────────────────┤          │        │                   ├───────────────────────────────┼──────────────────────────────────────────────────────────────┤
[2026-09-03T23:55:56.306Z] │                                                       │ CVE-2026-54513      │          │        │                   │ 2.18.8, 2.21.4, 3.1.4         │ jackson-databind: Jackson-databind: Security bypass allows   │
[2026-09-03T23:55:56.306Z] │                                                       │                     │          │        │                   │                               │ arbitrary code execution                                     │
[2026-09-03T23:55:56.306Z] │                                                       │                     │          │        │                   │                               │ https://avd.aquasec.com/nvd/cve-2026-54513                   │
[2026-09-03T23:55:56.306Z] │                                                       ├─────────────────────┼──────────┤        │                   │                               ├──────────────────────────────────────────────────────────────┤
[2026-09-03T23:55:56.306Z] │                                                       │ CVE-2026-54514      │ MEDIUM   │        │                   │                               │ jackson-databind: jackson-databind: Information Disclosure   │
[2026-09-03T23:55:56.306Z] │                                                       │                     │          │        │                   │                               │ via Eager DNS Resolution                                     │
[2026-09-03T23:55:56.306Z] │                                                       │                     │          │        │                   │                               │ https://avd.aquasec.com/nvd/cve-2026-54514                   │
[2026-09-03T23:55:56.306Z] │                                                       ├─────────────────────┤          │        │                   ├───────────────────────────────┼──────────────────────────────────────────────────────────────┤
[2026-09-03T23:55:56.306Z] │                                                       │ CVE-2026-54515      │          │        │                   │ 3.1.4, 2.18.9, 2.21.5, 2.22.1 │ jackson-databind: jackson-databind: Ignored properties can   │
[2026-09-03T23:55:56.306Z] │                                                       │                     │          │        │                   │                               │ be unexpectedly modified                                     │
[2026-09-03T23:55:56.306Z] │                                                       │                     │          │        │                   │                               │ https://avd.aquasec.com/nvd/cve-2026-54515                   │
[2026-09-03T23:55:56.306Z] │                                                       ├─────────────────────┤          │        │                   ├───────────────────────────────┼──────────────────────────────────────────────────────────────┤
[2026-09-03T23:55:56.306Z] │                                                       │ CVE-2026-59888      │          │        │                   │ 2.18.8, 2.21.4                │ com.fasterxml.jackson.core/jackson-databind:                 │
[2026-09-03T23:55:56.306Z] │                                                       │                     │          │        │                   │                               │ tools.jackson.core/jackson-databind: jackson-databind:       │
[2026-09-03T23:55:56.306Z] │                                                       │                     │          │        │                   │                               │ @JsonIgnore bypass in Java Records                           │
[2026-09-03T23:55:56.306Z] │                                                       │                     │          │        │                   │                               │ https://avd.aquasec.com/nvd/cve-2026-59888                   │
[2026-09-03T23:55:56.306Z] ├───────────────────────────────────────────────────────┼─────────────────────┤          │        ├───────────────────┼───────────────────────────────┼──────────────────────────────────────────────────────────────┤
[2026-09-03T23:55:56.306Z] │ org.apache.logging.log4j:log4j-api (app.jar)          │ CVE-2026-49844      │          │        │ 2.21.1            │ 2.25.5, 2.26.1                │ org.apache.logging.log4j/log4j-api: Apache Log4j API:        │
[2026-09-03T23:55:56.306Z] │                                                       │                     │          │        │                   │                               │ Malformed JSON output due to improper encoding of...         │
[2026-09-03T23:55:56.306Z] │                                                       │                     │          │        │                   │                               │ https://avd.aquasec.com/nvd/cve-2026-49844                   │
[2026-09-03T23:55:56.306Z] ├───────────────────────────────────────────────────────┼─────────────────────┼──────────┤        ├───────────────────┼───────────────────────────────┼──────────────────────────────────────────────────────────────┤
[2026-09-03T23:55:56.306Z] │ org.apache.logging.log4j:log4j-core (app.jar)         │ CVE-2021-44228      │ CRITICAL │        │ 2.14.1            │ 2.15.0, 2.3.1, 2.12.2         │ log4j-core: Remote code execution in Log4j 2.x when logs     │
[2026-09-03T23:55:56.306Z] │                                                       │                     │          │        │                   │                               │ contain an attacker-controlled...                            │
[2026-09-03T23:55:56.306Z] │                                                       │                     │          │        │                   │                               │ https://avd.aquasec.com/nvd/cve-2021-44228                   │
[2026-09-03T23:55:56.306Z] │                                                       ├─────────────────────┤          │        │                   ├───────────────────────────────┼──────────────────────────────────────────────────────────────┤
[2026-09-03T23:55:56.306Z] │                                                       │ CVE-2021-45046      │          │        │                   │ 2.16.0, 2.12.2                │ log4j-core: DoS in log4j 2.x with thread context message     │
[2026-09-03T23:55:56.306Z] │                                                       │                     │          │        │                   │                               │ pattern and context...                                       │
[2026-09-03T23:55:56.306Z] │                                                       │                     │          │        │                   │                               │ https://avd.aquasec.com/nvd/cve-2021-45046                   │
[2026-09-03T23:55:56.306Z] │                                                       ├─────────────────────┼──────────┤        │                   ├───────────────────────────────┼──────────────────────────────────────────────────────────────┤
[2026-09-03T23:55:56.306Z] │                                                       │ CVE-2021-45105      │ HIGH     │        │                   │ 2.12.3, 2.17.0, 2.3.1         │ log4j-core: DoS in log4j 2.x with Thread Context Map (MDC)   │
[2026-09-03T23:55:56.306Z] │                                                       │                     │          │        │                   │                               │ input data...                                                │
[2026-09-03T23:55:56.306Z] │                                                       │                     │          │        │                   │                               │ https://avd.aquasec.com/nvd/cve-2021-45105                   │
[2026-09-03T23:55:56.306Z] │                                                       ├─────────────────────┼──────────┤        │                   ├───────────────────────────────┼──────────────────────────────────────────────────────────────┤
[2026-09-03T23:55:56.306Z] │                                                       │ CVE-2021-44832      │ MEDIUM   │        │                   │ 2.3.2, 2.12.4, 2.17.1         │ log4j-core: remote code execution via JDBC Appender          │
[2026-09-03T23:55:56.306Z] │                                                       │                     │          │        │                   │                               │ https://avd.aquasec.com/nvd/cve-2021-44832                   │
[2026-09-03T23:55:56.306Z] │                                                       ├─────────────────────┤          │        │                   ├───────────────────────────────┼──────────────────────────────────────────────────────────────┤
[2026-09-03T23:55:56.306Z] │                                                       │ CVE-2025-68161      │          │        │                   │ 2.25.3                        │ Apache Log4j: Apache Log4j Core: Information disclosure via  │
[2026-09-03T23:55:56.306Z] │                                                       │                     │          │        │                   │                               │ missing TLS hostname verification...                         │
[2026-09-03T23:55:56.306Z] │                                                       │                     │          │        │                   │                               │ https://avd.aquasec.com/nvd/cve-2025-68161                   │
[2026-09-03T23:55:56.306Z] │                                                       ├─────────────────────┤          │        │                   ├───────────────────────────────┼──────────────────────────────────────────────────────────────┤
[2026-09-03T23:55:56.306Z] │                                                       │ CVE-2026-34477      │          │        │                   │ 2.25.4                        │ org.apache.logging.log4j/log4j-core: Apache Log4j Core:      │
[2026-09-03T23:55:56.306Z] │                                                       │                     │          │        │                   │                               │ Man-in-the-middle attack due to incomplete hostname          │
[2026-09-03T23:55:56.306Z] │                                                       │                     │          │        │                   │                               │ verification                                                 │
[2026-09-03T23:55:56.306Z] │                                                       │                     │          │        │                   │                               │ https://avd.aquasec.com/nvd/cve-2026-34477                   │
[2026-09-03T23:55:56.306Z] │                                                       ├─────────────────────┤          │        │                   │                               ├──────────────────────────────────────────────────────────────┤
[2026-09-03T23:55:56.306Z] │                                                       │ CVE-2026-34480      │          │        │                   │                               │ org.apache.logging.log4j/log4j-core: Apache Log4j Core:      │
[2026-09-03T23:55:56.306Z] │                                                       │                     │          │        │                   │                               │ Invalid XML output causes denial of service in...            │
[2026-09-03T23:55:56.306Z] │                                                       │                     │          │        │                   │                               │ https://avd.aquasec.com/nvd/cve-2026-34480                   │
[2026-09-03T23:55:56.306Z] ├───────────────────────────────────────────────────────┼─────────────────────┼──────────┤        ├───────────────────┼───────────────────────────────┼──────────────────────────────────────────────────────────────┤
[2026-09-03T23:55:56.306Z] │ org.springframework.boot:spring-boot (app.jar)        │ CVE-2025-22235      │ HIGH     │        │ 3.2.5             │ 3.3.11, 3.4.5                 │ org.springframework.boot/spring-boot: Spring Boot            │
[2026-09-03T23:55:56.306Z] │                                                       │                     │          │        │                   │                               │ EndpointRequest.to() creates wrong matcher if actuator       │
[2026-09-03T23:55:56.306Z] │                                                       │                     │          │        │                   │                               │ endpoint is not...                                           │
[2026-09-03T23:55:56.306Z] │                                                       │                     │          │        │                   │                               │ https://avd.aquasec.com/nvd/cve-2025-22235                   │
[2026-09-03T23:55:56.306Z] ├───────────────────────────────────────────────────────┼─────────────────────┼──────────┤        ├───────────────────┼───────────────────────────────┼──────────────────────────────────────────────────────────────┤
[2026-09-03T23:55:56.306Z] │ org.springframework:spring-context (app.jar)          │ CVE-2024-38820      │ MEDIUM   │        │ 6.1.6             │ 6.1.14                        │ The fix for CVE-2022-22968 made disallowedFieldspatterns in  │
[2026-09-03T23:55:56.306Z] │                                                       │                     │          │        │                   │                               │ DataBinder ...                                               │
[2026-09-03T23:55:56.306Z] │                                                       │                     │          │        │                   │                               │ https://avd.aquasec.com/nvd/cve-2024-38820                   │
[2026-09-03T23:55:56.306Z] ├───────────────────────────────────────────────────────┼─────────────────────┼──────────┤        │                   ├───────────────────────────────┼──────────────────────────────────────────────────────────────┤
[2026-09-03T23:55:56.306Z] │ org.springframework:spring-core (app.jar)             │ CVE-2025-41249      │ HIGH     │        │                   │ 6.2.11                        │ org.springframework/spring-core: Spring Framework Annotation │
[2026-09-03T23:55:56.306Z] │                                                       │                     │          │        │                   │                               │ Detection Vulnerability                                      │
[2026-09-03T23:55:56.306Z] │                                                       │                     │          │        │                   │                               │ https://avd.aquasec.com/nvd/cve-2025-41249                   │
[2026-09-03T23:55:56.307Z] ├───────────────────────────────────────────────────────┼─────────────────────┤          │        │                   ├───────────────────────────────┼──────────────────────────────────────────────────────────────┤
[2026-09-03T23:55:56.307Z] │ org.springframework:spring-expression (app.jar)       │ CVE-2026-41850      │          │        │                   │ 7.0.8, 6.2.19                 │ spring-framework: Spring Framework: Denial of Service via    │
[2026-09-03T23:55:56.307Z] │                                                       │                     │          │        │                   │                               │ specially crafted SpEL expressions                           │
[2026-09-03T23:55:56.307Z] │                                                       │                     │          │        │                   │                               │ https://avd.aquasec.com/nvd/cve-2026-41850                   │
[2026-09-03T23:55:56.307Z] │                                                       ├─────────────────────┼──────────┤        │                   │                               ├──────────────────────────────────────────────────────────────┤
[2026-09-03T23:55:56.307Z] │                                                       │ CVE-2026-41851      │ MEDIUM   │        │                   │                               │ Spring Framework: Spring Framework: Denial of Service via    │
[2026-09-03T23:55:56.307Z] │                                                       │                     │          │        │                   │                               │ unbounded cache growth in...                                 │
[2026-09-03T23:55:56.307Z] │                                                       │                     │          │        │                   │                               │ https://avd.aquasec.com/nvd/cve-2026-41851                   │
[2026-09-03T23:55:56.307Z] ├───────────────────────────────────────────────────────┼─────────────────────┤          │        │                   ├───────────────────────────────┼──────────────────────────────────────────────────────────────┤
[2026-09-03T23:55:56.307Z] │ org.springframework:spring-web (app.jar)              │ CVE-2024-38809      │          │        │                   │ 5.3.38, 6.0.23, 6.1.12        │ org.springframework:spring-web: Spring Framework DoS via     │
[2026-09-03T23:55:56.307Z] │                                                       │                     │          │        │                   │                               │ conditional HTTP request                                     │
[2026-09-03T23:55:56.307Z] │                                                       │                     │          │        │                   │                               │ https://avd.aquasec.com/nvd/cve-2024-38809                   │
[2026-09-03T23:55:56.307Z] │                                                       ├─────────────────────┤          │        │                   ├───────────────────────────────┼──────────────────────────────────────────────────────────────┤
[2026-09-03T23:55:56.307Z] │                                                       │ CVE-2024-38820      │          │        │                   │ 6.1.14                        │ The fix for CVE-2022-22968 made disallowedFieldspatterns in  │
[2026-09-03T23:55:56.307Z] │                                                       │                     │          │        │                   │                               │ DataBinder ...                                               │
[2026-09-03T23:55:56.307Z] │                                                       │                     │          │        │                   │                               │ https://avd.aquasec.com/nvd/cve-2024-38820                   │
[2026-09-03T23:55:56.307Z] │                                                       ├─────────────────────┤          │        │                   ├───────────────────────────────┼──────────────────────────────────────────────────────────────┤
[2026-09-03T23:55:56.307Z] │                                                       │ CVE-2025-41234      │          │        │                   │ 6.2.8, 6.1.21                 │ springframework: Reflected download attack in Spring         │
[2026-09-03T23:55:56.307Z] │                                                       │                     │          │        │                   │                               │ Framework with non-ASCII headers                             │
[2026-09-03T23:55:56.307Z] │                                                       │                     │          │        │                   │                               │ https://avd.aquasec.com/nvd/cve-2025-41234                   │
[2026-09-03T23:55:56.307Z] ├───────────────────────────────────────────────────────┼─────────────────────┼──────────┤        │                   ├───────────────────────────────┼──────────────────────────────────────────────────────────────┤
[2026-09-03T23:55:56.307Z] │ org.springframework:spring-webmvc (app.jar)           │ CVE-2024-38816      │ HIGH     │        │                   │ 6.1.13                        │ spring-webmvc: Path Traversal Vulnerability in Spring        │
[2026-09-03T23:55:56.307Z] │                                                       │                     │          │        │                   │                               │ Applications Using RouterFunctions and FileSystemResource    │
[2026-09-03T23:55:56.307Z] │                                                       │                     │          │        │                   │                               │ https://avd.aquasec.com/nvd/cve-2024-38816                   │
[2026-09-03T23:55:56.307Z] │                                                       ├─────────────────────┤          │        │                   ├───────────────────────────────┼──────────────────────────────────────────────────────────────┤
[2026-09-03T23:55:56.307Z] │                                                       │ CVE-2024-38819      │          │        │                   │ 6.1.14                        │ org.springframework:spring-webmvc: Path traversal            │
[2026-09-03T23:55:56.307Z] │                                                       │                     │          │        │                   │                               │ vulnerability in functional web frameworks                   │
[2026-09-03T23:55:56.307Z] │                                                       │                     │          │        │                   │                               │ https://avd.aquasec.com/nvd/cve-2024-38819                   │
[2026-09-03T23:55:56.307Z] │                                                       ├─────────────────────┤          │        │                   ├───────────────────────────────┼──────────────────────────────────────────────────────────────┤
[2026-09-03T23:55:56.307Z] │                                                       │ CVE-2026-41842      │          │        │                   │ 7.0.8, 6.2.19                 │ spring-framework: Spring Framework: Denial of Service when   │
[2026-09-03T23:55:56.307Z] │                                                       │                     │          │        │                   │                               │ resolving static resources                                   │
[2026-09-03T23:55:56.307Z] │                                                       │                     │          │        │                   │                               │ https://avd.aquasec.com/nvd/cve-2026-41842                   │
[2026-09-03T23:55:56.307Z] │                                                       ├─────────────────────┤          │        │                   │                               ├──────────────────────────────────────────────────────────────┤
[2026-09-03T23:55:56.307Z] │                                                       │ CVE-2026-41845      │          │        │                   │                               │ org.springframework: Spring Framework: Cross-site scripting  │
[2026-09-03T23:55:56.307Z] │                                                       │                     │          │        │                   │                               │ (XSS) via incorrect JavaScript escaping                      │
[2026-09-03T23:55:56.307Z] │                                                       │                     │          │        │                   │                               │ https://avd.aquasec.com/nvd/cve-2026-41845                   │
[2026-09-03T23:55:56.307Z] │                                                       ├─────────────────────┼──────────┤        │                   ├───────────────────────────────┼──────────────────────────────────────────────────────────────┤
[2026-09-03T23:55:56.307Z] │                                                       │ CVE-2025-41242      │ MEDIUM   │        │                   │ 6.2.10                        │ org.springframework/spring-webmvc: Spring Framework MVC path │
[2026-09-03T23:55:56.307Z] │                                                       │                     │          │        │                   │                               │ traversal vulnerability                                      │
[2026-09-03T23:55:56.307Z] │                                                       │                     │          │        │                   │                               │ https://avd.aquasec.com/nvd/cve-2025-41242                   │
[2026-09-03T23:55:56.307Z] │                                                       ├─────────────────────┤          │        │                   ├───────────────────────────────┼──────────────────────────────────────────────────────────────┤
[2026-09-03T23:55:56.307Z] │                                                       │ CVE-2026-22737      │          │        │                   │ 7.0.6, 6.2.17                 │ Spring Framework: Spring Framework: Information disclosure   │
[2026-09-03T23:55:56.307Z] │                                                       │                     │          │        │                   │                               │ via Java scripting engine enabled template...                │
[2026-09-03T23:55:56.307Z] │                                                       │                     │          │        │                   │                               │ https://avd.aquasec.com/nvd/cve-2026-22737                   │
[2026-09-03T23:55:56.307Z] │                                                       ├─────────────────────┤          │        │                   ├───────────────────────────────┼──────────────────────────────────────────────────────────────┤
[2026-09-03T23:55:56.307Z] │                                                       │ CVE-2026-22745      │          │        │                   │ 7.0.7, 6.2.18                 │ spring-webflux: Spring MVC and Spring WebFlux: Denial of     │
[2026-09-03T23:55:56.307Z] │                                                       │                     │          │        │                   │                               │ Service via slow static...                                   │
[2026-09-03T23:55:56.307Z] │                                                       │                     │          │        │                   │                               │ https://avd.aquasec.com/nvd/cve-2026-22745                   │
[2026-09-03T23:55:56.307Z] │                                                       ├─────────────────────┤          │        │                   ├───────────────────────────────┼──────────────────────────────────────────────────────────────┤
[2026-09-03T23:55:56.307Z] │                                                       │ CVE-2026-41841      │          │        │                   │ 7.0.8, 6.2.19                 │ Spring MVC and WebFlux applications are vulnerable to        │
[2026-09-03T23:55:56.307Z] │                                                       │                     │          │        │                   │                               │ Information Disc ...                                         │
[2026-09-03T23:55:56.307Z] │                                                       │                     │          │        │                   │                               │ https://avd.aquasec.com/nvd/cve-2026-41841                   │
[2026-09-03T23:55:56.307Z] │                                                       ├─────────────────────┤          │        │                   │                               ├──────────────────────────────────────────────────────────────┤
[2026-09-03T23:55:56.307Z] │                                                       │ CVE-2026-41843      │          │        │                   │                               │ spring-webflux: spring-webmvc: Spring Framework: Information │
[2026-09-03T23:55:56.307Z] │                                                       │                     │          │        │                   │                               │ Disclosure via Path Traversal                                │
[2026-09-03T23:55:56.307Z] │                                                       │                     │          │        │                   │                               │ https://avd.aquasec.com/nvd/cve-2026-41843                   │
[2026-09-03T23:55:56.307Z] │                                                       ├─────────────────────┤          │        │                   │                               ├──────────────────────────────────────────────────────────────┤
[2026-09-03T23:55:56.307Z] │                                                       │ CVE-2026-41844      │          │        │                   │                               │ Spring Framework: Spring Framework: Open Redirect via        │
[2026-09-03T23:55:56.307Z] │                                                       │                     │          │        │                   │                               │ crafted link                                                 │
[2026-09-03T23:55:56.307Z] │                                                       │                     │          │        │                   │                               │ https://avd.aquasec.com/nvd/cve-2026-41844                   │
[2026-09-03T23:55:56.307Z] │                                                       ├─────────────────────┤          │        │                   │                               ├──────────────────────────────────────────────────────────────┤
[2026-09-03T23:55:56.307Z] │                                                       │ CVE-2026-41846      │          │        │                   │                               │ Spring Framework: Spring Framework: Cross-site scripting     │
[2026-09-03T23:55:56.307Z] │                                                       │                     │          │        │                   │                               │ (XSS) via user-supplied values in JSP...                     │
[2026-09-03T23:55:56.307Z] │                                                       │                     │          │        │                   │                               │ https://avd.aquasec.com/nvd/cve-2026-41846                   │
[2026-09-03T23:55:56.307Z] │                                                       ├─────────────────────┤          │        │                   │                               ├──────────────────────────────────────────────────────────────┤
[2026-09-03T23:55:56.307Z] │                                                       │ CVE-2026-41853      │          │        │                   │                               │ Spring Framework: Spring Framework: Request smuggling        │
[2026-09-03T23:55:56.307Z] │                                                       │                     │          │        │                   │                               │ vulnerability in Spring MVC and WebFlux...                   │
[2026-09-03T23:55:56.307Z] │                                                       │                     │          │        │                   │                               │ https://avd.aquasec.com/nvd/cve-2026-41853                   │
[2026-09-03T23:55:56.307Z] └───────────────────────────────────────────────────────┴─────────────────────┴──────────┴────────┴───────────────────┴───────────────────────────────┴──────────────────────────────────────────────────────────────┘
[2026-09-03T23:55:56.307Z] 
[2026-09-03T23:55:56.307Z] usr/bin/pebble (gobinary)
[2026-09-03T23:55:56.307Z] =========================
[2026-09-03T23:55:56.307Z] Total: 8 (MEDIUM: 0, HIGH: 8, CRITICAL: 0)
[2026-09-03T23:55:56.307Z] 
[2026-09-03T23:55:56.307Z] ┌─────────┬────────────────┬──────────┬────────┬───────────────────┬──────────────────────────────┬──────────────────────────────────────────────────────────────┐
[2026-09-03T23:55:56.307Z] │ Library │ Vulnerability  │ Severity │ Status │ Installed Version │        Fixed Version         │                            Title                             │
[2026-09-03T23:55:56.307Z] ├─────────┼────────────────┼──────────┼────────┼───────────────────┼──────────────────────────────┼──────────────────────────────────────────────────────────────┤
[2026-09-03T23:55:56.307Z] │ stdlib  │ CVE-2026-33818 │ HIGH     │ fixed  │ v1.26.5           │ 1.25.13, 1.26.6, 1.27.0-rc.3 │ encoding/asn1: golang: Go encoding/asn1: Denial of Service   │
[2026-09-03T23:55:56.307Z] │         │                │          │        │                   │                              │ via excessive recursion in Unmarshal...                      │
[2026-09-03T23:55:56.307Z] │         │                │          │        │                   │                              │ https://avd.aquasec.com/nvd/cve-2026-33818                   │
[2026-09-03T23:55:56.307Z] │         ├────────────────┤          │        │                   │                              ├──────────────────────────────────────────────────────────────┤
[2026-09-03T23:55:56.307Z] │         │ CVE-2026-39821 │          │        │                   │                              │ golang.org/x/net/idna: golang: net/http:                     │
[2026-09-03T23:55:56.307Z] │         │                │          │        │                   │                              │ golang.org/x/net/idna: Privilege escalation via incorrect    │
[2026-09-03T23:55:56.307Z] │         │                │          │        │                   │                              │ Punycode label processing                                    │
[2026-09-03T23:55:56.307Z] │         │                │          │        │                   │                              │ https://avd.aquasec.com/nvd/cve-2026-39821                   │
[2026-09-03T23:55:56.307Z] │         ├────────────────┤          │        │                   ├──────────────────────────────┼──────────────────────────────────────────────────────────────┤
[2026-09-03T23:55:56.307Z] │         │ CVE-2026-46600 │          │        │                   │ 1.26.6, 1.27.0-rc.3          │ golang.org/x/net/dns/dnsmessage:                             │
[2026-09-03T23:55:56.307Z] │         │                │          │        │                   │                              │ golang.org/x/net/dns/dnsmessage: Denial of Service via       │
[2026-09-03T23:55:56.307Z] │         │                │          │        │                   │                              │ invalid DNS record parsing                                   │
[2026-09-03T23:55:56.307Z] │         │                │          │        │                   │                              │ https://avd.aquasec.com/nvd/cve-2026-46600                   │
[2026-09-03T23:55:56.307Z] │         ├────────────────┤          │        │                   ├──────────────────────────────┼──────────────────────────────────────────────────────────────┤
[2026-09-03T23:55:56.307Z] │         │ CVE-2026-56853 │          │        │                   │ 1.25.13, 1.26.6, 1.27.0-rc.3 │ net/http: golang: Go net/http: Unencrypted HTTP/2            │
[2026-09-03T23:55:56.307Z] │         │                │          │        │                   │                              │ connections vulnerable to Denial of Service...               │
[2026-09-03T23:55:56.307Z] │         │                │          │        │                   │                              │ https://avd.aquasec.com/nvd/cve-2026-56853                   │
[2026-09-03T23:55:56.307Z] │         ├────────────────┤          │        │                   │                              ├──────────────────────────────────────────────────────────────┤
[2026-09-03T23:55:56.307Z] │         │ CVE-2026-56858 │          │        │                   │                              │ html/template: golang: Go html/template: Cross-Site          │
[2026-09-03T23:55:56.307Z] │         │                │          │        │                   │                              │ Scripting via pathological input                             │
[2026-09-03T23:55:56.307Z] │         │                │          │        │                   │                              │ https://avd.aquasec.com/nvd/cve-2026-56858                   │
[2026-09-03T23:55:56.307Z] │         ├────────────────┤          │        │                   │                              ├──────────────────────────────────────────────────────────────┤
[2026-09-03T23:55:56.307Z] │         │ CVE-2026-56859 │          │        │                   │                              │ encoding/xml: golang: Go: Denial of Service via XML decoding │
[2026-09-03T23:55:56.307Z] │         │                │          │        │                   │                              │ recursion depth issue...                                     │
[2026-09-03T23:55:56.307Z] │         │                │          │        │                   │                              │ https://avd.aquasec.com/nvd/cve-2026-56859                   │
[2026-09-03T23:55:56.307Z] │         ├────────────────┤          │        │                   │                              ├──────────────────────────────────────────────────────────────┤
[2026-09-03T23:55:56.308Z] │         │ CVE-2026-56860 │          │        │                   │                              │ net/url: golang: golang net/url: Denial of Service from      │
[2026-09-03T23:55:56.308Z] │         │                │          │        │                   │                              │ quadratic complexity in path...                              │
[2026-09-03T23:55:56.308Z] │         │                │          │        │                   │                              │ https://avd.aquasec.com/nvd/cve-2026-56860                   │
[2026-09-03T23:55:56.308Z] │         ├────────────────┤          │        │                   │                              ├──────────────────────────────────────────────────────────────┤
[2026-09-03T23:55:56.308Z] │         │ CVE-2026-56862 │          │        │                   │                              │ crypto/tls: golang: Golang crypto/tls: Denial of Service via │
[2026-09-03T23:55:56.308Z] │         │                │          │        │                   │                              │ indefinite KeyUpdate messages                                │
[2026-09-03T23:55:56.308Z] │         │                │          │        │                   │                              │ https://avd.aquasec.com/nvd/cve-2026-56862                   │
[2026-09-03T23:55:56.308Z] └─────────┴────────────────┴──────────┴────────┴───────────────────┴──────────────────────────────┴──────────────────────────────────────────────────────────────┘
[Pipeline] sh
[2026-09-03T23:55:56.596Z] + echo --- Trivy gate: CRITICAL findings fail this build ---
[2026-09-03T23:55:56.596Z] --- Trivy gate: CRITICAL findings fail this build ---
[2026-09-03T23:55:56.596Z] + trivy image --scanners vuln --severity CRITICAL --ignore-unfixed --exit-code 1 --no-progress --skip-version-check kente-retail/order-service:1-c2fbd2e
[2026-09-03T23:55:56.596Z] 2026-09-03T23:55:56Z	INFO	[vuln] Vulnerability scanning is enabled
[2026-09-03T23:56:08.694Z] 2026-09-03T23:56:07Z	INFO	Detected OS	family="ubuntu" version="26.04"
[2026-09-03T23:56:08.694Z] 2026-09-03T23:56:07Z	INFO	[ubuntu] Detecting vulnerabilities...	os_version="26.04" pkg_num=140
[2026-09-03T23:56:08.694Z] 2026-09-03T23:56:07Z	INFO	Number of language-specific files	num=2
[2026-09-03T23:56:08.694Z] 2026-09-03T23:56:07Z	INFO	[gobinary] Detecting vulnerabilities...
[2026-09-03T23:56:08.694Z] 2026-09-03T23:56:07Z	INFO	[jar] Detecting vulnerabilities...
[2026-09-03T23:56:08.694Z] 2026-09-03T23:56:07Z	WARN	Using severities from other vendors for some vulnerabilities. Read https://trivy.dev/docs/v0.74/guide/scanner/vulnerability#severity-selection for details.
[2026-09-03T23:56:08.694Z] 2026-09-03T23:56:07Z	INFO	Table result includes only package filenames. Use '--format json' option to get the full path to the package file.
[2026-09-03T23:56:08.694Z] 
[2026-09-03T23:56:08.694Z] Report Summary
[2026-09-03T23:56:08.694Z] 
[2026-09-03T23:56:08.694Z] ┌─────────────────────────────────────────────────────┬──────────┬─────────────────┐
[2026-09-03T23:56:08.694Z] │                       Target                        │   Type   │ Vulnerabilities │
[2026-09-03T23:56:08.694Z] ├─────────────────────────────────────────────────────┼──────────┼─────────────────┤
[2026-09-03T23:56:08.694Z] │ kente-retail/order-service:1-c2fbd2e (ubuntu 26.04) │  ubuntu  │        0        │
[2026-09-03T23:56:08.694Z] ├─────────────────────────────────────────────────────┼──────────┼─────────────────┤
[2026-09-03T23:56:08.694Z] │ app/app.jar                                         │   jar    │        2        │
[2026-09-03T23:56:08.694Z] ├─────────────────────────────────────────────────────┼──────────┼─────────────────┤
[2026-09-03T23:56:08.694Z] │ usr/bin/pebble                                      │ gobinary │        0        │
[2026-09-03T23:56:08.694Z] └─────────────────────────────────────────────────────┴──────────┴─────────────────┘
[2026-09-03T23:56:08.694Z] Legend:
[2026-09-03T23:56:08.694Z] - '-': Not scanned
[2026-09-03T23:56:08.694Z] - '0': Clean (no security findings detected)
[2026-09-03T23:56:08.694Z] 
[2026-09-03T23:56:08.694Z] 
[2026-09-03T23:56:08.694Z] For OSS Maintainers: VEX Notice
[2026-09-03T23:56:08.694Z] --------------------------------
[2026-09-03T23:56:08.694Z] If you're an OSS maintainer and Trivy has detected vulnerabilities in your project that you believe are not actually exploitable, consider issuing a VEX (Vulnerability Exploitability eXchange) statement.
[2026-09-03T23:56:08.694Z] VEX allows you to communicate the actual status of vulnerabilities in your project, improving security transparency and reducing false positives for your users.
[2026-09-03T23:56:08.694Z] Learn more and start using VEX: https://trivy.dev/docs/v0.74/guide/supply-chain/vex/repo#publishing-vex-documents
[2026-09-03T23:56:08.694Z] 
[2026-09-03T23:56:08.694Z] To disable this notice, set the TRIVY_DISABLE_VEX_NOTICE environment variable.
[2026-09-03T23:56:08.694Z] 
[2026-09-03T23:56:08.694Z] 
[2026-09-03T23:56:08.694Z] Java (jar)
[2026-09-03T23:56:08.694Z] ==========
[2026-09-03T23:56:08.694Z] Total: 2 (CRITICAL: 2)
[2026-09-03T23:56:08.694Z] 
[2026-09-03T23:56:08.694Z] ┌───────────────────────────────────────────────┬────────────────┬──────────┬────────┬───────────────────┬───────────────────────┬──────────────────────────────────────────────────────────┐
[2026-09-03T23:56:08.694Z] │                    Library                    │ Vulnerability  │ Severity │ Status │ Installed Version │     Fixed Version     │                          Title                           │
[2026-09-03T23:56:08.694Z] ├───────────────────────────────────────────────┼────────────────┼──────────┼────────┼───────────────────┼───────────────────────┼──────────────────────────────────────────────────────────┤
[2026-09-03T23:56:08.694Z] │ org.apache.logging.log4j:log4j-core (app.jar) │ CVE-2021-44228 │ CRITICAL │ fixed  │ 2.14.1            │ 2.15.0, 2.3.1, 2.12.2 │ log4j-core: Remote code execution in Log4j 2.x when logs │
[2026-09-03T23:56:08.694Z] │                                               │                │          │        │                   │                       │ contain an attacker-controlled...                        │
[2026-09-03T23:56:08.694Z] │                                               │                │          │        │                   │                       │ https://avd.aquasec.com/nvd/cve-2021-44228               │
[2026-09-03T23:56:08.694Z] │                                               ├────────────────┤          │        │                   ├───────────────────────┼──────────────────────────────────────────────────────────┤
[2026-09-03T23:56:08.694Z] │                                               │ CVE-2021-45046 │          │        │                   │ 2.16.0, 2.12.2        │ log4j-core: DoS in log4j 2.x with thread context message │
[2026-09-03T23:56:08.694Z] │                                               │                │          │        │                   │                       │ pattern and context...                                   │
[2026-09-03T23:56:08.694Z] │                                               │                │          │        │                   │                       │ https://avd.aquasec.com/nvd/cve-2021-45046               │
[2026-09-03T23:56:08.694Z] └───────────────────────────────────────────────┴────────────────┴──────────┴────────┴───────────────────┴───────────────────────┴──────────────────────────────────────────────────────────┘
[Pipeline] }
[2026-09-03T23:56:08.736Z] Lock released on resource [Resource: trivy-cache]
[Pipeline] // lock
Post stage
[Pipeline] archiveArtifacts
[2026-09-03T23:56:09.068Z] Archiving artifacts
[Pipeline] }
[Pipeline] // stage
[Pipeline] stage
[Pipeline] { (Approve Release)
Stage "Approve Release" skipped due to earlier failure(s)
[Pipeline] getContext
[Pipeline] }
[Pipeline] // stage
[Pipeline] stage
[Pipeline] { (Deploy (idle colour))
Stage "Deploy (idle colour)" skipped due to earlier failure(s)
[Pipeline] getContext
[Pipeline] }
[Pipeline] // stage
[Pipeline] stage
[Pipeline] { (Switch Traffic)
Stage "Switch Traffic" skipped due to earlier failure(s)
[Pipeline] getContext
[Pipeline] }
[Pipeline] // stage
[Pipeline] stage
[Pipeline] { (Verify)
Stage "Verify" skipped due to earlier failure(s)
[Pipeline] getContext
[Pipeline] }
[Pipeline] // stage
[Pipeline] stage
[Pipeline] { (Declarative: Post Actions)
[Pipeline] cleanWs
[2026-09-03T23:56:10.248Z] [WS-CLEANUP] Deleting project workspace...
[2026-09-03T23:56:10.260Z] [WS-CLEANUP] Deferred wipeout is used...
[2026-09-03T23:56:10.344Z] [WS-CLEANUP] done
[Pipeline] script
[Pipeline] {
[Pipeline] echo
[2026-09-03T23:56:10.445Z] Failed before any traffic moved. Nothing to roll back.
[Pipeline] withCredentials
[2026-09-03T23:56:10.604Z] Masking supported pattern matches of $SLACK_WEBHOOK
[Pipeline] {
[Pipeline] sh
[2026-09-03T23:56:10.914Z] + set -eu
[2026-09-03T23:56:10.914Z] + [ -z  ]
[2026-09-03T23:56:10.914Z] + echo slack: no webhook configured -- skipping notification
[2026-09-03T23:56:10.914Z] slack: no webhook configured -- skipping notification
[2026-09-03T23:56:10.914Z] + exit 0
[Pipeline] }
[Pipeline] // withCredentials
[Pipeline] }
[Pipeline] // script
[Pipeline] }
[Pipeline] // stage
[Pipeline] }
[Pipeline] // timeout
[Pipeline] }
[Pipeline] // timestamps
[Pipeline] }
[Pipeline] // withEnv
[Pipeline] }
[Pipeline] // withEnv
[Pipeline] }
[Pipeline] // node
[Pipeline] End of Pipeline
ERROR: script returned exit code 1
Finished: FAILURE
