Branch indexing
 > git rev-parse --resolve-git-dir /var/jenkins_home/caches/git-e756c7663f1f415eb21eccc9b18ba622/.git # timeout=10
Setting origin to https://github.com/josephakayesi/kente-retail-order-service.git
 > git config remote.origin.url https://github.com/josephakayesi/kente-retail-order-service.git # timeout=10
Fetching origin...
Fetching upstream changes from origin
 > git --version # timeout=10
 > git --version # 'git version 2.47.3'
 > git config --get remote.origin.url # timeout=10
 > git fetch --no-tags --force --progress -- origin +refs/heads/*:refs/remotes/origin/* # timeout=10
Seen branch in repository origin/broken/order-id-collision
Seen branch in repository origin/broken/vulnerable-dependency
Seen branch in repository origin/main
Seen 3 remote branches
Obtained Jenkinsfile from 89ba7bc223500df3d2bb4849e699b4faa9bd9777
[Pipeline] Start of Pipeline
[Pipeline] node
Running on Jenkins in /var/jenkins_home/workspace/order-service_main
[Pipeline] {
[Pipeline] stage
[Pipeline] { (Declarative: Checkout SCM)
[Pipeline] checkout
Selected Git installation does not exist. Using Default
The recommended git tool is: NONE
No credentials specified
Cloning the remote Git repository
Cloning with configured refspecs honoured and without tags
Cloning repository https://github.com/josephakayesi/kente-retail-order-service.git
 > git init /var/jenkins_home/workspace/order-service_main # timeout=10
Fetching upstream changes from https://github.com/josephakayesi/kente-retail-order-service.git
 > git --version # timeout=10
 > git --version # 'git version 2.47.3'
 > git fetch --no-tags --force --progress -- https://github.com/josephakayesi/kente-retail-order-service.git +refs/heads/*:refs/remotes/origin/* # timeout=10
 > git config remote.origin.url https://github.com/josephakayesi/kente-retail-order-service.git # timeout=10
 > git config --add remote.origin.fetch +refs/heads/*:refs/remotes/origin/* # timeout=10
Avoid second fetch
Checking out Revision 89ba7bc223500df3d2bb4849e699b4faa9bd9777 (main)
 > git config core.sparsecheckout # timeout=10
 > git checkout -f 89ba7bc223500df3d2bb4849e699b4faa9bd9777 # timeout=10
Commit message: "fix(scripts): teardown needs admin_cidr passed too"
First time build. Skipping changelog.
[Pipeline] }
[Pipeline] // stage
[Pipeline] withEnv
[Pipeline] {
[Pipeline] withEnv
[Pipeline] {
[Pipeline] timestamps
[Pipeline] {
[Pipeline] timeout
[2026-09-03T23:53:03.689Z] Timeout set to expire in 45 min
[Pipeline] {
[Pipeline] stage
[Pipeline] { (Checkout)
[Pipeline] checkout
[2026-09-03T23:53:03.940Z] Selected Git installation does not exist. Using Default
[2026-09-03T23:53:03.940Z] The recommended git tool is: NONE
[2026-09-03T23:53:03.941Z] No credentials specified
[2026-09-03T23:53:03.941Z]  > git rev-parse --resolve-git-dir /var/jenkins_home/workspace/order-service_main/.git # timeout=10
[2026-09-03T23:53:03.964Z] Fetching changes from the remote Git repository
[2026-09-03T23:53:03.966Z]  > git config remote.origin.url https://github.com/josephakayesi/kente-retail-order-service.git # timeout=10
[2026-09-03T23:53:03.984Z] Fetching without tags
[2026-09-03T23:53:03.984Z] Fetching upstream changes from https://github.com/josephakayesi/kente-retail-order-service.git
[2026-09-03T23:53:03.984Z]  > git --version # timeout=10
[2026-09-03T23:53:04.003Z]  > git --version # 'git version 2.47.3'
[2026-09-03T23:53:04.004Z]  > git fetch --no-tags --force --progress -- https://github.com/josephakayesi/kente-retail-order-service.git +refs/heads/*:refs/remotes/origin/* # timeout=10
[2026-09-03T23:53:04.242Z] Checking out Revision 89ba7bc223500df3d2bb4849e699b4faa9bd9777 (main)
[2026-09-03T23:53:04.242Z]  > git config core.sparsecheckout # timeout=10
[2026-09-03T23:53:04.249Z]  > git checkout -f 89ba7bc223500df3d2bb4849e699b4faa9bd9777 # timeout=10
[2026-09-03T23:53:04.261Z] Commit message: "fix(scripts): teardown needs admin_cidr passed too"
[Pipeline] script
[Pipeline] {
[Pipeline] sh
[2026-09-03T23:53:04.761Z] + git rev-parse --short=7 HEAD
[Pipeline] echo
[2026-09-03T23:53:04.880Z] building kente-retail/order-service:1-89ba7bc from main
[Pipeline] }
[Pipeline] // script
[Pipeline] }
[Pipeline] // stage
[Pipeline] stage
[Pipeline] { (Build)
[Pipeline] sh
[2026-09-03T23:53:05.429Z] + mvn -B -DskipTests package
[2026-09-03T23:53:10.659Z] [INFO] Scanning for projects...
[2026-09-03T23:53:10.661Z] [INFO] Downloading from central: https://repo.maven.apache.org/maven2/org/springframework/boot/spring-boot-starter-parent/3.2.5/spring-boot-starter-parent-3.2.5.pom
[2026-09-03T23:53:11.573Z] [INFO] Downloaded from central: https://repo.maven.apache.org/maven2/org/springframework/boot/spring-boot-starter-parent/3.2.5/spring-boot-starter-parent-3.2.5.pom (13 kB at 14 kB/s)
[2026-09-03T23:53:11.829Z] [INFO] Downloading from central: https://repo.maven.apache.org/maven2/io/zipkin/brave/brave-bom/5.16.0/brave-bom-5.16.0.pom
[2026-09-03T23:53:11.829Z] [INFO] Downloaded from central: https://repo.maven.apache.org/maven2/io/zipkin/brave/brave-bom/5.16.0/brave-bom-5.16.0.pom (12 kB at 179 kB/s)
[2026-09-03T23:53:11.829Z] [INFO] Downloading from central: https://repo.maven.apache.org/maven2/io/zipkin/reporter2/zipkin-reporter-bom/2.16.3/zipkin-reporter-bom-2.16.3.pom
[2026-09-03T23:53:11.829Z] [INFO] Downloaded from central: https://repo.maven.apache.org/maven2/io/zipkin/reporter2/zipkin-reporter-bom/2.16.3/zipkin-reporter-bom-2.16.3.pom (6.9 kB at 135 kB/s)
[2026-09-03T23:53:11.829Z] [INFO] Downloading from central: https://repo.maven.apache.org/maven2/com/datastax/oss/java-driver-bom/4.17.0/java-driver-bom-4.17.0.pom
[2026-09-03T23:53:12.089Z] [INFO] Downloaded from central: https://repo.maven.apache.org/maven2/com/datastax/oss/java-driver-bom/4.17.0/java-driver-bom-4.17.0.pom (4.1 kB at 67 kB/s)
[2026-09-03T23:53:12.089Z] [INFO] Downloading from central: https://repo.maven.apache.org/maven2/io/dropwizard/metrics/metrics-bom/4.2.25/metrics-bom-4.2.25.pom
[2026-09-03T23:53:12.089Z] [INFO] Downloaded from central: https://repo.maven.apache.org/maven2/io/dropwizard/metrics/metrics-bom/4.2.25/metrics-bom-4.2.25.pom (8.2 kB at 205 kB/s)
[2026-09-03T23:53:12.089Z] [INFO] Downloading from central: https://repo.maven.apache.org/maven2/io/dropwizard/metrics/metrics-parent/4.2.25/metrics-parent-4.2.25.pom
[2026-09-03T23:53:12.089Z] [INFO] Downloaded from central: https://repo.maven.apache.org/maven2/io/dropwizard/metrics/metrics-parent/4.2.25/metrics-parent-4.2.25.pom (21 kB at 413 kB/s)
[2026-09-03T23:53:12.089Z] [INFO] Downloading from central: https://repo.maven.apache.org/maven2/org/glassfish/jaxb/jaxb-bom/4.0.5/jaxb-bom-4.0.5.pom
[2026-09-03T23:53:12.089Z] [INFO] Downloaded from central: https://repo.maven.apache.org/maven2/org/glassfish/jaxb/jaxb-bom/4.0.5/jaxb-bom-4.0.5.pom (12 kB at 253 kB/s)
[2026-09-03T23:53:12.089Z] [INFO] Downloading from central: https://repo.maven.apache.org/maven2/org/eclipse/ee4j/project/1.0.9/project-1.0.9.pom
[2026-09-03T23:53:12.090Z] [INFO] Downloaded from central: https://repo.maven.apache.org/maven2/org/eclipse/ee4j/project/1.0.9/project-1.0.9.pom (16 kB at 375 kB/s)
[2026-09-03T23:53:12.340Z] [INFO] Downloading from central: https://repo.maven.apache.org/maven2/org/apache/groovy/groovy-bom/4.0.21/groovy-bom-4.0.21.pom
[2026-09-03T23:53:12.341Z] [INFO] Downloaded from central: https://repo.maven.apache.org/maven2/org/apache/groovy/groovy-bom/4.0.21/groovy-bom-4.0.21.pom (27 kB at 665 kB/s)
[2026-09-03T23:53:12.344Z] [INFO] Downloading from central: https://repo.maven.apache.org/maven2/org/infinispan/infinispan-bom/14.0.27.Final/infinispan-bom-14.0.27.Final.pom
[2026-09-03T23:53:12.344Z] [INFO] Downloaded from central: https://repo.maven.apache.org/maven2/org/infinispan/infinispan-bom/14.0.27.Final/infinispan-bom-14.0.27.Final.pom (25 kB at 311 kB/s)
[2026-09-03T23:53:12.344Z] [INFO] Downloading from central: https://repo.maven.apache.org/maven2/org/infinispan/infinispan-build-configuration-parent/14.0.27.Final/infinispan-build-configuration-parent-14.0.27.Final.pom
[2026-09-03T23:53:12.344Z] [INFO] Downloaded from central: https://repo.maven.apache.org/maven2/org/infinispan/infinispan-build-configuration-parent/14.0.27.Final/infinispan-build-configuration-parent-14.0.27.Final.pom (24 kB at 537 kB/s)
[2026-09-03T23:53:12.344Z] [INFO] Downloading from central: https://repo.maven.apache.org/maven2/org/jboss/jboss-parent/39/jboss-parent-39.pom
[2026-09-03T23:53:12.598Z] [INFO] Downloaded from central: https://repo.maven.apache.org/maven2/org/jboss/jboss-parent/39/jboss-parent-39.pom (68 kB at 1.2 MB/s)
[2026-09-03T23:53:12.599Z] [INFO] Downloading from central: https://repo.maven.apache.org/maven2/com/fasterxml/jackson/jackson-bom/2.15.4/jackson-bom-2.15.4.pom
[2026-09-03T23:53:12.599Z] [INFO] Downloaded from central: https://repo.maven.apache.org/maven2/com/fasterxml/jackson/jackson-bom/2.15.4/jackson-bom-2.15.4.pom (18 kB at 305 kB/s)
[2026-09-03T23:53:12.599Z] [INFO] Downloading from central: https://repo.maven.apache.org/maven2/com/fasterxml/jackson/jackson-parent/2.15/jackson-parent-2.15.pom
[2026-09-03T23:53:12.599Z] [INFO] Downloaded from central: https://repo.maven.apache.org/maven2/com/fasterxml/jackson/jackson-parent/2.15/jackson-parent-2.15.pom (6.5 kB at 192 kB/s)
[2026-09-03T23:53:12.599Z] [INFO] Downloading from central: https://repo.maven.apache.org/maven2/com/fasterxml/oss-parent/50/oss-parent-50.pom
[2026-09-03T23:53:12.599Z] [INFO] Downloaded from central: https://repo.maven.apache.org/maven2/com/fasterxml/oss-parent/50/oss-parent-50.pom (24 kB at 537 kB/s)
[2026-09-03T23:53:12.849Z] [INFO] Downloading from central: https://repo.maven.apache.org/maven2/org/glassfish/jersey/jersey-bom/3.1.6/jersey-bom-3.1.6.pom
[2026-09-03T23:53:12.850Z] [INFO] Downloaded from central: https://repo.maven.apache.org/maven2/org/glassfish/jersey/jersey-bom/3.1.6/jersey-bom-3.1.6.pom (21 kB at 406 kB/s)
[2026-09-03T23:53:12.850Z] [INFO] Downloading from central: https://repo.maven.apache.org/maven2/org/eclipse/ee4j/project/1.0.8/project-1.0.8.pom
[2026-09-03T23:53:12.850Z] [INFO] Downloaded from central: https://repo.maven.apache.org/maven2/org/eclipse/ee4j/project/1.0.8/project-1.0.8.pom (15 kB at 331 kB/s)
[2026-09-03T23:53:12.851Z] [INFO] Downloading from central: https://repo.maven.apache.org/maven2/org/eclipse/jetty/ee10/jetty-ee10-bom/12.0.8/jetty-ee10-bom-12.0.8.pom
[2026-09-03T23:53:12.851Z] [INFO] Downloaded from central: https://repo.maven.apache.org/maven2/org/eclipse/jetty/ee10/jetty-ee10-bom/12.0.8/jetty-ee10-bom-12.0.8.pom (9.2 kB at 197 kB/s)
[2026-09-03T23:53:12.851Z] [INFO] Downloading from central: https://repo.maven.apache.org/maven2/org/eclipse/jetty/jetty-bom/12.0.8/jetty-bom-12.0.8.pom
[2026-09-03T23:53:12.851Z] [INFO] Downloaded from central: https://repo.maven.apache.org/maven2/org/eclipse/jetty/jetty-bom/12.0.8/jetty-bom-12.0.8.pom (14 kB at 381 kB/s)
[2026-09-03T23:53:12.851Z] [INFO] Downloading from central: https://repo.maven.apache.org/maven2/org/junit/junit-bom/5.10.2/junit-bom-5.10.2.pom
[2026-09-03T23:53:13.101Z] [INFO] Downloaded from central: https://repo.maven.apache.org/maven2/org/junit/junit-bom/5.10.2/junit-bom-5.10.2.pom (5.6 kB at 111 kB/s)
[2026-09-03T23:53:13.101Z] [INFO] Downloading from central: https://repo.maven.apache.org/maven2/org/jetbrains/kotlin/kotlin-bom/1.9.23/kotlin-bom-1.9.23.pom
[2026-09-03T23:53:13.101Z] [INFO] Downloaded from central: https://repo.maven.apache.org/maven2/org/jetbrains/kotlin/kotlin-bom/1.9.23/kotlin-bom-1.9.23.pom (9.1 kB at 234 kB/s)
[2026-09-03T23:53:13.102Z] [INFO] Downloading from central: https://repo.maven.apache.org/maven2/org/jetbrains/kotlinx/kotlinx-coroutines-bom/1.7.3/kotlinx-coroutines-bom-1.7.3.pom
[2026-09-03T23:53:13.102Z] [INFO] Downloaded from central: https://repo.maven.apache.org/maven2/org/jetbrains/kotlinx/kotlinx-coroutines-bom/1.7.3/kotlinx-coroutines-bom-1.7.3.pom (4.3 kB at 52 kB/s)
[2026-09-03T23:53:13.102Z] [INFO] Downloading from central: https://repo.maven.apache.org/maven2/org/jetbrains/kotlinx/kotlinx-serialization-bom/1.6.3/kotlinx-serialization-bom-1.6.3.pom
[2026-09-03T23:53:13.102Z] [INFO] Downloaded from central: https://repo.maven.apache.org/maven2/org/jetbrains/kotlinx/kotlinx-serialization-bom/1.6.3/kotlinx-serialization-bom-1.6.3.pom (3.7 kB at 56 kB/s)
[2026-09-03T23:53:13.102Z] [INFO] Downloading from central: https://repo.maven.apache.org/maven2/org/apache/logging/logging-parent/10.1.1/logging-parent-10.1.1.pom
[2026-09-03T23:53:13.353Z] [INFO] Downloaded from central: https://repo.maven.apache.org/maven2/org/apache/logging/logging-parent/10.1.1/logging-parent-10.1.1.pom (39 kB at 890 kB/s)
[2026-09-03T23:53:13.353Z] [INFO] Downloading from central: https://repo.maven.apache.org/maven2/org/apache/apache/30/apache-30.pom
[2026-09-03T23:53:13.353Z] [INFO] Downloaded from central: https://repo.maven.apache.org/maven2/org/apache/apache/30/apache-30.pom (23 kB at 567 kB/s)
[2026-09-03T23:53:13.353Z] [INFO] Downloading from central: https://repo.maven.apache.org/maven2/io/micrometer/micrometer-bom/1.12.5/micrometer-bom-1.12.5.pom
[2026-09-03T23:53:13.353Z] [INFO] Downloaded from central: https://repo.maven.apache.org/maven2/io/micrometer/micrometer-bom/1.12.5/micrometer-bom-1.12.5.pom (7.9 kB at 198 kB/s)
[2026-09-03T23:53:13.353Z] [INFO] Downloading from central: https://repo.maven.apache.org/maven2/io/micrometer/micrometer-tracing-bom/1.2.5/micrometer-tracing-bom-1.2.5.pom
[2026-09-03T23:53:13.353Z] [INFO] Downloaded from central: https://repo.maven.apache.org/maven2/io/micrometer/micrometer-tracing-bom/1.2.5/micrometer-tracing-bom-1.2.5.pom (4.5 kB at 129 kB/s)
[2026-09-03T23:53:13.353Z] [INFO] Downloading from central: https://repo.maven.apache.org/maven2/org/mockito/mockito-bom/5.7.0/mockito-bom-5.7.0.pom
[2026-09-03T23:53:13.353Z] [INFO] Downloaded from central: https://repo.maven.apache.org/maven2/org/mockito/mockito-bom/5.7.0/mockito-bom-5.7.0.pom (3.0 kB at 76 kB/s)
[2026-09-03T23:53:13.353Z] [INFO] Downloading from central: https://repo.maven.apache.org/maven2/io/netty/netty-bom/4.1.109.Final/netty-bom-4.1.109.Final.pom
[2026-09-03T23:53:13.604Z] [INFO] Downloaded from central: https://repo.maven.apache.org/maven2/io/netty/netty-bom/4.1.109.Final/netty-bom-4.1.109.Final.pom (14 kB at 344 kB/s)
[2026-09-03T23:53:13.604Z] [INFO] Downloading from central: https://repo.maven.apache.org/maven2/org/sonatype/oss/oss-parent/7/oss-parent-7.pom
[2026-09-03T23:53:13.604Z] [INFO] Downloaded from central: https://repo.maven.apache.org/maven2/org/sonatype/oss/oss-parent/7/oss-parent-7.pom (4.8 kB at 121 kB/s)
[2026-09-03T23:53:13.604Z] [INFO] Downloading from central: https://repo.maven.apache.org/maven2/com/squareup/okhttp3/okhttp-bom/4.12.0/okhttp-bom-4.12.0.pom
[2026-09-03T23:53:13.604Z] [INFO] Downloaded from central: https://repo.maven.apache.org/maven2/com/squareup/okhttp3/okhttp-bom/4.12.0/okhttp-bom-4.12.0.pom (3.1 kB at 69 kB/s)
[2026-09-03T23:53:13.605Z] [INFO] Downloading from central: https://repo.maven.apache.org/maven2/io/opentelemetry/opentelemetry-bom/1.31.0/opentelemetry-bom-1.31.0.pom
[2026-09-03T23:53:13.605Z] [INFO] Downloaded from central: https://repo.maven.apache.org/maven2/io/opentelemetry/opentelemetry-bom/1.31.0/opentelemetry-bom-1.31.0.pom (7.0 kB at 166 kB/s)
[2026-09-03T23:53:13.605Z] [INFO] Downloading from central: https://repo.maven.apache.org/maven2/com/oracle/database/jdbc/ojdbc-bom/21.9.0.0/ojdbc-bom-21.9.0.0.pom
[2026-09-03T23:53:13.605Z] [INFO] Downloaded from central: https://repo.maven.apache.org/maven2/com/oracle/database/jdbc/ojdbc-bom/21.9.0.0/ojdbc-bom-21.9.0.0.pom (13 kB at 294 kB/s)
[2026-09-03T23:53:13.605Z] [INFO] Downloading from central: https://repo.maven.apache.org/maven2/io/prometheus/simpleclient_bom/0.16.0/simpleclient_bom-0.16.0.pom
[2026-09-03T23:53:13.855Z] [INFO] Downloaded from central: https://repo.maven.apache.org/maven2/io/prometheus/simpleclient_bom/0.16.0/simpleclient_bom-0.16.0.pom (6.0 kB at 140 kB/s)
[2026-09-03T23:53:13.855Z] [INFO] Downloading from central: https://repo.maven.apache.org/maven2/io/prometheus/parent/0.16.0/parent-0.16.0.pom
[2026-09-03T23:53:13.855Z] [INFO] Downloaded from central: https://repo.maven.apache.org/maven2/io/prometheus/parent/0.16.0/parent-0.16.0.pom (13 kB at 298 kB/s)
[2026-09-03T23:53:13.855Z] [INFO] Downloading from central: https://repo.maven.apache.org/maven2/com/querydsl/querydsl-bom/5.0.0/querydsl-bom-5.0.0.pom
[2026-09-03T23:53:13.855Z] [INFO] Downloaded from central: https://repo.maven.apache.org/maven2/com/querydsl/querydsl-bom/5.0.0/querydsl-bom-5.0.0.pom (7.2 kB at 143 kB/s)
[2026-09-03T23:53:13.855Z] [INFO] Downloading from central: https://repo.maven.apache.org/maven2/io/projectreactor/reactor-bom/2023.0.5/reactor-bom-2023.0.5.pom
[2026-09-03T23:53:13.855Z] [INFO] Downloaded from central: https://repo.maven.apache.org/maven2/io/projectreactor/reactor-bom/2023.0.5/reactor-bom-2023.0.5.pom (4.8 kB at 111 kB/s)
[2026-09-03T23:53:13.855Z] [INFO] Downloading from central: https://repo.maven.apache.org/maven2/io/rest-assured/rest-assured-bom/5.3.2/rest-assured-bom-5.3.2.pom
[2026-09-03T23:53:14.106Z] [INFO] Downloaded from central: https://repo.maven.apache.org/maven2/io/rest-assured/rest-assured-bom/5.3.2/rest-assured-bom-5.3.2.pom (4.3 kB at 118 kB/s)
[2026-09-03T23:53:14.106Z] [INFO] Downloading from central: https://repo.maven.apache.org/maven2/io/rsocket/rsocket-bom/1.1.3/rsocket-bom-1.1.3.pom
[2026-09-03T23:53:14.106Z] [INFO] Downloaded from central: https://repo.maven.apache.org/maven2/io/rsocket/rsocket-bom/1.1.3/rsocket-bom-1.1.3.pom (2.6 kB at 80 kB/s)
[2026-09-03T23:53:14.106Z] [INFO] Downloading from central: https://repo.maven.apache.org/maven2/org/seleniumhq/selenium/selenium-bom/4.14.1/selenium-bom-4.14.1.pom
[2026-09-03T23:53:14.106Z] [INFO] Downloaded from central: https://repo.maven.apache.org/maven2/org/seleniumhq/selenium/selenium-bom/4.14.1/selenium-bom-4.14.1.pom (6.0 kB at 147 kB/s)
[2026-09-03T23:53:14.106Z] [INFO] Downloading from central: https://repo.maven.apache.org/maven2/org/springframework/amqp/spring-amqp-bom/3.1.4/spring-amqp-bom-3.1.4.pom
[2026-09-03T23:53:14.106Z] [INFO] Downloaded from central: https://repo.maven.apache.org/maven2/org/springframework/amqp/spring-amqp-bom/3.1.4/spring-amqp-bom-3.1.4.pom (3.9 kB at 82 kB/s)
[2026-09-03T23:53:14.106Z] [INFO] Downloading from central: https://repo.maven.apache.org/maven2/org/springframework/batch/spring-batch-bom/5.1.1/spring-batch-bom-5.1.1.pom
[2026-09-03T23:53:14.106Z] [INFO] Downloaded from central: https://repo.maven.apache.org/maven2/org/springframework/batch/spring-batch-bom/5.1.1/spring-batch-bom-5.1.1.pom (3.2 kB at 81 kB/s)
[2026-09-03T23:53:14.107Z] [INFO] Downloading from central: https://repo.maven.apache.org/maven2/org/springframework/data/spring-data-bom/2023.1.5/spring-data-bom-2023.1.5.pom
[2026-09-03T23:53:14.107Z] [INFO] Downloaded from central: https://repo.maven.apache.org/maven2/org/springframework/data/spring-data-bom/2023.1.5/spring-data-bom-2023.1.5.pom (5.5 kB at 157 kB/s)
[2026-09-03T23:53:14.107Z] [INFO] Downloading from central: https://repo.maven.apache.org/maven2/org/springframework/spring-framework-bom/6.1.6/spring-framework-bom-6.1.6.pom
[2026-09-03T23:53:14.357Z] [INFO] Downloaded from central: https://repo.maven.apache.org/maven2/org/springframework/spring-framework-bom/6.1.6/spring-framework-bom-6.1.6.pom (5.8 kB at 166 kB/s)
[2026-09-03T23:53:14.357Z] [INFO] Downloading from central: https://repo.maven.apache.org/maven2/org/springframework/integration/spring-integration-bom/6.2.4/spring-integration-bom-6.2.4.pom
[2026-09-03T23:53:14.357Z] [INFO] Downloaded from central: https://repo.maven.apache.org/maven2/org/springframework/integration/spring-integration-bom/6.2.4/spring-integration-bom-6.2.4.pom (10 kB at 291 kB/s)
[2026-09-03T23:53:14.357Z] [INFO] Downloading from central: https://repo.maven.apache.org/maven2/org/springframework/pulsar/spring-pulsar-bom/1.0.5/spring-pulsar-bom-1.0.5.pom
[2026-09-03T23:53:14.357Z] [INFO] Downloaded from central: https://repo.maven.apache.org/maven2/org/springframework/pulsar/spring-pulsar-bom/1.0.5/spring-pulsar-bom-1.0.5.pom (2.7 kB at 60 kB/s)
[2026-09-03T23:53:14.357Z] [INFO] Downloading from central: https://repo.maven.apache.org/maven2/org/springframework/restdocs/spring-restdocs-bom/3.0.1/spring-restdocs-bom-3.0.1.pom
[2026-09-03T23:53:14.358Z] [INFO] Downloaded from central: https://repo.maven.apache.org/maven2/org/springframework/restdocs/spring-restdocs-bom/3.0.1/spring-restdocs-bom-3.0.1.pom (2.6 kB at 61 kB/s)
[2026-09-03T23:53:14.358Z] [INFO] Downloading from central: https://repo.maven.apache.org/maven2/org/springframework/security/spring-security-bom/6.2.4/spring-security-bom-6.2.4.pom
[2026-09-03T23:53:14.358Z] [INFO] Downloaded from central: https://repo.maven.apache.org/maven2/org/springframework/security/spring-security-bom/6.2.4/spring-security-bom-6.2.4.pom (5.3 kB at 109 kB/s)
[2026-09-03T23:53:14.358Z] [INFO] Downloading from central: https://repo.maven.apache.org/maven2/org/springframework/session/spring-session-bom/3.2.2/spring-session-bom-3.2.2.pom
[2026-09-03T23:53:14.622Z] [INFO] Downloaded from central: https://repo.maven.apache.org/maven2/org/springframework/session/spring-session-bom/3.2.2/spring-session-bom-3.2.2.pom (2.9 kB at 66 kB/s)
[2026-09-03T23:53:14.622Z] [INFO] Downloading from central: https://repo.maven.apache.org/maven2/org/springframework/ws/spring-ws-bom/4.0.10/spring-ws-bom-4.0.10.pom
[2026-09-03T23:53:14.622Z] [INFO] Downloaded from central: https://repo.maven.apache.org/maven2/org/springframework/ws/spring-ws-bom/4.0.10/spring-ws-bom-4.0.10.pom (3.5 kB at 76 kB/s)
[2026-09-03T23:53:14.622Z] [INFO] Downloading from central: https://repo.maven.apache.org/maven2/org/testcontainers/testcontainers-bom/1.19.7/testcontainers-bom-1.19.7.pom
[2026-09-03T23:53:14.622Z] [INFO] Downloaded from central: https://repo.maven.apache.org/maven2/org/testcontainers/testcontainers-bom/1.19.7/testcontainers-bom-1.19.7.pom (10 kB at 217 kB/s)
[2026-09-03T23:53:14.622Z] [INFO] 
[2026-09-03T23:53:14.622Z] [INFO] -------------------< com.kenteretail:order-service >--------------------
[2026-09-03T23:53:14.622Z] [INFO] Building order-service 0.1.0
[2026-09-03T23:53:14.622Z] [INFO]   from pom.xml
[2026-09-03T23:53:14.622Z] [INFO] --------------------------------[ jar ]---------------------------------
[2026-09-03T23:53:14.622Z] [INFO] Downloading from central: https://repo.maven.apache.org/maven2/org/springframework/boot/spring-boot-maven-plugin/3.2.5/spring-boot-maven-plugin-3.2.5.pom
[2026-09-03T23:53:14.873Z] [INFO] Downloaded from central: https://repo.maven.apache.org/maven2/org/springframework/boot/spring-boot-maven-plugin/3.2.5/spring-boot-maven-plugin-3.2.5.pom (4.2 kB at 75 kB/s)
[2026-09-03T23:53:14.873Z] [INFO] Downloading from central: https://repo.maven.apache.org/maven2/org/springframework/boot/spring-boot-maven-plugin/3.2.5/spring-boot-maven-plugin-3.2.5.jar
[2026-09-03T23:53:14.873Z] [INFO] Downloaded from central: https://repo.maven.apache.org/maven2/org/springframework/boot/spring-boot-maven-plugin/3.2.5/spring-boot-maven-plugin-3.2.5.jar (135 kB at 1.8 MB/s)
[2026-09-03T23:53:14.873Z] [INFO] Downloading from central: https://repo.maven.apache.org/maven2/org/apache/maven/plugins/maven-resources-plugin/3.3.1/maven-resources-plugin-3.3.1.pom
[2026-09-03T23:53:15.124Z] [INFO] Downloaded from central: https://repo.maven.apache.org/maven2/org/apache/maven/plugins/maven-resources-plugin/3.3.1/maven-resources-plugin-3.3.1.pom (8.2 kB at 163 kB/s)
[2026-09-03T23:53:15.124Z] [INFO] Downloading from central: https://repo.maven.apache.org/maven2/org/apache/maven/plugins/maven-plugins/39/maven-plugins-39.pom
[2026-09-03T23:53:15.124Z] [INFO] Downloaded from central: https://repo.maven.apache.org/maven2/org/apache/maven/plugins/maven-plugins/39/maven-plugins-39.pom (8.1 kB at 238 kB/s)
[2026-09-03T23:53:15.124Z] [INFO] Downloading from central: https://repo.maven.apache.org/maven2/org/apache/maven/maven-parent/39/maven-parent-39.pom
[2026-09-03T23:53:15.124Z] [INFO] Downloaded from central: https://repo.maven.apache.org/maven2/org/apache/maven/maven-parent/39/maven-parent-39.pom (48 kB at 1.3 MB/s)
[2026-09-03T23:53:15.124Z] [INFO] Downloading from central: https://repo.maven.apache.org/maven2/org/apache/apache/29/apache-29.pom
[2026-09-03T23:53:15.124Z] [INFO] Downloaded from central: https://repo.maven.apache.org/maven2/org/apache/apache/29/apache-29.pom (21 kB at 441 kB/s)
[2026-09-03T23:53:15.124Z] [INFO] Downloading from central: https://repo.maven.apache.org/maven2/org/apache/maven/plugins/maven-resources-plugin/3.3.1/maven-resources-plugin-3.3.1.jar
[2026-09-03T23:53:15.124Z] [INFO] Downloaded from central: https://repo.maven.apache.org/maven2/org/apache/maven/plugins/maven-resources-plugin/3.3.1/maven-resources-plugin-3.3.1.jar (31 kB at 619 kB/s)
[2026-09-03T23:53:15.374Z] [INFO] Downloading from central: https://repo.maven.apache.org/maven2/org/apache/maven/plugins/maven-compiler-plugin/3.11.0/maven-compiler-plugin-3.11.0.pom
[2026-09-03T23:53:15.374Z] [INFO] Downloaded from central: https://repo.maven.apache.org/maven2/org/apache/maven/plugins/maven-compiler-plugin/3.11.0/maven-compiler-plugin-3.11.0.pom (9.8 kB at 245 kB/s)
[2026-09-03T23:53:15.374Z] [INFO] Downloading from central: https://repo.maven.apache.org/maven2/org/apache/maven/plugins/maven-compiler-plugin/3.11.0/maven-compiler-plugin-3.11.0.jar
[2026-09-03T23:53:15.375Z] [INFO] Downloaded from central: https://repo.maven.apache.org/maven2/org/apache/maven/plugins/maven-compiler-plugin/3.11.0/maven-compiler-plugin-3.11.0.jar (66 kB at 995 kB/s)
[2026-09-03T23:53:15.375Z] [INFO] Downloading from central: https://repo.maven.apache.org/maven2/org/apache/maven/plugins/maven-surefire-plugin/3.1.2/maven-surefire-plugin-3.1.2.pom
[2026-09-03T23:53:15.375Z] [INFO] Downloaded from central: https://repo.maven.apache.org/maven2/org/apache/maven/plugins/maven-surefire-plugin/3.1.2/maven-surefire-plugin-3.1.2.pom (5.5 kB at 92 kB/s)
[2026-09-03T23:53:15.625Z] [INFO] Downloading from central: https://repo.maven.apache.org/maven2/org/apache/maven/surefire/surefire/3.1.2/surefire-3.1.2.pom
[2026-09-03T23:53:15.629Z] [INFO] Downloaded from central: https://repo.maven.apache.org/maven2/org/apache/maven/surefire/surefire/3.1.2/surefire-3.1.2.pom (22 kB at 470 kB/s)
[2026-09-03T23:53:15.629Z] [INFO] Downloading from central: https://repo.maven.apache.org/maven2/org/apache/maven/plugins/maven-surefire-plugin/3.1.2/maven-surefire-plugin-3.1.2.jar
[2026-09-03T23:53:15.629Z] [INFO] Downloaded from central: https://repo.maven.apache.org/maven2/org/apache/maven/plugins/maven-surefire-plugin/3.1.2/maven-surefire-plugin-3.1.2.jar (43 kB at 1.0 MB/s)
[2026-09-03T23:53:15.629Z] [INFO] Downloading from central: https://repo.maven.apache.org/maven2/org/apache/maven/plugins/maven-jar-plugin/3.3.0/maven-jar-plugin-3.3.0.pom
[2026-09-03T23:53:15.629Z] [INFO] Downloaded from central: https://repo.maven.apache.org/maven2/org/apache/maven/plugins/maven-jar-plugin/3.3.0/maven-jar-plugin-3.3.0.pom (6.8 kB at 138 kB/s)
[2026-09-03T23:53:15.629Z] [INFO] Downloading from central: https://repo.maven.apache.org/maven2/org/apache/maven/plugins/maven-plugins/37/maven-plugins-37.pom
[2026-09-03T23:53:15.883Z] [INFO] Downloaded from central: https://repo.maven.apache.org/maven2/org/apache/maven/plugins/maven-plugins/37/maven-plugins-37.pom (9.9 kB at 202 kB/s)
[2026-09-03T23:53:15.883Z] [INFO] Downloading from central: https://repo.maven.apache.org/maven2/org/apache/maven/maven-parent/37/maven-parent-37.pom
[2026-09-03T23:53:15.883Z] [INFO] Downloaded from central: https://repo.maven.apache.org/maven2/org/apache/maven/maven-parent/37/maven-parent-37.pom (46 kB at 1.1 MB/s)
[2026-09-03T23:53:15.883Z] [INFO] Downloading from central: https://repo.maven.apache.org/maven2/org/apache/apache/27/apache-27.pom
[2026-09-03T23:53:15.883Z] [INFO] Downloaded from central: https://repo.maven.apache.org/maven2/org/apache/apache/27/apache-27.pom (20 kB at 522 kB/s)
[2026-09-03T23:53:15.883Z] [INFO] Downloading from central: https://repo.maven.apache.org/maven2/org/apache/maven/plugins/maven-jar-plugin/3.3.0/maven-jar-plugin-3.3.0.jar
[2026-09-03T23:53:15.883Z] [INFO] Downloaded from central: https://repo.maven.apache.org/maven2/org/apache/maven/plugins/maven-jar-plugin/3.3.0/maven-jar-plugin-3.3.0.jar (27 kB at 828 kB/s)
[2026-09-03T23:53:15.883Z] [INFO] Downloading from central: https://repo.maven.apache.org/maven2/org/springframework/boot/spring-boot-starter-web/3.2.5/spring-boot-starter-web-3.2.5.pom
[2026-09-03T23:53:16.135Z] [INFO] Downloaded from central: https://repo.maven.apache.org/maven2/org/springframework/boot/spring-boot-starter-web/3.2.5/spring-boot-starter-web-3.2.5.pom (2.9 kB at 44 kB/s)
[2026-09-03T23:53:16.135Z] [INFO] Downloading from central: https://repo.maven.apache.org/maven2/org/springframework/boot/spring-boot-starter/3.2.5/spring-boot-starter-3.2.5.pom
[2026-09-03T23:53:16.135Z] [INFO] Downloaded from central: https://repo.maven.apache.org/maven2/org/springframework/boot/spring-boot-starter/3.2.5/spring-boot-starter-3.2.5.pom (3.0 kB at 71 kB/s)
[2026-09-03T23:53:16.136Z] [INFO] Downloading from central: https://repo.maven.apache.org/maven2/org/springframework/boot/spring-boot/3.2.5/spring-boot-3.2.5.pom
[2026-09-03T23:53:16.136Z] [INFO] Downloaded from central: https://repo.maven.apache.org/maven2/org/springframework/boot/spring-boot/3.2.5/spring-boot-3.2.5.pom (2.2 kB at 59 kB/s)
[2026-09-03T23:53:16.136Z] [INFO] Downloading from central: https://repo.maven.apache.org/maven2/org/springframework/spring-core/6.1.6/spring-core-6.1.6.pom
[2026-09-03T23:53:16.136Z] [INFO] Downloaded from central: https://repo.maven.apache.org/maven2/org/springframework/spring-core/6.1.6/spring-core-6.1.6.pom (2.0 kB at 63 kB/s)
[2026-09-03T23:53:16.136Z] [INFO] Downloading from central: https://repo.maven.apache.org/maven2/org/springframework/spring-jcl/6.1.6/spring-jcl-6.1.6.pom
[2026-09-03T23:53:16.136Z] [INFO] Downloaded from central: https://repo.maven.apache.org/maven2/org/springframework/spring-jcl/6.1.6/spring-jcl-6.1.6.pom (1.8 kB at 41 kB/s)
[2026-09-03T23:53:16.388Z] [INFO] Downloading from central: https://repo.maven.apache.org/maven2/org/springframework/spring-context/6.1.6/spring-context-6.1.6.pom
[2026-09-03T23:53:16.388Z] [INFO] Downloaded from central: https://repo.maven.apache.org/maven2/org/springframework/spring-context/6.1.6/spring-context-6.1.6.pom (2.8 kB at 49 kB/s)
[2026-09-03T23:53:16.388Z] [INFO] Downloading from central: https://repo.maven.apache.org/maven2/org/springframework/spring-aop/6.1.6/spring-aop-6.1.6.pom
[2026-09-03T23:53:16.388Z] [INFO] Downloaded from central: https://repo.maven.apache.org/maven2/org/springframework/spring-aop/6.1.6/spring-aop-6.1.6.pom (2.2 kB at 47 kB/s)
[2026-09-03T23:53:16.388Z] [INFO] Downloading from central: https://repo.maven.apache.org/maven2/org/springframework/spring-expression/6.1.6/spring-expression-6.1.6.pom
[2026-09-03T23:53:16.388Z] [INFO] Downloaded from central: https://repo.maven.apache.org/maven2/org/springframework/spring-expression/6.1.6/spring-expression-6.1.6.pom (2.1 kB at 54 kB/s)
[2026-09-03T23:53:16.388Z] [INFO] Downloading from central: https://repo.maven.apache.org/maven2/io/micrometer/micrometer-observation/1.12.5/micrometer-observation-1.12.5.pom
[2026-09-03T23:53:16.388Z] [INFO] Downloaded from central: https://repo.maven.apache.org/maven2/io/micrometer/micrometer-observation/1.12.5/micrometer-observation-1.12.5.pom (3.8 kB at 70 kB/s)
[2026-09-03T23:53:16.388Z] [INFO] Downloading from central: https://repo.maven.apache.org/maven2/io/micrometer/micrometer-commons/1.12.5/micrometer-commons-1.12.5.pom
[2026-09-03T23:53:16.641Z] [INFO] Downloaded from central: https://repo.maven.apache.org/maven2/io/micrometer/micrometer-commons/1.12.5/micrometer-commons-1.12.5.pom (3.4 kB at 90 kB/s)
[2026-09-03T23:53:16.641Z] [INFO] Downloading from central: https://repo.maven.apache.org/maven2/org/springframework/boot/spring-boot-autoconfigure/3.2.5/spring-boot-autoconfigure-3.2.5.pom
[2026-09-03T23:53:16.641Z] [INFO] Downloaded from central: https://repo.maven.apache.org/maven2/org/springframework/boot/spring-boot-autoconfigure/3.2.5/spring-boot-autoconfigure-3.2.5.pom (2.1 kB at 56 kB/s)
[2026-09-03T23:53:16.641Z] [INFO] Downloading from central: https://repo.maven.apache.org/maven2/org/springframework/boot/spring-boot-starter-logging/3.2.5/spring-boot-starter-logging-3.2.5.pom
[2026-09-03T23:53:16.641Z] [INFO] Downloaded from central: https://repo.maven.apache.org/maven2/org/springframework/boot/spring-boot-starter-logging/3.2.5/spring-boot-starter-logging-3.2.5.pom (2.5 kB at 70 kB/s)
[2026-09-03T23:53:16.641Z] [INFO] Downloading from central: https://repo.maven.apache.org/maven2/ch/qos/logback/logback-classic/1.4.14/logback-classic-1.4.14.pom
[2026-09-03T23:53:16.641Z] [INFO] Downloaded from central: https://repo.maven.apache.org/maven2/ch/qos/logback/logback-classic/1.4.14/logback-classic-1.4.14.pom (13 kB at 385 kB/s)
[2026-09-03T23:53:16.642Z] [INFO] Downloading from central: https://repo.maven.apache.org/maven2/ch/qos/logback/logback-parent/1.4.14/logback-parent-1.4.14.pom
[2026-09-03T23:53:16.642Z] [INFO] Downloaded from central: https://repo.maven.apache.org/maven2/ch/qos/logback/logback-parent/1.4.14/logback-parent-1.4.14.pom (20 kB at 563 kB/s)
[2026-09-03T23:53:16.642Z] [INFO] Downloading from central: https://repo.maven.apache.org/maven2/ch/qos/logback/logback-core/1.4.14/logback-core-1.4.14.pom
[2026-09-03T23:53:16.642Z] [INFO] Downloaded from central: https://repo.maven.apache.org/maven2/ch/qos/logback/logback-core/1.4.14/logback-core-1.4.14.pom (5.0 kB at 136 kB/s)
[2026-09-03T23:53:16.893Z] [INFO] Downloading from central: https://repo.maven.apache.org/maven2/org/slf4j/slf4j-api/2.0.13/slf4j-api-2.0.13.pom
[2026-09-03T23:53:16.893Z] [INFO] Downloaded from central: https://repo.maven.apache.org/maven2/org/slf4j/slf4j-api/2.0.13/slf4j-api-2.0.13.pom (2.8 kB at 76 kB/s)
[2026-09-03T23:53:16.893Z] [INFO] Downloading from central: https://repo.maven.apache.org/maven2/org/slf4j/slf4j-parent/2.0.13/slf4j-parent-2.0.13.pom
[2026-09-03T23:53:16.893Z] [INFO] Downloaded from central: https://repo.maven.apache.org/maven2/org/slf4j/slf4j-parent/2.0.13/slf4j-parent-2.0.13.pom (13 kB at 284 kB/s)
[2026-09-03T23:53:16.893Z] [INFO] Downloading from central: https://repo.maven.apache.org/maven2/org/slf4j/slf4j-bom/2.0.13/slf4j-bom-2.0.13.pom
[2026-09-03T23:53:16.893Z] [INFO] Downloaded from central: https://repo.maven.apache.org/maven2/org/slf4j/slf4j-bom/2.0.13/slf4j-bom-2.0.13.pom (7.3 kB at 156 kB/s)
[2026-09-03T23:53:16.893Z] [INFO] Downloading from central: https://repo.maven.apache.org/maven2/org/apache/logging/log4j/log4j-to-slf4j/2.21.1/log4j-to-slf4j-2.21.1.pom
[2026-09-03T23:53:16.893Z] [INFO] Downloaded from central: https://repo.maven.apache.org/maven2/org/apache/logging/log4j/log4j-to-slf4j/2.21.1/log4j-to-slf4j-2.21.1.pom (4.2 kB at 121 kB/s)
[2026-09-03T23:53:16.893Z] [INFO] Downloading from central: https://repo.maven.apache.org/maven2/org/apache/logging/log4j/log4j/2.21.1/log4j-2.21.1.pom
[2026-09-03T23:53:17.152Z] [INFO] Downloaded from central: https://repo.maven.apache.org/maven2/org/apache/logging/log4j/log4j/2.21.1/log4j-2.21.1.pom (35 kB at 722 kB/s)
[2026-09-03T23:53:17.152Z] [INFO] Downloading from central: https://repo.maven.apache.org/maven2/org/ow2/asm/asm-bom/9.5/asm-bom-9.5.pom
[2026-09-03T23:53:17.152Z] [INFO] Downloaded from central: https://repo.maven.apache.org/maven2/org/ow2/asm/asm-bom/9.5/asm-bom-9.5.pom (3.2 kB at 69 kB/s)
[2026-09-03T23:53:17.152Z] [INFO] Downloading from central: https://repo.maven.apache.org/maven2/org/ow2/ow2/1.5.1/ow2-1.5.1.pom
[2026-09-03T23:53:17.152Z] [INFO] Downloaded from central: https://repo.maven.apache.org/maven2/org/ow2/ow2/1.5.1/ow2-1.5.1.pom (11 kB at 289 kB/s)
[2026-09-03T23:53:17.152Z] [INFO] Downloading from central: https://repo.maven.apache.org/maven2/org/codehaus/groovy/groovy-bom/3.0.19/groovy-bom-3.0.19.pom
[2026-09-03T23:53:17.152Z] [INFO] Downloaded from central: https://repo.maven.apache.org/maven2/org/codehaus/groovy/groovy-bom/3.0.19/groovy-bom-3.0.19.pom (26 kB at 661 kB/s)
[2026-09-03T23:53:17.152Z] [INFO] Downloading from central: https://repo.maven.apache.org/maven2/com/fasterxml/jackson/jackson-bom/2.15.2/jackson-bom-2.15.2.pom
[2026-09-03T23:53:17.408Z] [INFO] Downloaded from central: https://repo.maven.apache.org/maven2/com/fasterxml/jackson/jackson-bom/2.15.2/jackson-bom-2.15.2.pom (18 kB at 474 kB/s)
[2026-09-03T23:53:17.408Z] [INFO] Downloading from central: https://repo.maven.apache.org/maven2/jakarta/platform/jakarta.jakartaee-bom/9.1.0/jakarta.jakartaee-bom-9.1.0.pom
[2026-09-03T23:53:17.408Z] [INFO] Downloaded from central: https://repo.maven.apache.org/maven2/jakarta/platform/jakarta.jakartaee-bom/9.1.0/jakarta.jakartaee-bom-9.1.0.pom (9.6 kB at 184 kB/s)
[2026-09-03T23:53:17.408Z] [INFO] Downloading from central: https://repo.maven.apache.org/maven2/jakarta/platform/jakartaee-api-parent/9.1.0/jakartaee-api-parent-9.1.0.pom
[2026-09-03T23:53:17.408Z] [INFO] Downloaded from central: https://repo.maven.apache.org/maven2/jakarta/platform/jakartaee-api-parent/9.1.0/jakartaee-api-parent-9.1.0.pom (15 kB at 424 kB/s)
[2026-09-03T23:53:17.408Z] [INFO] Downloading from central: https://repo.maven.apache.org/maven2/org/eclipse/ee4j/project/1.0.7/project-1.0.7.pom
[2026-09-03T23:53:17.408Z] [INFO] Downloaded from central: https://repo.maven.apache.org/maven2/org/eclipse/ee4j/project/1.0.7/project-1.0.7.pom (14 kB at 443 kB/s)
[2026-09-03T23:53:17.408Z] [INFO] Downloading from central: https://repo.maven.apache.org/maven2/org/eclipse/jetty/jetty-bom/9.4.53.v20231009/jetty-bom-9.4.53.v20231009.pom
[2026-09-03T23:53:17.408Z] [INFO] Downloaded from central: https://repo.maven.apache.org/maven2/org/eclipse/jetty/jetty-bom/9.4.53.v20231009/jetty-bom-9.4.53.v20231009.pom (18 kB at 519 kB/s)
[2026-09-03T23:53:17.408Z] [INFO] Downloading from central: https://repo.maven.apache.org/maven2/org/junit/junit-bom/5.10.0/junit-bom-5.10.0.pom
[2026-09-03T23:53:17.663Z] [INFO] Downloaded from central: https://repo.maven.apache.org/maven2/org/junit/junit-bom/5.10.0/junit-bom-5.10.0.pom (5.6 kB at 118 kB/s)
[2026-09-03T23:53:17.663Z] [INFO] Downloading from central: https://repo.maven.apache.org/maven2/io/fabric8/kubernetes-client-bom/5.12.4/kubernetes-client-bom-5.12.4.pom
[2026-09-03T23:53:17.663Z] [INFO] Downloaded from central: https://repo.maven.apache.org/maven2/io/fabric8/kubernetes-client-bom/5.12.4/kubernetes-client-bom-5.12.4.pom (26 kB at 712 kB/s)
[2026-09-03T23:53:17.663Z] [INFO] Downloading from central: https://repo.maven.apache.org/maven2/org/mockito/mockito-bom/4.11.0/mockito-bom-4.11.0.pom
[2026-09-03T23:53:17.663Z] [INFO] Downloaded from central: https://repo.maven.apache.org/maven2/org/mockito/mockito-bom/4.11.0/mockito-bom-4.11.0.pom (3.2 kB at 98 kB/s)
[2026-09-03T23:53:17.663Z] [INFO] Downloading from central: https://repo.maven.apache.org/maven2/io/netty/netty-bom/4.1.97.Final/netty-bom-4.1.97.Final.pom
[2026-09-03T23:53:17.663Z] [INFO] Downloaded from central: https://repo.maven.apache.org/maven2/io/netty/netty-bom/4.1.97.Final/netty-bom-4.1.97.Final.pom (13 kB at 390 kB/s)
[2026-09-03T23:53:17.663Z] [INFO] Downloading from central: https://repo.maven.apache.org/maven2/org/springframework/spring-framework-bom/5.3.29/spring-framework-bom-5.3.29.pom
[2026-09-03T23:53:17.664Z] [INFO] Downloaded from central: https://repo.maven.apache.org/maven2/org/springframework/spring-framework-bom/5.3.29/spring-framework-bom-5.3.29.pom (5.7 kB at 145 kB/s)
[2026-09-03T23:53:17.664Z] [INFO] Downloading from central: https://repo.maven.apache.org/maven2/org/apache/logging/log4j/log4j-api/2.21.1/log4j-api-2.21.1.pom
[2026-09-03T23:53:17.664Z] [INFO] Downloaded from central: https://repo.maven.apache.org/maven2/org/apache/logging/log4j/log4j-api/2.21.1/log4j-api-2.21.1.pom (4.0 kB at 115 kB/s)
[2026-09-03T23:53:17.664Z] [INFO] Downloading from central: https://repo.maven.apache.org/maven2/org/slf4j/jul-to-slf4j/2.0.13/jul-to-slf4j-2.0.13.pom
[2026-09-03T23:53:17.915Z] [INFO] Downloaded from central: https://repo.maven.apache.org/maven2/org/slf4j/jul-to-slf4j/2.0.13/jul-to-slf4j-2.0.13.pom (1.1 kB at 27 kB/s)
[2026-09-03T23:53:17.915Z] [INFO] Downloading from central: https://repo.maven.apache.org/maven2/jakarta/annotation/jakarta.annotation-api/2.1.1/jakarta.annotation-api-2.1.1.pom
[2026-09-03T23:53:17.915Z] [INFO] Downloaded from central: https://repo.maven.apache.org/maven2/jakarta/annotation/jakarta.annotation-api/2.1.1/jakarta.annotation-api-2.1.1.pom (16 kB at 439 kB/s)
[2026-09-03T23:53:17.915Z] [INFO] Downloading from central: https://repo.maven.apache.org/maven2/org/yaml/snakeyaml/2.2/snakeyaml-2.2.pom
[2026-09-03T23:53:17.915Z] [INFO] Downloaded from central: https://repo.maven.apache.org/maven2/org/yaml/snakeyaml/2.2/snakeyaml-2.2.pom (21 kB at 518 kB/s)
[2026-09-03T23:53:17.915Z] [INFO] Downloading from central: https://repo.maven.apache.org/maven2/org/springframework/boot/spring-boot-starter-json/3.2.5/spring-boot-starter-json-3.2.5.pom
[2026-09-03T23:53:17.915Z] [INFO] Downloaded from central: https://repo.maven.apache.org/maven2/org/springframework/boot/spring-boot-starter-json/3.2.5/spring-boot-starter-json-3.2.5.pom (3.1 kB at 91 kB/s)
[2026-09-03T23:53:17.915Z] [INFO] Downloading from central: https://repo.maven.apache.org/maven2/org/springframework/spring-web/6.1.6/spring-web-6.1.6.pom
[2026-09-03T23:53:17.915Z] [INFO] Downloaded from central: https://repo.maven.apache.org/maven2/org/springframework/spring-web/6.1.6/spring-web-6.1.6.pom (2.4 kB at 66 kB/s)
[2026-09-03T23:53:17.915Z] [INFO] Downloading from central: https://repo.maven.apache.org/maven2/com/fasterxml/jackson/core/jackson-databind/2.15.4/jackson-databind-2.15.4.pom
[2026-09-03T23:53:17.915Z] [INFO] Downloaded from central: https://repo.maven.apache.org/maven2/com/fasterxml/jackson/core/jackson-databind/2.15.4/jackson-databind-2.15.4.pom (19 kB at 439 kB/s)
[2026-09-03T23:53:18.169Z] [INFO] Downloading from central: https://repo.maven.apache.org/maven2/com/fasterxml/jackson/jackson-base/2.15.4/jackson-base-2.15.4.pom
[2026-09-03T23:53:18.169Z] [INFO] Downloaded from central: https://repo.maven.apache.org/maven2/com/fasterxml/jackson/jackson-base/2.15.4/jackson-base-2.15.4.pom (11 kB at 313 kB/s)
[2026-09-03T23:53:18.169Z] [INFO] Downloading from central: https://repo.maven.apache.org/maven2/org/junit/junit-bom/5.9.2/junit-bom-5.9.2.pom
[2026-09-03T23:53:18.169Z] [INFO] Downloaded from central: https://repo.maven.apache.org/maven2/org/junit/junit-bom/5.9.2/junit-bom-5.9.2.pom (5.6 kB at 182 kB/s)
[2026-09-03T23:53:18.169Z] [INFO] Downloading from central: https://repo.maven.apache.org/maven2/com/fasterxml/jackson/core/jackson-annotations/2.15.4/jackson-annotations-2.15.4.pom
[2026-09-03T23:53:18.169Z] [INFO] Downloaded from central: https://repo.maven.apache.org/maven2/com/fasterxml/jackson/core/jackson-annotations/2.15.4/jackson-annotations-2.15.4.pom (7.1 kB at 160 kB/s)
[2026-09-03T23:53:18.169Z] [INFO] Downloading from central: https://repo.maven.apache.org/maven2/com/fasterxml/jackson/core/jackson-core/2.15.4/jackson-core-2.15.4.pom
[2026-09-03T23:53:18.169Z] [INFO] Downloaded from central: https://repo.maven.apache.org/maven2/com/fasterxml/jackson/core/jackson-core/2.15.4/jackson-core-2.15.4.pom (9.9 kB at 157 kB/s)
[2026-09-03T23:53:18.169Z] [INFO] Downloading from central: https://repo.maven.apache.org/maven2/com/fasterxml/jackson/datatype/jackson-datatype-jdk8/2.15.4/jackson-datatype-jdk8-2.15.4.pom
[2026-09-03T23:53:18.455Z] [INFO] Downloaded from central: https://repo.maven.apache.org/maven2/com/fasterxml/jackson/datatype/jackson-datatype-jdk8/2.15.4/jackson-datatype-jdk8-2.15.4.pom (2.6 kB at 68 kB/s)
[2026-09-03T23:53:18.455Z] [INFO] Downloading from central: https://repo.maven.apache.org/maven2/com/fasterxml/jackson/module/jackson-modules-java8/2.15.4/jackson-modules-java8-2.15.4.pom
[2026-09-03T23:53:18.455Z] [INFO] Downloaded from central: https://repo.maven.apache.org/maven2/com/fasterxml/jackson/module/jackson-modules-java8/2.15.4/jackson-modules-java8-2.15.4.pom (3.1 kB at 61 kB/s)
[2026-09-03T23:53:18.455Z] [INFO] Downloading from central: https://repo.maven.apache.org/maven2/com/fasterxml/jackson/datatype/jackson-datatype-jsr310/2.15.4/jackson-datatype-jsr310-2.15.4.pom
[2026-09-03T23:53:18.455Z] [INFO] Downloaded from central: https://repo.maven.apache.org/maven2/com/fasterxml/jackson/datatype/jackson-datatype-jsr310/2.15.4/jackson-datatype-jsr310-2.15.4.pom (4.9 kB at 133 kB/s)
[2026-09-03T23:53:18.455Z] [INFO] Downloading from central: https://repo.maven.apache.org/maven2/com/fasterxml/jackson/module/jackson-module-parameter-names/2.15.4/jackson-module-parameter-names-2.15.4.pom
[2026-09-03T23:53:18.455Z] [INFO] Downloaded from central: https://repo.maven.apache.org/maven2/com/fasterxml/jackson/module/jackson-module-parameter-names/2.15.4/jackson-module-parameter-names-2.15.4.pom (4.4 kB at 97 kB/s)
[2026-09-03T23:53:18.455Z] [INFO] Downloading from central: https://repo.maven.apache.org/maven2/org/springframework/boot/spring-boot-starter-tomcat/3.2.5/spring-boot-starter-tomcat-3.2.5.pom
[2026-09-03T23:53:18.455Z] [INFO] Downloaded from central: https://repo.maven.apache.org/maven2/org/springframework/boot/spring-boot-starter-tomcat/3.2.5/spring-boot-starter-tomcat-3.2.5.pom (3.1 kB at 68 kB/s)
[2026-09-03T23:53:18.455Z] [INFO] Downloading from central: https://repo.maven.apache.org/maven2/org/apache/tomcat/embed/tomcat-embed-core/10.1.59/tomcat-embed-core-10.1.59.pom
[2026-09-03T23:53:18.706Z] [INFO] Downloaded from central: https://repo.maven.apache.org/maven2/org/apache/tomcat/embed/tomcat-embed-core/10.1.59/tomcat-embed-core-10.1.59.pom (1.7 kB at 31 kB/s)
[2026-09-03T23:53:18.706Z] [INFO] Downloading from central: https://repo.maven.apache.org/maven2/org/apache/tomcat/embed/tomcat-embed-el/10.1.59/tomcat-embed-el-10.1.59.pom
[2026-09-03T23:53:18.706Z] [INFO] Downloaded from central: https://repo.maven.apache.org/maven2/org/apache/tomcat/embed/tomcat-embed-el/10.1.59/tomcat-embed-el-10.1.59.pom (1.5 kB at 26 kB/s)
[2026-09-03T23:53:18.706Z] [INFO] Downloading from central: https://repo.maven.apache.org/maven2/org/apache/tomcat/embed/tomcat-embed-websocket/10.1.59/tomcat-embed-websocket-10.1.59.pom
[2026-09-03T23:53:18.706Z] [INFO] Downloaded from central: https://repo.maven.apache.org/maven2/org/apache/tomcat/embed/tomcat-embed-websocket/10.1.59/tomcat-embed-websocket-10.1.59.pom (1.7 kB at 42 kB/s)
[2026-09-03T23:53:18.706Z] [INFO] Downloading from central: https://repo.maven.apache.org/maven2/org/springframework/spring-webmvc/6.1.6/spring-webmvc-6.1.6.pom
[2026-09-03T23:53:18.706Z] [INFO] Downloaded from central: https://repo.maven.apache.org/maven2/org/springframework/spring-webmvc/6.1.6/spring-webmvc-6.1.6.pom (2.9 kB at 67 kB/s)
[2026-09-03T23:53:18.706Z] [INFO] Downloading from central: https://repo.maven.apache.org/maven2/org/springframework/boot/spring-boot-starter-test/3.2.5/spring-boot-starter-test-3.2.5.pom
[2026-09-03T23:53:18.962Z] [INFO] Downloaded from central: https://repo.maven.apache.org/maven2/org/springframework/boot/spring-boot-starter-test/3.2.5/spring-boot-starter-test-3.2.5.pom (5.0 kB at 136 kB/s)
[2026-09-03T23:53:18.962Z] [INFO] Downloading from central: https://repo.maven.apache.org/maven2/org/springframework/boot/spring-boot-test/3.2.5/spring-boot-test-3.2.5.pom
[2026-09-03T23:53:18.962Z] [INFO] Downloaded from central: https://repo.maven.apache.org/maven2/org/springframework/boot/spring-boot-test/3.2.5/spring-boot-test-3.2.5.pom (2.0 kB at 49 kB/s)
[2026-09-03T23:53:18.962Z] [INFO] Downloading from central: https://repo.maven.apache.org/maven2/org/springframework/boot/spring-boot-test-autoconfigure/3.2.5/spring-boot-test-autoconfigure-3.2.5.pom
[2026-09-03T23:53:18.962Z] [INFO] Downloaded from central: https://repo.maven.apache.org/maven2/org/springframework/boot/spring-boot-test-autoconfigure/3.2.5/spring-boot-test-autoconfigure-3.2.5.pom (2.5 kB at 69 kB/s)
[2026-09-03T23:53:18.962Z] [INFO] Downloading from central: https://repo.maven.apache.org/maven2/com/jayway/jsonpath/json-path/2.9.0/json-path-2.9.0.pom
[2026-09-03T23:53:18.962Z] [INFO] Downloaded from central: https://repo.maven.apache.org/maven2/com/jayway/jsonpath/json-path/2.9.0/json-path-2.9.0.pom (1.9 kB at 53 kB/s)
[2026-09-03T23:53:18.962Z] [INFO] Downloading from central: https://repo.maven.apache.org/maven2/net/minidev/json-smart/2.5.1/json-smart-2.5.1.pom
[2026-09-03T23:53:18.962Z] [INFO] Downloaded from central: https://repo.maven.apache.org/maven2/net/minidev/json-smart/2.5.1/json-smart-2.5.1.pom (9.3 kB at 216 kB/s)
[2026-09-03T23:53:18.962Z] [INFO] Downloading from central: https://repo.maven.apache.org/maven2/net/minidev/accessors-smart/2.5.1/accessors-smart-2.5.1.pom
[2026-09-03T23:53:19.218Z] [INFO] Downloaded from central: https://repo.maven.apache.org/maven2/net/minidev/accessors-smart/2.5.1/accessors-smart-2.5.1.pom (11 kB at 248 kB/s)
[2026-09-03T23:53:19.218Z] [INFO] Downloading from central: https://repo.maven.apache.org/maven2/org/ow2/asm/asm/9.6/asm-9.6.pom
[2026-09-03T23:53:19.218Z] [INFO] Downloaded from central: https://repo.maven.apache.org/maven2/org/ow2/asm/asm/9.6/asm-9.6.pom (2.4 kB at 70 kB/s)
[2026-09-03T23:53:19.218Z] [INFO] Downloading from central: https://repo.maven.apache.org/maven2/jakarta/xml/bind/jakarta.xml.bind-api/4.0.2/jakarta.xml.bind-api-4.0.2.pom
[2026-09-03T23:53:19.218Z] [INFO] Downloaded from central: https://repo.maven.apache.org/maven2/jakarta/xml/bind/jakarta.xml.bind-api/4.0.2/jakarta.xml.bind-api-4.0.2.pom (13 kB at 310 kB/s)
[2026-09-03T23:53:19.218Z] [INFO] Downloading from central: https://repo.maven.apache.org/maven2/jakarta/xml/bind/jakarta.xml.bind-api-parent/4.0.2/jakarta.xml.bind-api-parent-4.0.2.pom
[2026-09-03T23:53:19.218Z] [INFO] Downloaded from central: https://repo.maven.apache.org/maven2/jakarta/xml/bind/jakarta.xml.bind-api-parent/4.0.2/jakarta.xml.bind-api-parent-4.0.2.pom (9.1 kB at 145 kB/s)
[2026-09-03T23:53:19.218Z] [INFO] Downloading from central: https://repo.maven.apache.org/maven2/jakarta/activation/jakarta.activation-api/2.1.3/jakarta.activation-api-2.1.3.pom
[2026-09-03T23:53:19.218Z] [INFO] Downloaded from central: https://repo.maven.apache.org/maven2/jakarta/activation/jakarta.activation-api/2.1.3/jakarta.activation-api-2.1.3.pom (19 kB at 514 kB/s)
[2026-09-03T23:53:19.218Z] [INFO] Downloading from central: https://repo.maven.apache.org/maven2/org/assertj/assertj-core/3.24.2/assertj-core-3.24.2.pom
[2026-09-03T23:53:19.468Z] [INFO] Downloaded from central: https://repo.maven.apache.org/maven2/org/assertj/assertj-core/3.24.2/assertj-core-3.24.2.pom (19 kB at 437 kB/s)
[2026-09-03T23:53:19.468Z] [INFO] Downloading from central: https://repo.maven.apache.org/maven2/org/assertj/assertj-parent/3.24.2/assertj-parent-3.24.2.pom
[2026-09-03T23:53:19.468Z] [INFO] Downloaded from central: https://repo.maven.apache.org/maven2/org/assertj/assertj-parent/3.24.2/assertj-parent-3.24.2.pom (13 kB at 344 kB/s)
[2026-09-03T23:53:19.469Z] [INFO] Downloading from central: https://repo.maven.apache.org/maven2/org/assertj/assertj-build/3.24.2/assertj-build-3.24.2.pom
[2026-09-03T23:53:19.469Z] [INFO] Downloaded from central: https://repo.maven.apache.org/maven2/org/assertj/assertj-build/3.24.2/assertj-build-3.24.2.pom (8.8 kB at 244 kB/s)
[2026-09-03T23:53:19.469Z] [INFO] Downloading from central: https://repo.maven.apache.org/maven2/org/junit/junit-bom/5.9.1/junit-bom-5.9.1.pom
[2026-09-03T23:53:19.469Z] [INFO] Downloaded from central: https://repo.maven.apache.org/maven2/org/junit/junit-bom/5.9.1/junit-bom-5.9.1.pom (5.6 kB at 161 kB/s)
[2026-09-03T23:53:19.469Z] [INFO] Downloading from central: https://repo.maven.apache.org/maven2/net/bytebuddy/byte-buddy/1.14.13/byte-buddy-1.14.13.pom
[2026-09-03T23:53:19.469Z] [INFO] Downloaded from central: https://repo.maven.apache.org/maven2/net/bytebuddy/byte-buddy/1.14.13/byte-buddy-1.14.13.pom (16 kB at 388 kB/s)
[2026-09-03T23:53:19.469Z] [INFO] Downloading from central: https://repo.maven.apache.org/maven2/net/bytebuddy/byte-buddy-parent/1.14.13/byte-buddy-parent-1.14.13.pom
[2026-09-03T23:53:19.469Z] [INFO] Downloaded from central: https://repo.maven.apache.org/maven2/net/bytebuddy/byte-buddy-parent/1.14.13/byte-buddy-parent-1.14.13.pom (63 kB at 1.5 MB/s)
[2026-09-03T23:53:19.719Z] [INFO] Downloading from central: https://repo.maven.apache.org/maven2/org/awaitility/awaitility/4.2.1/awaitility-4.2.1.pom
[2026-09-03T23:53:19.719Z] [INFO] Downloaded from central: https://repo.maven.apache.org/maven2/org/awaitility/awaitility/4.2.1/awaitility-4.2.1.pom (3.5 kB at 77 kB/s)
[2026-09-03T23:53:19.719Z] [INFO] Downloading from central: https://repo.maven.apache.org/maven2/org/awaitility/awaitility-parent/4.2.1/awaitility-parent-4.2.1.pom
[2026-09-03T23:53:19.719Z] [INFO] Downloaded from central: https://repo.maven.apache.org/maven2/org/awaitility/awaitility-parent/4.2.1/awaitility-parent-4.2.1.pom (11 kB at 231 kB/s)
[2026-09-03T23:53:19.719Z] [INFO] Downloading from central: https://repo.maven.apache.org/maven2/org/sonatype/oss/oss-parent/9/oss-parent-9.pom
[2026-09-03T23:53:19.719Z] [INFO] Downloaded from central: https://repo.maven.apache.org/maven2/org/sonatype/oss/oss-parent/9/oss-parent-9.pom (6.6 kB at 173 kB/s)
[2026-09-03T23:53:19.719Z] [INFO] Downloading from central: https://repo.maven.apache.org/maven2/org/hamcrest/hamcrest/2.2/hamcrest-2.2.pom
[2026-09-03T23:53:19.719Z] [INFO] Downloaded from central: https://repo.maven.apache.org/maven2/org/hamcrest/hamcrest/2.2/hamcrest-2.2.pom (1.1 kB at 33 kB/s)
[2026-09-03T23:53:19.719Z] [INFO] Downloading from central: https://repo.maven.apache.org/maven2/org/junit/jupiter/junit-jupiter/5.10.2/junit-jupiter-5.10.2.pom
[2026-09-03T23:53:19.972Z] [INFO] Downloaded from central: https://repo.maven.apache.org/maven2/org/junit/jupiter/junit-jupiter/5.10.2/junit-jupiter-5.10.2.pom (3.2 kB at 89 kB/s)
[2026-09-03T23:53:19.972Z] [INFO] Downloading from central: https://repo.maven.apache.org/maven2/org/junit/jupiter/junit-jupiter-api/5.10.2/junit-jupiter-api-5.10.2.pom
[2026-09-03T23:53:19.972Z] [INFO] Downloaded from central: https://repo.maven.apache.org/maven2/org/junit/jupiter/junit-jupiter-api/5.10.2/junit-jupiter-api-5.10.2.pom (3.2 kB at 91 kB/s)
[2026-09-03T23:53:19.972Z] [INFO] Downloading from central: https://repo.maven.apache.org/maven2/org/opentest4j/opentest4j/1.3.0/opentest4j-1.3.0.pom
[2026-09-03T23:53:19.972Z] [INFO] Downloaded from central: https://repo.maven.apache.org/maven2/org/opentest4j/opentest4j/1.3.0/opentest4j-1.3.0.pom (2.0 kB at 57 kB/s)
[2026-09-03T23:53:19.972Z] [INFO] Downloading from central: https://repo.maven.apache.org/maven2/org/junit/platform/junit-platform-commons/1.10.2/junit-platform-commons-1.10.2.pom
[2026-09-03T23:53:19.972Z] [INFO] Downloaded from central: https://repo.maven.apache.org/maven2/org/junit/platform/junit-platform-commons/1.10.2/junit-platform-commons-1.10.2.pom (2.8 kB at 69 kB/s)
[2026-09-03T23:53:19.972Z] [INFO] Downloading from central: https://repo.maven.apache.org/maven2/org/apiguardian/apiguardian-api/1.1.2/apiguardian-api-1.1.2.pom
[2026-09-03T23:53:19.972Z] [INFO] Downloaded from central: https://repo.maven.apache.org/maven2/org/apiguardian/apiguardian-api/1.1.2/apiguardian-api-1.1.2.pom (1.5 kB at 35 kB/s)
[2026-09-03T23:53:19.972Z] [INFO] Downloading from central: https://repo.maven.apache.org/maven2/org/junit/jupiter/junit-jupiter-params/5.10.2/junit-jupiter-params-5.10.2.pom
[2026-09-03T23:53:19.972Z] [INFO] Downloaded from central: https://repo.maven.apache.org/maven2/org/junit/jupiter/junit-jupiter-params/5.10.2/junit-jupiter-params-5.10.2.pom (3.0 kB at 79 kB/s)
[2026-09-03T23:53:19.972Z] [INFO] Downloading from central: https://repo.maven.apache.org/maven2/org/junit/jupiter/junit-jupiter-engine/5.10.2/junit-jupiter-engine-5.10.2.pom
[2026-09-03T23:53:20.222Z] [INFO] Downloaded from central: https://repo.maven.apache.org/maven2/org/junit/jupiter/junit-jupiter-engine/5.10.2/junit-jupiter-engine-5.10.2.pom (3.2 kB at 80 kB/s)
[2026-09-03T23:53:20.222Z] [INFO] Downloading from central: https://repo.maven.apache.org/maven2/org/junit/platform/junit-platform-engine/1.10.2/junit-platform-engine-1.10.2.pom
[2026-09-03T23:53:20.222Z] [INFO] Downloaded from central: https://repo.maven.apache.org/maven2/org/junit/platform/junit-platform-engine/1.10.2/junit-platform-engine-1.10.2.pom (3.2 kB at 89 kB/s)
[2026-09-03T23:53:20.222Z] [INFO] Downloading from central: https://repo.maven.apache.org/maven2/org/mockito/mockito-core/5.7.0/mockito-core-5.7.0.pom
[2026-09-03T23:53:20.222Z] [INFO] Downloaded from central: https://repo.maven.apache.org/maven2/org/mockito/mockito-core/5.7.0/mockito-core-5.7.0.pom (2.5 kB at 62 kB/s)
[2026-09-03T23:53:20.222Z] [INFO] Downloading from central: https://repo.maven.apache.org/maven2/net/bytebuddy/byte-buddy-agent/1.14.13/byte-buddy-agent-1.14.13.pom
[2026-09-03T23:53:20.223Z] [INFO] Downloaded from central: https://repo.maven.apache.org/maven2/net/bytebuddy/byte-buddy-agent/1.14.13/byte-buddy-agent-1.14.13.pom (10 kB at 262 kB/s)
[2026-09-03T23:53:20.223Z] [INFO] Downloading from central: https://repo.maven.apache.org/maven2/org/objenesis/objenesis/3.3/objenesis-3.3.pom
[2026-09-03T23:53:20.223Z] [INFO] Downloaded from central: https://repo.maven.apache.org/maven2/org/objenesis/objenesis/3.3/objenesis-3.3.pom (3.0 kB at 75 kB/s)
[2026-09-03T23:53:20.223Z] [INFO] Downloading from central: https://repo.maven.apache.org/maven2/org/objenesis/objenesis-parent/3.3/objenesis-parent-3.3.pom
[2026-09-03T23:53:20.223Z] [INFO] Downloaded from central: https://repo.maven.apache.org/maven2/org/objenesis/objenesis-parent/3.3/objenesis-parent-3.3.pom (19 kB at 532 kB/s)
[2026-09-03T23:53:20.473Z] [INFO] Downloading from central: https://repo.maven.apache.org/maven2/org/mockito/mockito-junit-jupiter/5.7.0/mockito-junit-jupiter-5.7.0.pom
[2026-09-03T23:53:20.473Z] [INFO] Downloaded from central: https://repo.maven.apache.org/maven2/org/mockito/mockito-junit-jupiter/5.7.0/mockito-junit-jupiter-5.7.0.pom (2.3 kB at 46 kB/s)
[2026-09-03T23:53:20.473Z] [INFO] Downloading from central: https://repo.maven.apache.org/maven2/org/skyscreamer/jsonassert/1.5.1/jsonassert-1.5.1.pom
[2026-09-03T23:53:20.473Z] [INFO] Downloaded from central: https://repo.maven.apache.org/maven2/org/skyscreamer/jsonassert/1.5.1/jsonassert-1.5.1.pom (5.2 kB at 110 kB/s)
[2026-09-03T23:53:20.473Z] [INFO] Downloading from central: https://repo.maven.apache.org/maven2/com/vaadin/external/google/android-json/0.0.20131108.vaadin1/android-json-0.0.20131108.vaadin1.pom
[2026-09-03T23:53:20.473Z] [INFO] Downloaded from central: https://repo.maven.apache.org/maven2/com/vaadin/external/google/android-json/0.0.20131108.vaadin1/android-json-0.0.20131108.vaadin1.pom (2.8 kB at 56 kB/s)
[2026-09-03T23:53:20.473Z] [INFO] Downloading from central: https://repo.maven.apache.org/maven2/org/springframework/spring-test/6.1.6/spring-test-6.1.6.pom
[2026-09-03T23:53:20.473Z] [INFO] Downloaded from central: https://repo.maven.apache.org/maven2/org/springframework/spring-test/6.1.6/spring-test-6.1.6.pom (2.0 kB at 55 kB/s)
[2026-09-03T23:53:20.473Z] [INFO] Downloading from central: https://repo.maven.apache.org/maven2/org/xmlunit/xmlunit-core/2.9.1/xmlunit-core-2.9.1.pom
[2026-09-03T23:53:20.724Z] [INFO] Downloaded from central: https://repo.maven.apache.org/maven2/org/xmlunit/xmlunit-core/2.9.1/xmlunit-core-2.9.1.pom (2.4 kB at 59 kB/s)
[2026-09-03T23:53:20.724Z] [INFO] Downloading from central: https://repo.maven.apache.org/maven2/org/xmlunit/xmlunit-parent/2.9.1/xmlunit-parent-2.9.1.pom
[2026-09-03T23:53:20.724Z] [INFO] Downloaded from central: https://repo.maven.apache.org/maven2/org/xmlunit/xmlunit-parent/2.9.1/xmlunit-parent-2.9.1.pom (21 kB at 520 kB/s)
[2026-09-03T23:53:20.724Z] [INFO] Downloading from central: https://repo.maven.apache.org/maven2/org/springframework/boot/spring-boot-starter-web/3.2.5/spring-boot-starter-web-3.2.5.jar
[2026-09-03T23:53:20.724Z] [INFO] Downloaded from central: https://repo.maven.apache.org/maven2/org/springframework/boot/spring-boot-starter-web/3.2.5/spring-boot-starter-web-3.2.5.jar (4.8 kB at 107 kB/s)
[2026-09-03T23:53:20.724Z] [INFO] Downloading from central: https://repo.maven.apache.org/maven2/org/springframework/boot/spring-boot-starter/3.2.5/spring-boot-starter-3.2.5.jar
[2026-09-03T23:53:20.724Z] [INFO] Downloading from central: https://repo.maven.apache.org/maven2/org/springframework/boot/spring-boot/3.2.5/spring-boot-3.2.5.jar
[2026-09-03T23:53:20.724Z] [INFO] Downloading from central: https://repo.maven.apache.org/maven2/org/springframework/boot/spring-boot-autoconfigure/3.2.5/spring-boot-autoconfigure-3.2.5.jar
[2026-09-03T23:53:20.724Z] [INFO] Downloading from central: https://repo.maven.apache.org/maven2/org/springframework/boot/spring-boot-starter-logging/3.2.5/spring-boot-starter-logging-3.2.5.jar
[2026-09-03T23:53:20.724Z] [INFO] Downloading from central: https://repo.maven.apache.org/maven2/ch/qos/logback/logback-classic/1.4.14/logback-classic-1.4.14.jar
[2026-09-03T23:53:20.724Z] [INFO] Downloaded from central: https://repo.maven.apache.org/maven2/org/springframework/boot/spring-boot-starter/3.2.5/spring-boot-starter-3.2.5.jar (4.8 kB at 84 kB/s)
[2026-09-03T23:53:20.724Z] [INFO] Downloading from central: https://repo.maven.apache.org/maven2/ch/qos/logback/logback-core/1.4.14/logback-core-1.4.14.jar
[2026-09-03T23:53:20.975Z] [INFO] Downloaded from central: https://repo.maven.apache.org/maven2/org/springframework/boot/spring-boot-starter-logging/3.2.5/spring-boot-starter-logging-3.2.5.jar (4.8 kB at 35 kB/s)
[2026-09-03T23:53:20.975Z] [INFO] Downloading from central: https://repo.maven.apache.org/maven2/org/apache/logging/log4j/log4j-to-slf4j/2.21.1/log4j-to-slf4j-2.21.1.jar
[2026-09-03T23:53:20.975Z] [INFO] Downloaded from central: https://repo.maven.apache.org/maven2/ch/qos/logback/logback-classic/1.4.14/logback-classic-1.4.14.jar (284 kB at 1.9 MB/s)
[2026-09-03T23:53:20.975Z] [INFO] Downloading from central: https://repo.maven.apache.org/maven2/org/apache/logging/log4j/log4j-api/2.21.1/log4j-api-2.21.1.jar
[2026-09-03T23:53:20.975Z] [INFO] Downloaded from central: https://repo.maven.apache.org/maven2/org/apache/logging/log4j/log4j-to-slf4j/2.21.1/log4j-to-slf4j-2.21.1.jar (23 kB at 127 kB/s)
[2026-09-03T23:53:20.975Z] [INFO] Downloading from central: https://repo.maven.apache.org/maven2/org/slf4j/jul-to-slf4j/2.0.13/jul-to-slf4j-2.0.13.jar
[2026-09-03T23:53:20.975Z] [INFO] Downloaded from central: https://repo.maven.apache.org/maven2/org/slf4j/jul-to-slf4j/2.0.13/jul-to-slf4j-2.0.13.jar (6.3 kB at 27 kB/s)
[2026-09-03T23:53:20.975Z] [INFO] Downloading from central: https://repo.maven.apache.org/maven2/jakarta/annotation/jakarta.annotation-api/2.1.1/jakarta.annotation-api-2.1.1.jar
[2026-09-03T23:53:20.975Z] [INFO] Downloaded from central: https://repo.maven.apache.org/maven2/org/apache/logging/log4j/log4j-api/2.21.1/log4j-api-2.21.1.jar (317 kB at 1.3 MB/s)
[2026-09-03T23:53:20.975Z] [INFO] Downloading from central: https://repo.maven.apache.org/maven2/org/yaml/snakeyaml/2.2/snakeyaml-2.2.jar
[2026-09-03T23:53:20.975Z] [INFO] Downloaded from central: https://repo.maven.apache.org/maven2/ch/qos/logback/logback-core/1.4.14/logback-core-1.4.14.jar (597 kB at 2.4 MB/s)
[2026-09-03T23:53:20.975Z] [INFO] Downloading from central: https://repo.maven.apache.org/maven2/org/springframework/boot/spring-boot-starter-json/3.2.5/spring-boot-starter-json-3.2.5.jar
[2026-09-03T23:53:20.975Z] [INFO] Downloaded from central: https://repo.maven.apache.org/maven2/jakarta/annotation/jakarta.annotation-api/2.1.1/jakarta.annotation-api-2.1.1.jar (26 kB at 95 kB/s)
[2026-09-03T23:53:20.975Z] [INFO] Downloaded from central: https://repo.maven.apache.org/maven2/org/springframework/boot/spring-boot-starter-json/3.2.5/spring-boot-starter-json-3.2.5.jar (4.7 kB at 17 kB/s)
[2026-09-03T23:53:20.975Z] [INFO] Downloading from central: https://repo.maven.apache.org/maven2/com/fasterxml/jackson/core/jackson-databind/2.15.4/jackson-databind-2.15.4.jar
[2026-09-03T23:53:20.975Z] [INFO] Downloading from central: https://repo.maven.apache.org/maven2/com/fasterxml/jackson/core/jackson-annotations/2.15.4/jackson-annotations-2.15.4.jar
[2026-09-03T23:53:21.226Z] [INFO] Downloaded from central: https://repo.maven.apache.org/maven2/com/fasterxml/jackson/core/jackson-annotations/2.15.4/jackson-annotations-2.15.4.jar (76 kB at 226 kB/s)
[2026-09-03T23:53:21.226Z] [INFO] Downloading from central: https://repo.maven.apache.org/maven2/com/fasterxml/jackson/core/jackson-core/2.15.4/jackson-core-2.15.4.jar
[2026-09-03T23:53:21.226Z] [INFO] Downloaded from central: https://repo.maven.apache.org/maven2/org/yaml/snakeyaml/2.2/snakeyaml-2.2.jar (334 kB at 981 kB/s)
[2026-09-03T23:53:21.226Z] [INFO] Downloading from central: https://repo.maven.apache.org/maven2/com/fasterxml/jackson/datatype/jackson-datatype-jdk8/2.15.4/jackson-datatype-jdk8-2.15.4.jar
[2026-09-03T23:53:21.226Z] [INFO] Downloaded from central: https://repo.maven.apache.org/maven2/org/springframework/boot/spring-boot/3.2.5/spring-boot-3.2.5.jar (1.6 MB at 4.4 MB/s)
[2026-09-03T23:53:21.226Z] [INFO] Downloading from central: https://repo.maven.apache.org/maven2/com/fasterxml/jackson/datatype/jackson-datatype-jsr310/2.15.4/jackson-datatype-jsr310-2.15.4.jar
[2026-09-03T23:53:21.226Z] [INFO] Downloaded from central: https://repo.maven.apache.org/maven2/com/fasterxml/jackson/datatype/jackson-datatype-jdk8/2.15.4/jackson-datatype-jdk8-2.15.4.jar (36 kB at 88 kB/s)
[2026-09-03T23:53:21.226Z] [INFO] Downloading from central: https://repo.maven.apache.org/maven2/com/fasterxml/jackson/module/jackson-module-parameter-names/2.15.4/jackson-module-parameter-names-2.15.4.jar
[2026-09-03T23:53:21.226Z] [INFO] Downloaded from central: https://repo.maven.apache.org/maven2/com/fasterxml/jackson/datatype/jackson-datatype-jsr310/2.15.4/jackson-datatype-jsr310-2.15.4.jar (123 kB at 293 kB/s)
[2026-09-03T23:53:21.226Z] [INFO] Downloading from central: https://repo.maven.apache.org/maven2/org/springframework/boot/spring-boot-starter-tomcat/3.2.5/spring-boot-starter-tomcat-3.2.5.jar
[2026-09-03T23:53:21.226Z] [INFO] Downloaded from central: https://repo.maven.apache.org/maven2/org/springframework/boot/spring-boot-autoconfigure/3.2.5/spring-boot-autoconfigure-3.2.5.jar (1.9 MB at 4.3 MB/s)
[2026-09-03T23:53:21.226Z] [INFO] Downloading from central: https://repo.maven.apache.org/maven2/org/apache/tomcat/embed/tomcat-embed-core/10.1.59/tomcat-embed-core-10.1.59.jar
[2026-09-03T23:53:21.226Z] [INFO] Downloaded from central: https://repo.maven.apache.org/maven2/com/fasterxml/jackson/core/jackson-core/2.15.4/jackson-core-2.15.4.jar (548 kB at 1.2 MB/s)
[2026-09-03T23:53:21.226Z] [INFO] Downloading from central: https://repo.maven.apache.org/maven2/org/apache/tomcat/embed/tomcat-embed-el/10.1.59/tomcat-embed-el-10.1.59.jar
[2026-09-03T23:53:21.226Z] [INFO] Downloaded from central: https://repo.maven.apache.org/maven2/com/fasterxml/jackson/module/jackson-module-parameter-names/2.15.4/jackson-module-parameter-names-2.15.4.jar (10 kB at 23 kB/s)
[2026-09-03T23:53:21.226Z] [INFO] Downloading from central: https://repo.maven.apache.org/maven2/org/apache/tomcat/embed/tomcat-embed-websocket/10.1.59/tomcat-embed-websocket-10.1.59.jar
[2026-09-03T23:53:21.226Z] [INFO] Downloaded from central: https://repo.maven.apache.org/maven2/com/fasterxml/jackson/core/jackson-databind/2.15.4/jackson-databind-2.15.4.jar (1.6 MB at 3.3 MB/s)
[2026-09-03T23:53:21.226Z] [INFO] Downloading from central: https://repo.maven.apache.org/maven2/org/springframework/spring-web/6.1.6/spring-web-6.1.6.jar
[2026-09-03T23:53:21.226Z] [INFO] Downloaded from central: https://repo.maven.apache.org/maven2/org/springframework/boot/spring-boot-starter-tomcat/3.2.5/spring-boot-starter-tomcat-3.2.5.jar (4.8 kB at 9.8 kB/s)
[2026-09-03T23:53:21.226Z] [INFO] Downloading from central: https://repo.maven.apache.org/maven2/org/springframework/spring-beans/6.1.6/spring-beans-6.1.6.jar
[2026-09-03T23:53:21.226Z] [INFO] Downloaded from central: https://repo.maven.apache.org/maven2/org/apache/tomcat/embed/tomcat-embed-el/10.1.59/tomcat-embed-el-10.1.59.jar (266 kB at 536 kB/s)
[2026-09-03T23:53:21.226Z] [INFO] Downloading from central: https://repo.maven.apache.org/maven2/io/micrometer/micrometer-observation/1.12.5/micrometer-observation-1.12.5.jar
[2026-09-03T23:53:21.226Z] [INFO] Downloaded from central: https://repo.maven.apache.org/maven2/org/apache/tomcat/embed/tomcat-embed-websocket/10.1.59/tomcat-embed-websocket-10.1.59.jar (287 kB at 552 kB/s)
[2026-09-03T23:53:21.226Z] [INFO] Downloading from central: https://repo.maven.apache.org/maven2/io/micrometer/micrometer-commons/1.12.5/micrometer-commons-1.12.5.jar
[2026-09-03T23:53:21.480Z] [INFO] Downloaded from central: https://repo.maven.apache.org/maven2/io/micrometer/micrometer-observation/1.12.5/micrometer-observation-1.12.5.jar (72 kB at 128 kB/s)
[2026-09-03T23:53:21.480Z] [INFO] Downloading from central: https://repo.maven.apache.org/maven2/org/springframework/spring-webmvc/6.1.6/spring-webmvc-6.1.6.jar
[2026-09-03T23:53:21.480Z] [INFO] Downloaded from central: https://repo.maven.apache.org/maven2/io/micrometer/micrometer-commons/1.12.5/micrometer-commons-1.12.5.jar (47 kB at 83 kB/s)
[2026-09-03T23:53:21.480Z] [INFO] Downloading from central: https://repo.maven.apache.org/maven2/org/springframework/spring-aop/6.1.6/spring-aop-6.1.6.jar
[2026-09-03T23:53:21.480Z] [INFO] Downloaded from central: https://repo.maven.apache.org/maven2/org/springframework/spring-aop/6.1.6/spring-aop-6.1.6.jar (416 kB at 644 kB/s)
[2026-09-03T23:53:21.480Z] [INFO] Downloading from central: https://repo.maven.apache.org/maven2/org/springframework/spring-context/6.1.6/spring-context-6.1.6.jar
[2026-09-03T23:53:21.480Z] [INFO] Downloaded from central: https://repo.maven.apache.org/maven2/org/springframework/spring-beans/6.1.6/spring-beans-6.1.6.jar (858 kB at 1.3 MB/s)
[2026-09-03T23:53:21.480Z] [INFO] Downloading from central: https://repo.maven.apache.org/maven2/org/springframework/spring-expression/6.1.6/spring-expression-6.1.6.jar
[2026-09-03T23:53:21.480Z] [INFO] Downloaded from central: https://repo.maven.apache.org/maven2/org/springframework/spring-web/6.1.6/spring-web-6.1.6.jar (1.9 MB at 2.6 MB/s)
[2026-09-03T23:53:21.480Z] [INFO] Downloading from central: https://repo.maven.apache.org/maven2/org/springframework/boot/spring-boot-starter-test/3.2.5/spring-boot-starter-test-3.2.5.jar
[2026-09-03T23:53:21.480Z] [INFO] Downloaded from central: https://repo.maven.apache.org/maven2/org/springframework/spring-context/6.1.6/spring-context-6.1.6.jar (1.3 MB at 1.7 MB/s)
[2026-09-03T23:53:21.480Z] [INFO] Downloading from central: https://repo.maven.apache.org/maven2/org/springframework/boot/spring-boot-test/3.2.5/spring-boot-test-3.2.5.jar
[2026-09-03T23:53:21.480Z] [INFO] Downloaded from central: https://repo.maven.apache.org/maven2/org/springframework/boot/spring-boot-starter-test/3.2.5/spring-boot-starter-test-3.2.5.jar (4.8 kB at 6.3 kB/s)
[2026-09-03T23:53:21.480Z] [INFO] Downloading from central: https://repo.maven.apache.org/maven2/org/springframework/boot/spring-boot-test-autoconfigure/3.2.5/spring-boot-test-autoconfigure-3.2.5.jar
[2026-09-03T23:53:21.480Z] [INFO] Downloaded from central: https://repo.maven.apache.org/maven2/org/springframework/spring-webmvc/6.1.6/spring-webmvc-6.1.6.jar (1.0 MB at 1.3 MB/s)
[2026-09-03T23:53:21.480Z] [INFO] Downloading from central: https://repo.maven.apache.org/maven2/com/jayway/jsonpath/json-path/2.9.0/json-path-2.9.0.jar
[2026-09-03T23:53:21.480Z] [INFO] Downloaded from central: https://repo.maven.apache.org/maven2/org/springframework/spring-expression/6.1.6/spring-expression-6.1.6.jar (303 kB at 384 kB/s)
[2026-09-03T23:53:21.480Z] [INFO] Downloading from central: https://repo.maven.apache.org/maven2/org/slf4j/slf4j-api/2.0.13/slf4j-api-2.0.13.jar
[2026-09-03T23:53:21.735Z] [INFO] Downloaded from central: https://repo.maven.apache.org/maven2/org/springframework/boot/spring-boot-test/3.2.5/spring-boot-test-3.2.5.jar (246 kB at 292 kB/s)
[2026-09-03T23:53:21.735Z] [INFO] Downloaded from central: https://repo.maven.apache.org/maven2/org/springframework/boot/spring-boot-test-autoconfigure/3.2.5/spring-boot-test-autoconfigure-3.2.5.jar (219 kB at 258 kB/s)
[2026-09-03T23:53:21.735Z] [INFO] Downloading from central: https://repo.maven.apache.org/maven2/jakarta/xml/bind/jakarta.xml.bind-api/4.0.2/jakarta.xml.bind-api-4.0.2.jar
[2026-09-03T23:53:21.735Z] [INFO] Downloading from central: https://repo.maven.apache.org/maven2/jakarta/activation/jakarta.activation-api/2.1.3/jakarta.activation-api-2.1.3.jar
[2026-09-03T23:53:21.735Z] [INFO] Downloaded from central: https://repo.maven.apache.org/maven2/org/slf4j/slf4j-api/2.0.13/slf4j-api-2.0.13.jar (69 kB at 78 kB/s)
[2026-09-03T23:53:21.735Z] [INFO] Downloading from central: https://repo.maven.apache.org/maven2/net/minidev/json-smart/2.5.1/json-smart-2.5.1.jar
[2026-09-03T23:53:21.735Z] [INFO] Downloaded from central: https://repo.maven.apache.org/maven2/com/jayway/jsonpath/json-path/2.9.0/json-path-2.9.0.jar (277 kB at 311 kB/s)
[2026-09-03T23:53:21.735Z] [INFO] Downloading from central: https://repo.maven.apache.org/maven2/net/minidev/accessors-smart/2.5.1/accessors-smart-2.5.1.jar
[2026-09-03T23:53:21.735Z] [INFO] Downloaded from central: https://repo.maven.apache.org/maven2/jakarta/activation/jakarta.activation-api/2.1.3/jakarta.activation-api-2.1.3.jar (67 kB at 74 kB/s)
[2026-09-03T23:53:21.735Z] [INFO] Downloading from central: https://repo.maven.apache.org/maven2/org/ow2/asm/asm/9.6/asm-9.6.jar
[2026-09-03T23:53:21.735Z] [INFO] Downloaded from central: https://repo.maven.apache.org/maven2/jakarta/xml/bind/jakarta.xml.bind-api/4.0.2/jakarta.xml.bind-api-4.0.2.jar (131 kB at 146 kB/s)
[2026-09-03T23:53:21.735Z] [INFO] Downloading from central: https://repo.maven.apache.org/maven2/org/assertj/assertj-core/3.24.2/assertj-core-3.24.2.jar
[2026-09-03T23:53:21.735Z] [INFO] Downloaded from central: https://repo.maven.apache.org/maven2/org/apache/tomcat/embed/tomcat-embed-core/10.1.59/tomcat-embed-core-10.1.59.jar (3.7 MB at 3.9 MB/s)
[2026-09-03T23:53:21.735Z] [INFO] Downloading from central: https://repo.maven.apache.org/maven2/net/bytebuddy/byte-buddy/1.14.13/byte-buddy-1.14.13.jar
[2026-09-03T23:53:21.735Z] [INFO] Downloaded from central: https://repo.maven.apache.org/maven2/net/minidev/json-smart/2.5.1/json-smart-2.5.1.jar (122 kB at 128 kB/s)
[2026-09-03T23:53:21.735Z] [INFO] Downloading from central: https://repo.maven.apache.org/maven2/org/awaitility/awaitility/4.2.1/awaitility-4.2.1.jar
[2026-09-03T23:53:21.735Z] [INFO] Downloaded from central: https://repo.maven.apache.org/maven2/net/minidev/accessors-smart/2.5.1/accessors-smart-2.5.1.jar (30 kB at 32 kB/s)
[2026-09-03T23:53:21.735Z] [INFO] Downloading from central: https://repo.maven.apache.org/maven2/org/hamcrest/hamcrest/2.2/hamcrest-2.2.jar
[2026-09-03T23:53:21.735Z] [INFO] Downloaded from central: https://repo.maven.apache.org/maven2/org/ow2/asm/asm/9.6/asm-9.6.jar (124 kB at 124 kB/s)
[2026-09-03T23:53:21.735Z] [INFO] Downloading from central: https://repo.maven.apache.org/maven2/org/junit/jupiter/junit-jupiter/5.10.2/junit-jupiter-5.10.2.jar
[2026-09-03T23:53:21.735Z] [INFO] Downloaded from central: https://repo.maven.apache.org/maven2/org/awaitility/awaitility/4.2.1/awaitility-4.2.1.jar (97 kB at 96 kB/s)
[2026-09-03T23:53:21.735Z] [INFO] Downloading from central: https://repo.maven.apache.org/maven2/org/junit/jupiter/junit-jupiter-api/5.10.2/junit-jupiter-api-5.10.2.jar
[2026-09-03T23:53:21.735Z] [INFO] Downloaded from central: https://repo.maven.apache.org/maven2/org/hamcrest/hamcrest/2.2/hamcrest-2.2.jar (123 kB at 120 kB/s)
[2026-09-03T23:53:21.735Z] [INFO] Downloaded from central: https://repo.maven.apache.org/maven2/org/assertj/assertj-core/3.24.2/assertj-core-3.24.2.jar (1.3 MB at 1.3 MB/s)
[2026-09-03T23:53:21.735Z] [INFO] Downloading from central: https://repo.maven.apache.org/maven2/org/opentest4j/opentest4j/1.3.0/opentest4j-1.3.0.jar
[2026-09-03T23:53:21.735Z] [INFO] Downloading from central: https://repo.maven.apache.org/maven2/org/junit/platform/junit-platform-commons/1.10.2/junit-platform-commons-1.10.2.jar
[2026-09-03T23:53:21.735Z] [INFO] Downloaded from central: https://repo.maven.apache.org/maven2/org/junit/jupiter/junit-jupiter/5.10.2/junit-jupiter-5.10.2.jar (6.4 kB at 6.0 kB/s)
[2026-09-03T23:53:21.735Z] [INFO] Downloading from central: https://repo.maven.apache.org/maven2/org/apiguardian/apiguardian-api/1.1.2/apiguardian-api-1.1.2.jar
[2026-09-03T23:53:21.988Z] [INFO] Downloaded from central: https://repo.maven.apache.org/maven2/org/opentest4j/opentest4j/1.3.0/opentest4j-1.3.0.jar (14 kB at 13 kB/s)
[2026-09-03T23:53:21.988Z] [INFO] Downloading from central: https://repo.maven.apache.org/maven2/org/junit/jupiter/junit-jupiter-params/5.10.2/junit-jupiter-params-5.10.2.jar
[2026-09-03T23:53:21.988Z] [INFO] Downloaded from central: https://repo.maven.apache.org/maven2/org/apiguardian/apiguardian-api/1.1.2/apiguardian-api-1.1.2.jar (6.8 kB at 6.1 kB/s)
[2026-09-03T23:53:21.988Z] [INFO] Downloading from central: https://repo.maven.apache.org/maven2/org/junit/jupiter/junit-jupiter-engine/5.10.2/junit-jupiter-engine-5.10.2.jar
[2026-09-03T23:53:21.988Z] [INFO] Downloaded from central: https://repo.maven.apache.org/maven2/org/junit/platform/junit-platform-commons/1.10.2/junit-platform-commons-1.10.2.jar (106 kB at 95 kB/s)
[2026-09-03T23:53:21.988Z] [INFO] Downloaded from central: https://repo.maven.apache.org/maven2/org/junit/jupiter/junit-jupiter-api/5.10.2/junit-jupiter-api-5.10.2.jar (211 kB at 188 kB/s)
[2026-09-03T23:53:21.988Z] [INFO] Downloading from central: https://repo.maven.apache.org/maven2/org/junit/platform/junit-platform-engine/1.10.2/junit-platform-engine-1.10.2.jar
[2026-09-03T23:53:21.988Z] [INFO] Downloading from central: https://repo.maven.apache.org/maven2/org/mockito/mockito-core/5.7.0/mockito-core-5.7.0.jar
[2026-09-03T23:53:21.988Z] [INFO] Downloaded from central: https://repo.maven.apache.org/maven2/org/junit/jupiter/junit-jupiter-engine/5.10.2/junit-jupiter-engine-5.10.2.jar (245 kB at 203 kB/s)
[2026-09-03T23:53:21.988Z] [INFO] Downloading from central: https://repo.maven.apache.org/maven2/net/bytebuddy/byte-buddy-agent/1.14.13/byte-buddy-agent-1.14.13.jar
[2026-09-03T23:53:21.988Z] [INFO] Downloaded from central: https://repo.maven.apache.org/maven2/org/junit/platform/junit-platform-engine/1.10.2/junit-platform-engine-1.10.2.jar (205 kB at 169 kB/s)
[2026-09-03T23:53:21.988Z] [INFO] Downloading from central: https://repo.maven.apache.org/maven2/org/objenesis/objenesis/3.3/objenesis-3.3.jar
[2026-09-03T23:53:21.988Z] [INFO] Downloaded from central: https://repo.maven.apache.org/maven2/org/junit/jupiter/junit-jupiter-params/5.10.2/junit-jupiter-params-5.10.2.jar (586 kB at 479 kB/s)
[2026-09-03T23:53:21.988Z] [INFO] Downloading from central: https://repo.maven.apache.org/maven2/org/mockito/mockito-junit-jupiter/5.7.0/mockito-junit-jupiter-5.7.0.jar
[2026-09-03T23:53:21.988Z] [INFO] Downloaded from central: https://repo.maven.apache.org/maven2/org/mockito/mockito-core/5.7.0/mockito-core-5.7.0.jar (700 kB at 567 kB/s)
[2026-09-03T23:53:21.988Z] [INFO] Downloading from central: https://repo.maven.apache.org/maven2/org/skyscreamer/jsonassert/1.5.1/jsonassert-1.5.1.jar
[2026-09-03T23:53:21.988Z] [INFO] Downloaded from central: https://repo.maven.apache.org/maven2/net/bytebuddy/byte-buddy-agent/1.14.13/byte-buddy-agent-1.14.13.jar (257 kB at 201 kB/s)
[2026-09-03T23:53:21.988Z] [INFO] Downloading from central: https://repo.maven.apache.org/maven2/com/vaadin/external/google/android-json/0.0.20131108.vaadin1/android-json-0.0.20131108.vaadin1.jar
[2026-09-03T23:53:21.988Z] [INFO] Downloaded from central: https://repo.maven.apache.org/maven2/org/mockito/mockito-junit-jupiter/5.7.0/mockito-junit-jupiter-5.7.0.jar (8.8 kB at 6.8 kB/s)
[2026-09-03T23:53:21.988Z] [INFO] Downloading from central: https://repo.maven.apache.org/maven2/org/springframework/spring-core/6.1.6/spring-core-6.1.6.jar
[2026-09-03T23:53:21.988Z] [INFO] Downloaded from central: https://repo.maven.apache.org/maven2/org/objenesis/objenesis/3.3/objenesis-3.3.jar (49 kB at 38 kB/s)
[2026-09-03T23:53:21.988Z] [INFO] Downloading from central: https://repo.maven.apache.org/maven2/org/springframework/spring-jcl/6.1.6/spring-jcl-6.1.6.jar
[2026-09-03T23:53:21.988Z] [INFO] Downloaded from central: https://repo.maven.apache.org/maven2/org/skyscreamer/jsonassert/1.5.1/jsonassert-1.5.1.jar (31 kB at 23 kB/s)
[2026-09-03T23:53:21.988Z] [INFO] Downloading from central: https://repo.maven.apache.org/maven2/org/springframework/spring-test/6.1.6/spring-test-6.1.6.jar
[2026-09-03T23:53:22.250Z] [INFO] Downloaded from central: https://repo.maven.apache.org/maven2/com/vaadin/external/google/android-json/0.0.20131108.vaadin1/android-json-0.0.20131108.vaadin1.jar (18 kB at 14 kB/s)
[2026-09-03T23:53:22.250Z] [INFO] Downloading from central: https://repo.maven.apache.org/maven2/org/xmlunit/xmlunit-core/2.9.1/xmlunit-core-2.9.1.jar
[2026-09-03T23:53:22.250Z] [INFO] Downloaded from central: https://repo.maven.apache.org/maven2/org/springframework/spring-jcl/6.1.6/spring-jcl-6.1.6.jar (25 kB at 18 kB/s)
[2026-09-03T23:53:22.250Z] [INFO] Downloaded from central: https://repo.maven.apache.org/maven2/org/xmlunit/xmlunit-core/2.9.1/xmlunit-core-2.9.1.jar (175 kB at 125 kB/s)
[2026-09-03T23:53:22.250Z] [INFO] Downloaded from central: https://repo.maven.apache.org/maven2/org/springframework/spring-test/6.1.6/spring-test-6.1.6.jar (855 kB at 587 kB/s)
[2026-09-03T23:53:22.250Z] [INFO] Downloaded from central: https://repo.maven.apache.org/maven2/net/bytebuddy/byte-buddy/1.14.13/byte-buddy-1.14.13.jar (4.2 MB at 2.8 MB/s)
[2026-09-03T23:53:22.250Z] [INFO] Downloaded from central: https://repo.maven.apache.org/maven2/org/springframework/spring-core/6.1.6/spring-core-6.1.6.jar (1.9 MB at 1.2 MB/s)
[2026-09-03T23:53:22.818Z] [INFO] 
[2026-09-03T23:53:22.818Z] [INFO] --- resources:3.3.1:resources (default-resources) @ order-service ---
[2026-09-03T23:53:22.818Z] [INFO] Downloading from central: https://repo.maven.apache.org/maven2/org/codehaus/plexus/plexus-interpolation/1.26/plexus-interpolation-1.26.pom
[2026-09-03T23:53:22.818Z] [INFO] Downloaded from central: https://repo.maven.apache.org/maven2/org/codehaus/plexus/plexus-interpolation/1.26/plexus-interpolation-1.26.pom (2.7 kB at 24 kB/s)
[2026-09-03T23:53:22.818Z] [INFO] Downloading from central: https://repo.maven.apache.org/maven2/org/codehaus/plexus/plexus/5.1/plexus-5.1.pom
[2026-09-03T23:53:22.818Z] [INFO] Downloaded from central: https://repo.maven.apache.org/maven2/org/codehaus/plexus/plexus/5.1/plexus-5.1.pom (23 kB at 352 kB/s)
[2026-09-03T23:53:22.818Z] [INFO] Downloading from central: https://repo.maven.apache.org/maven2/org/codehaus/plexus/plexus-utils/3.5.1/plexus-utils-3.5.1.pom
[2026-09-03T23:53:23.068Z] [INFO] Downloaded from central: https://repo.maven.apache.org/maven2/org/codehaus/plexus/plexus-utils/3.5.1/plexus-utils-3.5.1.pom (8.8 kB at 244 kB/s)
[2026-09-03T23:53:23.068Z] [INFO] Downloading from central: https://repo.maven.apache.org/maven2/org/codehaus/plexus/plexus/10/plexus-10.pom
[2026-09-03T23:53:23.068Z] [INFO] Downloaded from central: https://repo.maven.apache.org/maven2/org/codehaus/plexus/plexus/10/plexus-10.pom (25 kB at 403 kB/s)
[2026-09-03T23:53:23.068Z] [INFO] Downloading from central: https://repo.maven.apache.org/maven2/org/apache/maven/shared/maven-filtering/3.3.1/maven-filtering-3.3.1.pom
[2026-09-03T23:53:23.068Z] [INFO] Downloaded from central: https://repo.maven.apache.org/maven2/org/apache/maven/shared/maven-filtering/3.3.1/maven-filtering-3.3.1.pom (6.0 kB at 110 kB/s)
[2026-09-03T23:53:23.068Z] [INFO] Downloading from central: https://repo.maven.apache.org/maven2/org/apache/maven/shared/maven-shared-components/39/maven-shared-components-39.pom
[2026-09-03T23:53:23.068Z] [INFO] Downloaded from central: https://repo.maven.apache.org/maven2/org/apache/maven/shared/maven-shared-components/39/maven-shared-components-39.pom (3.2 kB at 66 kB/s)
[2026-09-03T23:53:23.068Z] [INFO] Downloading from central: https://repo.maven.apache.org/maven2/javax/inject/javax.inject/1/javax.inject-1.pom
[2026-09-03T23:53:23.319Z] [INFO] Downloaded from central: https://repo.maven.apache.org/maven2/javax/inject/javax.inject/1/javax.inject-1.pom (612 B at 17 kB/s)
[2026-09-03T23:53:23.319Z] [INFO] Downloading from central: https://repo.maven.apache.org/maven2/org/slf4j/slf4j-api/1.7.36/slf4j-api-1.7.36.pom
[2026-09-03T23:53:23.319Z] [INFO] Downloaded from central: https://repo.maven.apache.org/maven2/org/slf4j/slf4j-api/1.7.36/slf4j-api-1.7.36.pom (2.7 kB at 72 kB/s)
[2026-09-03T23:53:23.319Z] [INFO] Downloading from central: https://repo.maven.apache.org/maven2/org/slf4j/slf4j-parent/1.7.36/slf4j-parent-1.7.36.pom
[2026-09-03T23:53:23.319Z] [INFO] Downloaded from central: https://repo.maven.apache.org/maven2/org/slf4j/slf4j-parent/1.7.36/slf4j-parent-1.7.36.pom (14 kB at 455 kB/s)
[2026-09-03T23:53:23.319Z] [INFO] Downloading from central: https://repo.maven.apache.org/maven2/org/sonatype/plexus/plexus-build-api/0.0.7/plexus-build-api-0.0.7.pom
[2026-09-03T23:53:23.319Z] [INFO] Downloaded from central: https://repo.maven.apache.org/maven2/org/sonatype/plexus/plexus-build-api/0.0.7/plexus-build-api-0.0.7.pom (3.2 kB at 82 kB/s)
[2026-09-03T23:53:23.319Z] [INFO] Downloading from central: https://repo.maven.apache.org/maven2/org/sonatype/spice/spice-parent/15/spice-parent-15.pom
[2026-09-03T23:53:23.319Z] [INFO] Downloaded from central: https://repo.maven.apache.org/maven2/org/sonatype/spice/spice-parent/15/spice-parent-15.pom (8.4 kB at 171 kB/s)
[2026-09-03T23:53:23.319Z] [INFO] Downloading from central: https://repo.maven.apache.org/maven2/org/sonatype/forge/forge-parent/5/forge-parent-5.pom
[2026-09-03T23:53:23.319Z] [INFO] Downloaded from central: https://repo.maven.apache.org/maven2/org/sonatype/forge/forge-parent/5/forge-parent-5.pom (8.4 kB at 209 kB/s)
[2026-09-03T23:53:23.319Z] [INFO] Downloading from central: https://repo.maven.apache.org/maven2/org/codehaus/plexus/plexus-utils/3.5.0/plexus-utils-3.5.0.pom
[2026-09-03T23:53:23.570Z] [INFO] Downloaded from central: https://repo.maven.apache.org/maven2/org/codehaus/plexus/plexus-utils/3.5.0/plexus-utils-3.5.0.pom (8.0 kB at 250 kB/s)
[2026-09-03T23:53:23.570Z] [INFO] Downloading from central: https://repo.maven.apache.org/maven2/commons-io/commons-io/2.11.0/commons-io-2.11.0.pom
[2026-09-03T23:53:23.570Z] [INFO] Downloaded from central: https://repo.maven.apache.org/maven2/commons-io/commons-io/2.11.0/commons-io-2.11.0.pom (20 kB at 564 kB/s)
[2026-09-03T23:53:23.570Z] [INFO] Downloading from central: https://repo.maven.apache.org/maven2/org/apache/commons/commons-parent/52/commons-parent-52.pom
[2026-09-03T23:53:23.570Z] [INFO] Downloaded from central: https://repo.maven.apache.org/maven2/org/apache/commons/commons-parent/52/commons-parent-52.pom (79 kB at 1.7 MB/s)
[2026-09-03T23:53:23.570Z] [INFO] Downloading from central: https://repo.maven.apache.org/maven2/org/junit/junit-bom/5.7.2/junit-bom-5.7.2.pom
[2026-09-03T23:53:23.570Z] [INFO] Downloaded from central: https://repo.maven.apache.org/maven2/org/junit/junit-bom/5.7.2/junit-bom-5.7.2.pom (5.1 kB at 150 kB/s)
[2026-09-03T23:53:23.570Z] [INFO] Downloading from central: https://repo.maven.apache.org/maven2/org/apache/commons/commons-lang3/3.12.0/commons-lang3-3.12.0.pom
[2026-09-03T23:53:23.570Z] [INFO] Downloaded from central: https://repo.maven.apache.org/maven2/org/apache/commons/commons-lang3/3.12.0/commons-lang3-3.12.0.pom (31 kB at 681 kB/s)
[2026-09-03T23:53:23.570Z] [INFO] Downloading from central: https://repo.maven.apache.org/maven2/org/junit/junit-bom/5.7.1/junit-bom-5.7.1.pom
[2026-09-03T23:53:23.824Z] [INFO] Downloaded from central: https://repo.maven.apache.org/maven2/org/junit/junit-bom/5.7.1/junit-bom-5.7.1.pom (5.1 kB at 142 kB/s)
[2026-09-03T23:53:23.824Z] [INFO] Downloading from central: https://repo.maven.apache.org/maven2/org/codehaus/plexus/plexus-interpolation/1.26/plexus-interpolation-1.26.jar
[2026-09-03T23:53:23.824Z] [INFO] Downloaded from central: https://repo.maven.apache.org/maven2/org/codehaus/plexus/plexus-interpolation/1.26/plexus-interpolation-1.26.jar (85 kB at 2.5 MB/s)
[2026-09-03T23:53:23.824Z] [INFO] Downloading from central: https://repo.maven.apache.org/maven2/org/codehaus/plexus/plexus-utils/3.5.1/plexus-utils-3.5.1.jar
[2026-09-03T23:53:23.824Z] [INFO] Downloading from central: https://repo.maven.apache.org/maven2/org/apache/maven/shared/maven-filtering/3.3.1/maven-filtering-3.3.1.jar
[2026-09-03T23:53:23.824Z] [INFO] Downloading from central: https://repo.maven.apache.org/maven2/javax/inject/javax.inject/1/javax.inject-1.jar
[2026-09-03T23:53:23.824Z] [INFO] Downloading from central: https://repo.maven.apache.org/maven2/org/sonatype/plexus/plexus-build-api/0.0.7/plexus-build-api-0.0.7.jar
[2026-09-03T23:53:23.824Z] [INFO] Downloading from central: https://repo.maven.apache.org/maven2/org/slf4j/slf4j-api/1.7.36/slf4j-api-1.7.36.jar
[2026-09-03T23:53:23.824Z] [INFO] Downloaded from central: https://repo.maven.apache.org/maven2/org/apache/maven/shared/maven-filtering/3.3.1/maven-filtering-3.3.1.jar (55 kB at 1.0 MB/s)
[2026-09-03T23:53:23.824Z] [INFO] Downloading from central: https://repo.maven.apache.org/maven2/commons-io/commons-io/2.11.0/commons-io-2.11.0.jar
[2026-09-03T23:53:23.824Z] [INFO] Downloaded from central: https://repo.maven.apache.org/maven2/org/slf4j/slf4j-api/1.7.36/slf4j-api-1.7.36.jar (41 kB at 697 kB/s)
[2026-09-03T23:53:23.824Z] [INFO] Downloading from central: https://repo.maven.apache.org/maven2/org/apache/commons/commons-lang3/3.12.0/commons-lang3-3.12.0.jar
[2026-09-03T23:53:23.824Z] [INFO] Downloaded from central: https://repo.maven.apache.org/maven2/org/sonatype/plexus/plexus-build-api/0.0.7/plexus-build-api-0.0.7.jar (8.5 kB at 141 kB/s)
[2026-09-03T23:53:23.824Z] [INFO] Downloaded from central: https://repo.maven.apache.org/maven2/javax/inject/javax.inject/1/javax.inject-1.jar (2.5 kB at 38 kB/s)
[2026-09-03T23:53:23.824Z] [INFO] Downloaded from central: https://repo.maven.apache.org/maven2/org/codehaus/plexus/plexus-utils/3.5.1/plexus-utils-3.5.1.jar (269 kB at 2.6 MB/s)
[2026-09-03T23:53:23.824Z] [INFO] Downloaded from central: https://repo.maven.apache.org/maven2/org/apache/commons/commons-lang3/3.12.0/commons-lang3-3.12.0.jar (587 kB at 5.2 MB/s)
[2026-09-03T23:53:23.824Z] [INFO] Downloaded from central: https://repo.maven.apache.org/maven2/commons-io/commons-io/2.11.0/commons-io-2.11.0.jar (327 kB at 2.4 MB/s)
[2026-09-03T23:53:24.082Z] [INFO] skip non existing resourceDirectory /var/jenkins_home/workspace/order-service_main/src/main/resources
[2026-09-03T23:53:24.082Z] [INFO] skip non existing resourceDirectory /var/jenkins_home/workspace/order-service_main/src/main/resources
[2026-09-03T23:53:24.082Z] [INFO] 
[2026-09-03T23:53:24.082Z] [INFO] --- compiler:3.11.0:compile (default-compile) @ order-service ---
[2026-09-03T23:53:24.333Z] [INFO] Downloading from central: https://repo.maven.apache.org/maven2/org/apache/maven/shared/maven-shared-components/34/maven-shared-components-34.pom
[2026-09-03T23:53:24.333Z] [INFO] Downloaded from central: https://repo.maven.apache.org/maven2/org/apache/maven/shared/maven-shared-components/34/maven-shared-components-34.pom (5.1 kB at 76 kB/s)
[2026-09-03T23:53:24.333Z] [INFO] Downloading from central: https://repo.maven.apache.org/maven2/org/apache/maven/maven-parent/34/maven-parent-34.pom
[2026-09-03T23:53:24.333Z] [INFO] Downloaded from central: https://repo.maven.apache.org/maven2/org/apache/maven/maven-parent/34/maven-parent-34.pom (43 kB at 808 kB/s)
[2026-09-03T23:53:24.333Z] [INFO] Downloading from central: https://repo.maven.apache.org/maven2/commons-io/commons-io/2.6/commons-io-2.6.pom
[2026-09-03T23:53:24.333Z] [INFO] Downloaded from central: https://repo.maven.apache.org/maven2/commons-io/commons-io/2.6/commons-io-2.6.pom (14 kB at 255 kB/s)
[2026-09-03T23:53:24.333Z] [INFO] Downloading from central: https://repo.maven.apache.org/maven2/org/apache/apache/18/apache-18.pom
[2026-09-03T23:53:24.583Z] [INFO] Downloaded from central: https://repo.maven.apache.org/maven2/org/apache/apache/18/apache-18.pom (16 kB at 320 kB/s)
[2026-09-03T23:53:24.583Z] [INFO] Downloading from central: https://repo.maven.apache.org/maven2/org/apache/maven/shared/maven-shared-incremental/1.1/maven-shared-incremental-1.1.pom
[2026-09-03T23:53:24.583Z] [INFO] Downloaded from central: https://repo.maven.apache.org/maven2/org/apache/maven/shared/maven-shared-incremental/1.1/maven-shared-incremental-1.1.pom (4.7 kB at 80 kB/s)
[2026-09-03T23:53:24.584Z] [INFO] Downloading from central: https://repo.maven.apache.org/maven2/org/apache/maven/shared/maven-shared-components/19/maven-shared-components-19.pom
[2026-09-03T23:53:24.584Z] [INFO] Downloaded from central: https://repo.maven.apache.org/maven2/org/apache/maven/shared/maven-shared-components/19/maven-shared-components-19.pom (6.4 kB at 101 kB/s)
[2026-09-03T23:53:24.584Z] [INFO] Downloading from central: https://repo.maven.apache.org/maven2/org/apache/maven/maven-parent/23/maven-parent-23.pom
[2026-09-03T23:53:24.584Z] [INFO] Downloaded from central: https://repo.maven.apache.org/maven2/org/apache/maven/maven-parent/23/maven-parent-23.pom (33 kB at 572 kB/s)
[2026-09-03T23:53:24.584Z] [INFO] Downloading from central: https://repo.maven.apache.org/maven2/org/codehaus/plexus/plexus-component-annotations/1.5.5/plexus-component-annotations-1.5.5.pom
[2026-09-03T23:53:24.834Z] [INFO] Downloaded from central: https://repo.maven.apache.org/maven2/org/codehaus/plexus/plexus-component-annotations/1.5.5/plexus-component-annotations-1.5.5.pom (815 B at 8.8 kB/s)
[2026-09-03T23:53:24.834Z] [INFO] Downloading from central: https://repo.maven.apache.org/maven2/org/codehaus/plexus/plexus/2.0.7/plexus-2.0.7.pom
[2026-09-03T23:53:24.834Z] [INFO] Downloaded from central: https://repo.maven.apache.org/maven2/org/codehaus/plexus/plexus/2.0.7/plexus-2.0.7.pom (17 kB at 320 kB/s)
[2026-09-03T23:53:24.834Z] [INFO] Downloading from central: https://repo.maven.apache.org/maven2/org/codehaus/plexus/plexus-java/1.1.2/plexus-java-1.1.2.pom
[2026-09-03T23:53:24.834Z] [INFO] Downloaded from central: https://repo.maven.apache.org/maven2/org/codehaus/plexus/plexus-java/1.1.2/plexus-java-1.1.2.pom (5.0 kB at 84 kB/s)
[2026-09-03T23:53:24.834Z] [INFO] Downloading from central: https://repo.maven.apache.org/maven2/org/ow2/asm/asm/9.4/asm-9.4.pom
[2026-09-03T23:53:25.085Z] [INFO] Downloaded from central: https://repo.maven.apache.org/maven2/org/ow2/asm/asm/9.4/asm-9.4.pom (2.4 kB at 49 kB/s)
[2026-09-03T23:53:25.085Z] [INFO] Downloading from central: https://repo.maven.apache.org/maven2/com/thoughtworks/qdox/qdox/2.0.3/qdox-2.0.3.pom
[2026-09-03T23:53:25.085Z] [INFO] Downloaded from central: https://repo.maven.apache.org/maven2/com/thoughtworks/qdox/qdox/2.0.3/qdox-2.0.3.pom (17 kB at 292 kB/s)
[2026-09-03T23:53:25.085Z] [INFO] Downloading from central: https://repo.maven.apache.org/maven2/org/codehaus/plexus/plexus-compiler-api/2.13.0/plexus-compiler-api-2.13.0.pom
[2026-09-03T23:53:25.085Z] [INFO] Downloaded from central: https://repo.maven.apache.org/maven2/org/codehaus/plexus/plexus-compiler-api/2.13.0/plexus-compiler-api-2.13.0.pom (1.1 kB at 16 kB/s)
[2026-09-03T23:53:25.085Z] [INFO] Downloading from central: https://repo.maven.apache.org/maven2/org/codehaus/plexus/plexus-compiler/2.13.0/plexus-compiler-2.13.0.pom
[2026-09-03T23:53:25.085Z] [INFO] Downloaded from central: https://repo.maven.apache.org/maven2/org/codehaus/plexus/plexus-compiler/2.13.0/plexus-compiler-2.13.0.pom (8.4 kB at 152 kB/s)
[2026-09-03T23:53:25.085Z] [INFO] Downloading from central: https://repo.maven.apache.org/maven2/org/codehaus/plexus/plexus-components/10.0/plexus-components-10.0.pom
[2026-09-03T23:53:25.336Z] [INFO] Downloaded from central: https://repo.maven.apache.org/maven2/org/codehaus/plexus/plexus-components/10.0/plexus-components-10.0.pom (2.7 kB at 43 kB/s)
[2026-09-03T23:53:25.336Z] [INFO] Downloading from central: https://repo.maven.apache.org/maven2/org/codehaus/plexus/plexus-compiler-manager/2.13.0/plexus-compiler-manager-2.13.0.pom
[2026-09-03T23:53:25.336Z] [INFO] Downloaded from central: https://repo.maven.apache.org/maven2/org/codehaus/plexus/plexus-compiler-manager/2.13.0/plexus-compiler-manager-2.13.0.pom (1.1 kB at 18 kB/s)
[2026-09-03T23:53:25.336Z] [INFO] Downloading from central: https://repo.maven.apache.org/maven2/org/codehaus/plexus/plexus-containers/2.1.1/plexus-containers-2.1.1.pom
[2026-09-03T23:53:25.336Z] [INFO] Downloaded from central: https://repo.maven.apache.org/maven2/org/codehaus/plexus/plexus-containers/2.1.1/plexus-containers-2.1.1.pom (6.0 kB at 72 kB/s)
[2026-09-03T23:53:25.336Z] [INFO] Downloading from central: https://repo.maven.apache.org/maven2/org/codehaus/plexus/plexus-compiler-javac/2.13.0/plexus-compiler-javac-2.13.0.pom
[2026-09-03T23:53:25.588Z] [INFO] Downloaded from central: https://repo.maven.apache.org/maven2/org/codehaus/plexus/plexus-compiler-javac/2.13.0/plexus-compiler-javac-2.13.0.pom (1.2 kB at 16 kB/s)
[2026-09-03T23:53:25.588Z] [INFO] Downloading from central: https://repo.maven.apache.org/maven2/org/codehaus/plexus/plexus-compilers/2.13.0/plexus-compilers-2.13.0.pom
[2026-09-03T23:53:25.588Z] [INFO] Downloaded from central: https://repo.maven.apache.org/maven2/org/codehaus/plexus/plexus-compilers/2.13.0/plexus-compilers-2.13.0.pom (1.3 kB at 24 kB/s)
[2026-09-03T23:53:25.588Z] [INFO] Downloading from central: https://repo.maven.apache.org/maven2/org/apache/maven/shared/maven-shared-utils/3.3.4/maven-shared-utils-3.3.4.jar
[2026-09-03T23:53:25.588Z] [INFO] Downloaded from central: https://repo.maven.apache.org/maven2/org/apache/maven/shared/maven-shared-utils/3.3.4/maven-shared-utils-3.3.4.jar (153 kB at 2.9 MB/s)
[2026-09-03T23:53:25.588Z] [INFO] Downloading from central: https://repo.maven.apache.org/maven2/org/apache/maven/shared/maven-shared-incremental/1.1/maven-shared-incremental-1.1.jar
[2026-09-03T23:53:25.588Z] [INFO] Downloading from central: https://repo.maven.apache.org/maven2/commons-io/commons-io/2.6/commons-io-2.6.jar
[2026-09-03T23:53:25.588Z] [INFO] Downloading from central: https://repo.maven.apache.org/maven2/org/codehaus/plexus/plexus-java/1.1.2/plexus-java-1.1.2.jar
[2026-09-03T23:53:25.588Z] [INFO] Downloading from central: https://repo.maven.apache.org/maven2/org/codehaus/plexus/plexus-component-annotations/1.5.5/plexus-component-annotations-1.5.5.jar
[2026-09-03T23:53:25.588Z] [INFO] Downloading from central: https://repo.maven.apache.org/maven2/org/ow2/asm/asm/9.4/asm-9.4.jar
[2026-09-03T23:53:25.588Z] [INFO] Downloaded from central: https://repo.maven.apache.org/maven2/org/ow2/asm/asm/9.4/asm-9.4.jar (122 kB at 3.1 MB/s)
[2026-09-03T23:53:25.589Z] [INFO] Downloading from central: https://repo.maven.apache.org/maven2/com/thoughtworks/qdox/qdox/2.0.3/qdox-2.0.3.jar
[2026-09-03T23:53:25.839Z] [INFO] Downloaded from central: https://repo.maven.apache.org/maven2/commons-io/commons-io/2.6/commons-io-2.6.jar (215 kB at 4.8 MB/s)
[2026-09-03T23:53:25.839Z] [INFO] Downloading from central: https://repo.maven.apache.org/maven2/org/codehaus/plexus/plexus-compiler-api/2.13.0/plexus-compiler-api-2.13.0.jar
[2026-09-03T23:53:25.839Z] [INFO] Downloaded from central: https://repo.maven.apache.org/maven2/org/apache/maven/shared/maven-shared-incremental/1.1/maven-shared-incremental-1.1.jar (14 kB at 288 kB/s)
[2026-09-03T23:53:25.839Z] [INFO] Downloading from central: https://repo.maven.apache.org/maven2/org/codehaus/plexus/plexus-utils/3.5.0/plexus-utils-3.5.0.jar
[2026-09-03T23:53:25.839Z] [INFO] Downloaded from central: https://repo.maven.apache.org/maven2/org/codehaus/plexus/plexus-component-annotations/1.5.5/plexus-component-annotations-1.5.5.jar (4.2 kB at 83 kB/s)
[2026-09-03T23:53:25.839Z] [INFO] Downloading from central: https://repo.maven.apache.org/maven2/org/codehaus/plexus/plexus-compiler-manager/2.13.0/plexus-compiler-manager-2.13.0.jar
[2026-09-03T23:53:25.839Z] [INFO] Downloaded from central: https://repo.maven.apache.org/maven2/org/codehaus/plexus/plexus-java/1.1.2/plexus-java-1.1.2.jar (55 kB at 1.1 MB/s)
[2026-09-03T23:53:25.839Z] [INFO] Downloading from central: https://repo.maven.apache.org/maven2/org/codehaus/plexus/plexus-compiler-javac/2.13.0/plexus-compiler-javac-2.13.0.jar
[2026-09-03T23:53:25.839Z] [INFO] Downloaded from central: https://repo.maven.apache.org/maven2/org/codehaus/plexus/plexus-compiler-manager/2.13.0/plexus-compiler-manager-2.13.0.jar (4.7 kB at 57 kB/s)
[2026-09-03T23:53:25.839Z] [INFO] Downloaded from central: https://repo.maven.apache.org/maven2/org/codehaus/plexus/plexus-compiler-api/2.13.0/plexus-compiler-api-2.13.0.jar (27 kB at 322 kB/s)
[2026-09-03T23:53:25.839Z] [INFO] Downloaded from central: https://repo.maven.apache.org/maven2/com/thoughtworks/qdox/qdox/2.0.3/qdox-2.0.3.jar (334 kB at 3.9 MB/s)
[2026-09-03T23:53:25.839Z] [INFO] Downloaded from central: https://repo.maven.apache.org/maven2/org/codehaus/plexus/plexus-compiler-javac/2.13.0/plexus-compiler-javac-2.13.0.jar (23 kB at 262 kB/s)
[2026-09-03T23:53:25.839Z] [INFO] Downloaded from central: https://repo.maven.apache.org/maven2/org/codehaus/plexus/plexus-utils/3.5.0/plexus-utils-3.5.0.jar (267 kB at 2.8 MB/s)
[2026-09-03T23:53:26.091Z] [INFO] Changes detected - recompiling the module! :dependency
[2026-09-03T23:53:26.091Z] [INFO] Compiling 3 source files with javac [debug release 17] to target/classes
[2026-09-03T23:53:29.343Z] [INFO] 
[2026-09-03T23:53:29.343Z] [INFO] --- resources:3.3.1:testResources (default-testResources) @ order-service ---
[2026-09-03T23:53:29.343Z] [INFO] skip non existing resourceDirectory /var/jenkins_home/workspace/order-service_main/src/test/resources
[2026-09-03T23:53:29.343Z] [INFO] 
[2026-09-03T23:53:29.343Z] [INFO] --- compiler:3.11.0:testCompile (default-testCompile) @ order-service ---
[2026-09-03T23:53:29.343Z] [INFO] Changes detected - recompiling the module! :dependency
[2026-09-03T23:53:29.343Z] [INFO] Compiling 1 source file with javac [debug release 17] to target/test-classes
[2026-09-03T23:53:30.264Z] [INFO] 
[2026-09-03T23:53:30.264Z] [INFO] --- surefire:3.1.2:test (default-test) @ order-service ---
[2026-09-03T23:53:30.264Z] [INFO] Downloading from central: https://repo.maven.apache.org/maven2/org/apache/maven/surefire/maven-surefire-common/3.1.2/maven-surefire-common-3.1.2.pom
[2026-09-03T23:53:30.264Z] [INFO] Downloaded from central: https://repo.maven.apache.org/maven2/org/apache/maven/surefire/maven-surefire-common/3.1.2/maven-surefire-common-3.1.2.pom (6.1 kB at 91 kB/s)
[2026-09-03T23:53:30.264Z] [INFO] Downloading from central: https://repo.maven.apache.org/maven2/org/apache/maven/surefire/surefire-api/3.1.2/surefire-api-3.1.2.pom
[2026-09-03T23:53:30.264Z] [INFO] Downloaded from central: https://repo.maven.apache.org/maven2/org/apache/maven/surefire/surefire-api/3.1.2/surefire-api-3.1.2.pom (3.5 kB at 67 kB/s)
[2026-09-03T23:53:30.264Z] [INFO] Downloading from central: https://repo.maven.apache.org/maven2/org/apache/maven/surefire/surefire-logger-api/3.1.2/surefire-logger-api-3.1.2.pom
[2026-09-03T23:53:30.264Z] [INFO] Downloaded from central: https://repo.maven.apache.org/maven2/org/apache/maven/surefire/surefire-logger-api/3.1.2/surefire-logger-api-3.1.2.pom (3.3 kB at 59 kB/s)
[2026-09-03T23:53:30.264Z] [INFO] Downloading from central: https://repo.maven.apache.org/maven2/org/apache/maven/surefire/surefire-shared-utils/3.1.2/surefire-shared-utils-3.1.2.pom
[2026-09-03T23:53:30.264Z] [INFO] Downloaded from central: https://repo.maven.apache.org/maven2/org/apache/maven/surefire/surefire-shared-utils/3.1.2/surefire-shared-utils-3.1.2.pom (4.1 kB at 62 kB/s)
[2026-09-03T23:53:30.264Z] [INFO] Downloading from central: https://repo.maven.apache.org/maven2/org/apache/maven/surefire/surefire-extensions-api/3.1.2/surefire-extensions-api-3.1.2.pom
[2026-09-03T23:53:30.515Z] [INFO] Downloaded from central: https://repo.maven.apache.org/maven2/org/apache/maven/surefire/surefire-extensions-api/3.1.2/surefire-extensions-api-3.1.2.pom (3.3 kB at 61 kB/s)
[2026-09-03T23:53:30.515Z] [INFO] Downloading from central: https://repo.maven.apache.org/maven2/org/apache/maven/surefire/surefire-booter/3.1.2/surefire-booter-3.1.2.pom
[2026-09-03T23:53:30.515Z] [INFO] Downloaded from central: https://repo.maven.apache.org/maven2/org/apache/maven/surefire/surefire-booter/3.1.2/surefire-booter-3.1.2.pom (4.5 kB at 66 kB/s)
[2026-09-03T23:53:30.515Z] [INFO] Downloading from central: https://repo.maven.apache.org/maven2/org/apache/maven/surefire/surefire-extensions-spi/3.1.2/surefire-extensions-spi-3.1.2.pom
[2026-09-03T23:53:30.515Z] [INFO] Downloaded from central: https://repo.maven.apache.org/maven2/org/apache/maven/surefire/surefire-extensions-spi/3.1.2/surefire-extensions-spi-3.1.2.pom (1.8 kB at 30 kB/s)
[2026-09-03T23:53:30.515Z] [INFO] Downloading from central: https://repo.maven.apache.org/maven2/org/eclipse/aether/aether-util/1.0.0.v20140518/aether-util-1.0.0.v20140518.pom
[2026-09-03T23:53:30.515Z] [INFO] Downloaded from central: https://repo.maven.apache.org/maven2/org/eclipse/aether/aether-util/1.0.0.v20140518/aether-util-1.0.0.v20140518.pom (2.2 kB at 39 kB/s)
[2026-09-03T23:53:30.515Z] [INFO] Downloading from central: https://repo.maven.apache.org/maven2/org/eclipse/aether/aether/1.0.0.v20140518/aether-1.0.0.v20140518.pom
[2026-09-03T23:53:30.766Z] [INFO] Downloaded from central: https://repo.maven.apache.org/maven2/org/eclipse/aether/aether/1.0.0.v20140518/aether-1.0.0.v20140518.pom (30 kB at 670 kB/s)
[2026-09-03T23:53:30.766Z] [INFO] Downloading from central: https://repo.maven.apache.org/maven2/org/eclipse/aether/aether-api/1.0.0.v20140518/aether-api-1.0.0.v20140518.pom
[2026-09-03T23:53:30.766Z] [INFO] Downloaded from central: https://repo.maven.apache.org/maven2/org/eclipse/aether/aether-api/1.0.0.v20140518/aether-api-1.0.0.v20140518.pom (1.9 kB at 36 kB/s)
[2026-09-03T23:53:30.766Z] [INFO] Downloading from central: https://repo.maven.apache.org/maven2/org/apache/maven/shared/maven-common-artifact-filters/3.1.1/maven-common-artifact-filters-3.1.1.pom
[2026-09-03T23:53:30.766Z] [INFO] Downloaded from central: https://repo.maven.apache.org/maven2/org/apache/maven/shared/maven-common-artifact-filters/3.1.1/maven-common-artifact-filters-3.1.1.pom (5.8 kB at 98 kB/s)
[2026-09-03T23:53:30.766Z] [INFO] Downloading from central: https://repo.maven.apache.org/maven2/org/apache/maven/maven-artifact/3.2.5/maven-artifact-3.2.5.pom
[2026-09-03T23:53:30.766Z] [INFO] Downloaded from central: https://repo.maven.apache.org/maven2/org/apache/maven/maven-artifact/3.2.5/maven-artifact-3.2.5.pom (2.3 kB at 48 kB/s)
[2026-09-03T23:53:30.766Z] [INFO] Downloading from central: https://repo.maven.apache.org/maven2/org/apache/maven/maven/3.2.5/maven-3.2.5.pom
[2026-09-03T23:53:31.016Z] [INFO] Downloaded from central: https://repo.maven.apache.org/maven2/org/apache/maven/maven/3.2.5/maven-3.2.5.pom (22 kB at 373 kB/s)
[2026-09-03T23:53:31.016Z] [INFO] Downloading from central: https://repo.maven.apache.org/maven2/org/apache/apache/15/apache-15.pom
[2026-09-03T23:53:31.016Z] [INFO] Downloaded from central: https://repo.maven.apache.org/maven2/org/apache/apache/15/apache-15.pom (15 kB at 339 kB/s)
[2026-09-03T23:53:31.016Z] [INFO] Downloading from central: https://repo.maven.apache.org/maven2/org/apache/maven/maven-core/3.2.5/maven-core-3.2.5.pom
[2026-09-03T23:53:31.016Z] [INFO] Downloaded from central: https://repo.maven.apache.org/maven2/org/apache/maven/maven-core/3.2.5/maven-core-3.2.5.pom (8.1 kB at 168 kB/s)
[2026-09-03T23:53:31.017Z] [INFO] Downloading from central: https://repo.maven.apache.org/maven2/org/apache/maven/maven-settings/3.2.5/maven-settings-3.2.5.pom
[2026-09-03T23:53:31.017Z] [INFO] Downloaded from central: https://repo.maven.apache.org/maven2/org/apache/maven/maven-settings/3.2.5/maven-settings-3.2.5.pom (2.2 kB at 27 kB/s)
[2026-09-03T23:53:31.017Z] [INFO] Downloading from central: https://repo.maven.apache.org/maven2/org/apache/maven/maven-settings-builder/3.2.5/maven-settings-builder-3.2.5.pom
[2026-09-03T23:53:31.267Z] [INFO] Downloaded from central: https://repo.maven.apache.org/maven2/org/apache/maven/maven-settings-builder/3.2.5/maven-settings-builder-3.2.5.pom (2.6 kB at 43 kB/s)
[2026-09-03T23:53:31.267Z] [INFO] Downloading from central: https://repo.maven.apache.org/maven2/org/codehaus/plexus/plexus-components/1.3.1/plexus-components-1.3.1.pom
[2026-09-03T23:53:31.267Z] [INFO] Downloaded from central: https://repo.maven.apache.org/maven2/org/codehaus/plexus/plexus-components/1.3.1/plexus-components-1.3.1.pom (3.1 kB at 56 kB/s)
[2026-09-03T23:53:31.267Z] [INFO] Downloading from central: https://repo.maven.apache.org/maven2/org/codehaus/plexus/plexus/3.3.1/plexus-3.3.1.pom
[2026-09-03T23:53:31.267Z] [INFO] Downloaded from central: https://repo.maven.apache.org/maven2/org/codehaus/plexus/plexus/3.3.1/plexus-3.3.1.pom (20 kB at 335 kB/s)
[2026-09-03T23:53:31.267Z] [INFO] Downloading from central: https://repo.maven.apache.org/maven2/org/sonatype/forge/forge-parent/10/forge-parent-10.pom
[2026-09-03T23:53:31.518Z] [INFO] Downloaded from central: https://repo.maven.apache.org/maven2/org/sonatype/forge/forge-parent/10/forge-parent-10.pom (14 kB at 209 kB/s)
[2026-09-03T23:53:31.518Z] [INFO] Downloading from central: https://repo.maven.apache.org/maven2/org/sonatype/plexus/plexus-sec-dispatcher/1.3/plexus-sec-dispatcher-1.3.pom
[2026-09-03T23:53:31.518Z] [INFO] Downloaded from central: https://repo.maven.apache.org/maven2/org/sonatype/plexus/plexus-sec-dispatcher/1.3/plexus-sec-dispatcher-1.3.pom (3.0 kB at 54 kB/s)
[2026-09-03T23:53:31.518Z] [INFO] Downloading from central: https://repo.maven.apache.org/maven2/org/sonatype/spice/spice-parent/12/spice-parent-12.pom
[2026-09-03T23:53:31.518Z] [INFO] Downloaded from central: https://repo.maven.apache.org/maven2/org/sonatype/spice/spice-parent/12/spice-parent-12.pom (6.8 kB at 145 kB/s)
[2026-09-03T23:53:31.518Z] [INFO] Downloading from central: https://repo.maven.apache.org/maven2/org/sonatype/forge/forge-parent/4/forge-parent-4.pom
[2026-09-03T23:53:31.518Z] [INFO] Downloaded from central: https://repo.maven.apache.org/maven2/org/sonatype/forge/forge-parent/4/forge-parent-4.pom (8.4 kB at 168 kB/s)
[2026-09-03T23:53:31.518Z] [INFO] Downloading from central: https://repo.maven.apache.org/maven2/org/apache/maven/maven-repository-metadata/3.2.5/maven-repository-metadata-3.2.5.pom
[2026-09-03T23:53:31.776Z] [INFO] Downloaded from central: https://repo.maven.apache.org/maven2/org/apache/maven/maven-repository-metadata/3.2.5/maven-repository-metadata-3.2.5.pom (2.2 kB at 41 kB/s)
[2026-09-03T23:53:31.776Z] [INFO] Downloading from central: https://repo.maven.apache.org/maven2/org/apache/maven/maven-plugin-api/3.2.5/maven-plugin-api-3.2.5.pom
[2026-09-03T23:53:31.776Z] [INFO] Downloaded from central: https://repo.maven.apache.org/maven2/org/apache/maven/maven-plugin-api/3.2.5/maven-plugin-api-3.2.5.pom (3.0 kB at 64 kB/s)
[2026-09-03T23:53:31.776Z] [INFO] Downloading from central: https://repo.maven.apache.org/maven2/org/eclipse/sisu/org.eclipse.sisu.plexus/0.3.5/org.eclipse.sisu.plexus-0.3.5.pom
[2026-09-03T23:53:31.776Z] [INFO] Downloaded from central: https://repo.maven.apache.org/maven2/org/eclipse/sisu/org.eclipse.sisu.plexus/0.3.5/org.eclipse.sisu.plexus-0.3.5.pom (4.3 kB at 87 kB/s)
[2026-09-03T23:53:31.776Z] [INFO] Downloading from central: https://repo.maven.apache.org/maven2/org/eclipse/sisu/sisu-plexus/0.3.5/sisu-plexus-0.3.5.pom
[2026-09-03T23:53:31.776Z] [INFO] Downloaded from central: https://repo.maven.apache.org/maven2/org/eclipse/sisu/sisu-plexus/0.3.5/sisu-plexus-0.3.5.pom (14 kB at 214 kB/s)
[2026-09-03T23:53:31.776Z] [INFO] Downloading from central: https://repo.maven.apache.org/maven2/net/java/jvnet-parent/3/jvnet-parent-3.pom
[2026-09-03T23:53:32.029Z] [INFO] Downloaded from central: https://repo.maven.apache.org/maven2/net/java/jvnet-parent/3/jvnet-parent-3.pom (4.8 kB at 84 kB/s)
[2026-09-03T23:53:32.029Z] [INFO] Downloading from central: https://repo.maven.apache.org/maven2/javax/enterprise/cdi-api/1.2/cdi-api-1.2.pom
[2026-09-03T23:53:32.029Z] [INFO] Downloaded from central: https://repo.maven.apache.org/maven2/javax/enterprise/cdi-api/1.2/cdi-api-1.2.pom (6.3 kB at 134 kB/s)
[2026-09-03T23:53:32.029Z] [INFO] Downloading from central: https://repo.maven.apache.org/maven2/org/jboss/weld/weld-parent/26/weld-parent-26.pom
[2026-09-03T23:53:32.029Z] [INFO] Downloaded from central: https://repo.maven.apache.org/maven2/org/jboss/weld/weld-parent/26/weld-parent-26.pom (32 kB at 660 kB/s)
[2026-09-03T23:53:32.029Z] [INFO] Downloading from central: https://repo.maven.apache.org/maven2/org/eclipse/sisu/org.eclipse.sisu.inject/0.3.5/org.eclipse.sisu.inject-0.3.5.pom
[2026-09-03T23:53:32.029Z] [INFO] Downloaded from central: https://repo.maven.apache.org/maven2/org/eclipse/sisu/org.eclipse.sisu.inject/0.3.5/org.eclipse.sisu.inject-0.3.5.pom (2.6 kB at 57 kB/s)
[2026-09-03T23:53:32.029Z] [INFO] Downloading from central: https://repo.maven.apache.org/maven2/org/eclipse/sisu/sisu-inject/0.3.5/sisu-inject-0.3.5.pom
[2026-09-03T23:53:32.029Z] [INFO] Downloaded from central: https://repo.maven.apache.org/maven2/org/eclipse/sisu/sisu-inject/0.3.5/sisu-inject-0.3.5.pom (14 kB at 294 kB/s)
[2026-09-03T23:53:32.029Z] [INFO] Downloading from central: https://repo.maven.apache.org/maven2/org/apache/maven/maven-model-builder/3.2.5/maven-model-builder-3.2.5.pom
[2026-09-03T23:53:32.280Z] [INFO] Downloaded from central: https://repo.maven.apache.org/maven2/org/apache/maven/maven-model-builder/3.2.5/maven-model-builder-3.2.5.pom (3.0 kB at 60 kB/s)
[2026-09-03T23:53:32.280Z] [INFO] Downloading from central: https://repo.maven.apache.org/maven2/org/apache/maven/maven-aether-provider/3.2.5/maven-aether-provider-3.2.5.pom
[2026-09-03T23:53:32.280Z] [INFO] Downloaded from central: https://repo.maven.apache.org/maven2/org/apache/maven/maven-aether-provider/3.2.5/maven-aether-provider-3.2.5.pom (4.2 kB at 62 kB/s)
[2026-09-03T23:53:32.280Z] [INFO] Downloading from central: https://repo.maven.apache.org/maven2/org/eclipse/aether/aether-spi/1.0.0.v20140518/aether-spi-1.0.0.v20140518.pom
[2026-09-03T23:53:32.280Z] [INFO] Downloaded from central: https://repo.maven.apache.org/maven2/org/eclipse/aether/aether-spi/1.0.0.v20140518/aether-spi-1.0.0.v20140518.pom (2.1 kB at 34 kB/s)
[2026-09-03T23:53:32.280Z] [INFO] Downloading from central: https://repo.maven.apache.org/maven2/org/eclipse/aether/aether-impl/1.0.0.v20140518/aether-impl-1.0.0.v20140518.pom
[2026-09-03T23:53:32.530Z] [INFO] Downloaded from central: https://repo.maven.apache.org/maven2/org/eclipse/aether/aether-impl/1.0.0.v20140518/aether-impl-1.0.0.v20140518.pom (3.5 kB at 55 kB/s)
[2026-09-03T23:53:32.530Z] [INFO] Downloading from central: https://repo.maven.apache.org/maven2/org/sonatype/sisu/sisu-guice/3.2.3/sisu-guice-3.2.3.pom
[2026-09-03T23:53:32.530Z] [INFO] Downloaded from central: https://repo.maven.apache.org/maven2/org/sonatype/sisu/sisu-guice/3.2.3/sisu-guice-3.2.3.pom (11 kB at 182 kB/s)
[2026-09-03T23:53:32.530Z] [INFO] Downloading from central: https://repo.maven.apache.org/maven2/org/sonatype/forge/forge-parent/38/forge-parent-38.pom
[2026-09-03T23:53:32.530Z] [INFO] Downloaded from central: https://repo.maven.apache.org/maven2/org/sonatype/forge/forge-parent/38/forge-parent-38.pom (19 kB at 260 kB/s)
[2026-09-03T23:53:32.530Z] [INFO] Downloading from central: https://repo.maven.apache.org/maven2/com/google/guava/guava/16.0.1/guava-16.0.1.pom
[2026-09-03T23:53:32.781Z] [INFO] Downloaded from central: https://repo.maven.apache.org/maven2/com/google/guava/guava/16.0.1/guava-16.0.1.pom (6.1 kB at 50 kB/s)
[2026-09-03T23:53:32.781Z] [INFO] Downloading from central: https://repo.maven.apache.org/maven2/commons-io/commons-io/2.12.0/commons-io-2.12.0.pom
[2026-09-03T23:53:32.781Z] [INFO] Downloaded from central: https://repo.maven.apache.org/maven2/commons-io/commons-io/2.12.0/commons-io-2.12.0.pom (20 kB at 195 kB/s)
[2026-09-03T23:53:32.781Z] [INFO] Downloading from central: https://repo.maven.apache.org/maven2/org/apache/maven/surefire/maven-surefire-common/3.1.2/maven-surefire-common-3.1.2.jar
[2026-09-03T23:53:33.032Z] [INFO] Downloaded from central: https://repo.maven.apache.org/maven2/org/apache/maven/surefire/maven-surefire-common/3.1.2/maven-surefire-common-3.1.2.jar (306 kB at 1.9 MB/s)
[2026-09-03T23:53:33.032Z] [INFO] Downloading from central: https://repo.maven.apache.org/maven2/org/apache/maven/surefire/surefire-api/3.1.2/surefire-api-3.1.2.jar
[2026-09-03T23:53:33.032Z] [INFO] Downloading from central: https://repo.maven.apache.org/maven2/org/apache/maven/surefire/surefire-logger-api/3.1.2/surefire-logger-api-3.1.2.jar
[2026-09-03T23:53:33.032Z] [INFO] Downloading from central: https://repo.maven.apache.org/maven2/org/apache/maven/surefire/surefire-booter/3.1.2/surefire-booter-3.1.2.jar
[2026-09-03T23:53:33.032Z] [INFO] Downloading from central: https://repo.maven.apache.org/maven2/org/apache/maven/surefire/surefire-extensions-api/3.1.2/surefire-extensions-api-3.1.2.jar
[2026-09-03T23:53:33.032Z] [INFO] Downloading from central: https://repo.maven.apache.org/maven2/org/apache/maven/surefire/surefire-extensions-spi/3.1.2/surefire-extensions-spi-3.1.2.jar
[2026-09-03T23:53:33.032Z] [INFO] Downloaded from central: https://repo.maven.apache.org/maven2/org/apache/maven/surefire/surefire-logger-api/3.1.2/surefire-logger-api-3.1.2.jar (14 kB at 295 kB/s)
[2026-09-03T23:53:33.032Z] [INFO] Downloaded from central: https://repo.maven.apache.org/maven2/org/apache/maven/surefire/surefire-extensions-api/3.1.2/surefire-extensions-api-3.1.2.jar (26 kB at 562 kB/s)
[2026-09-03T23:53:33.032Z] [INFO] Downloading from central: https://repo.maven.apache.org/maven2/org/eclipse/aether/aether-util/1.0.0.v20140518/aether-util-1.0.0.v20140518.jar
[2026-09-03T23:53:33.032Z] [INFO] Downloading from central: https://repo.maven.apache.org/maven2/org/eclipse/aether/aether-api/1.0.0.v20140518/aether-api-1.0.0.v20140518.jar
[2026-09-03T23:53:33.032Z] [INFO] Downloaded from central: https://repo.maven.apache.org/maven2/org/apache/maven/surefire/surefire-extensions-spi/3.1.2/surefire-extensions-spi-3.1.2.jar (8.2 kB at 178 kB/s)
[2026-09-03T23:53:33.032Z] [INFO] Downloading from central: https://repo.maven.apache.org/maven2/org/apache/maven/shared/maven-common-artifact-filters/3.1.1/maven-common-artifact-filters-3.1.1.jar
[2026-09-03T23:53:33.032Z] [INFO] Downloaded from central: https://repo.maven.apache.org/maven2/org/apache/maven/surefire/surefire-booter/3.1.2/surefire-booter-3.1.2.jar (118 kB at 2.0 MB/s)
[2026-09-03T23:53:33.032Z] [INFO] Downloading from central: https://repo.maven.apache.org/maven2/commons-io/commons-io/2.12.0/commons-io-2.12.0.jar
[2026-09-03T23:53:33.032Z] [INFO] Downloaded from central: https://repo.maven.apache.org/maven2/org/apache/maven/shared/maven-common-artifact-filters/3.1.1/maven-common-artifact-filters-3.1.1.jar (61 kB at 621 kB/s)
[2026-09-03T23:53:33.032Z] [INFO] Downloading from central: https://repo.maven.apache.org/maven2/org/apache/maven/surefire/surefire-shared-utils/3.1.2/surefire-shared-utils-3.1.2.jar
[2026-09-03T23:53:33.032Z] [INFO] Downloaded from central: https://repo.maven.apache.org/maven2/org/eclipse/aether/aether-api/1.0.0.v20140518/aether-api-1.0.0.v20140518.jar (136 kB at 1.4 MB/s)
[2026-09-03T23:53:33.032Z] [INFO] Downloaded from central: https://repo.maven.apache.org/maven2/org/eclipse/aether/aether-util/1.0.0.v20140518/aether-util-1.0.0.v20140518.jar (146 kB at 1.4 MB/s)
[2026-09-03T23:53:33.032Z] [INFO] Downloaded from central: https://repo.maven.apache.org/maven2/commons-io/commons-io/2.12.0/commons-io-2.12.0.jar (474 kB at 4.1 MB/s)
[2026-09-03T23:53:33.283Z] [INFO] Downloaded from central: https://repo.maven.apache.org/maven2/org/apache/maven/surefire/surefire-api/3.1.2/surefire-api-3.1.2.jar (171 kB at 1.2 MB/s)
[2026-09-03T23:53:33.283Z] [INFO] Downloaded from central: https://repo.maven.apache.org/maven2/org/apache/maven/surefire/surefire-shared-utils/3.1.2/surefire-shared-utils-3.1.2.jar (2.3 MB at 11 MB/s)
[2026-09-03T23:53:33.533Z] [INFO] Tests are skipped.
[2026-09-03T23:53:33.533Z] [INFO] 
[2026-09-03T23:53:33.533Z] [INFO] --- jar:3.3.0:jar (default-jar) @ order-service ---
[2026-09-03T23:53:33.533Z] [INFO] Downloading from central: https://repo.maven.apache.org/maven2/org/apache/maven/maven-parent/36/maven-parent-36.pom
[2026-09-03T23:53:33.533Z] [INFO] Downloaded from central: https://repo.maven.apache.org/maven2/org/apache/maven/maven-parent/36/maven-parent-36.pom (45 kB at 1.1 MB/s)
[2026-09-03T23:53:33.533Z] [INFO] Downloading from central: https://repo.maven.apache.org/maven2/org/apache/apache/26/apache-26.pom
[2026-09-03T23:53:33.533Z] [INFO] Downloaded from central: https://repo.maven.apache.org/maven2/org/apache/apache/26/apache-26.pom (21 kB at 456 kB/s)
[2026-09-03T23:53:33.533Z] [INFO] Downloading from central: https://repo.maven.apache.org/maven2/org/codehaus/plexus/plexus-utils/3.3.0/plexus-utils-3.3.0.pom
[2026-09-03T23:53:33.533Z] [INFO] Downloaded from central: https://repo.maven.apache.org/maven2/org/codehaus/plexus/plexus-utils/3.3.0/plexus-utils-3.3.0.pom (5.2 kB at 133 kB/s)
[2026-09-03T23:53:33.533Z] [INFO] Downloading from central: https://repo.maven.apache.org/maven2/org/apache/maven/maven-archiver/3.6.0/maven-archiver-3.6.0.pom
[2026-09-03T23:53:33.784Z] [INFO] Downloaded from central: https://repo.maven.apache.org/maven2/org/apache/maven/maven-archiver/3.6.0/maven-archiver-3.6.0.pom (3.9 kB at 89 kB/s)
[2026-09-03T23:53:33.784Z] [INFO] Downloading from central: https://repo.maven.apache.org/maven2/org/codehaus/plexus/plexus-io/3.4.0/plexus-io-3.4.0.pom
[2026-09-03T23:53:33.784Z] [INFO] Downloaded from central: https://repo.maven.apache.org/maven2/org/codehaus/plexus/plexus-io/3.4.0/plexus-io-3.4.0.pom (6.0 kB at 172 kB/s)
[2026-09-03T23:53:33.784Z] [INFO] Downloading from central: https://repo.maven.apache.org/maven2/org/codehaus/plexus/plexus-archiver/4.4.0/plexus-archiver-4.4.0.pom
[2026-09-03T23:53:33.784Z] [INFO] Downloaded from central: https://repo.maven.apache.org/maven2/org/codehaus/plexus/plexus-archiver/4.4.0/plexus-archiver-4.4.0.pom (6.3 kB at 179 kB/s)
[2026-09-03T23:53:33.784Z] [INFO] Downloading from central: https://repo.maven.apache.org/maven2/org/apache/commons/commons-compress/1.21/commons-compress-1.21.pom
[2026-09-03T23:53:33.784Z] [INFO] Downloaded from central: https://repo.maven.apache.org/maven2/org/apache/commons/commons-compress/1.21/commons-compress-1.21.pom (20 kB at 505 kB/s)
[2026-09-03T23:53:33.784Z] [INFO] Downloading from central: https://repo.maven.apache.org/maven2/org/iq80/snappy/snappy/0.4/snappy-0.4.pom
[2026-09-03T23:53:33.784Z] [INFO] Downloaded from central: https://repo.maven.apache.org/maven2/org/iq80/snappy/snappy/0.4/snappy-0.4.pom (15 kB at 280 kB/s)
[2026-09-03T23:53:33.784Z] [INFO] Downloading from central: https://repo.maven.apache.org/maven2/org/tukaani/xz/1.9/xz-1.9.pom
[2026-09-03T23:53:34.035Z] [INFO] Downloaded from central: https://repo.maven.apache.org/maven2/org/tukaani/xz/1.9/xz-1.9.pom (2.0 kB at 42 kB/s)
[2026-09-03T23:53:34.035Z] [INFO] Downloading from central: https://repo.maven.apache.org/maven2/org/codehaus/plexus/plexus-utils/3.4.2/plexus-utils-3.4.2.pom
[2026-09-03T23:53:34.035Z] [INFO] Downloaded from central: https://repo.maven.apache.org/maven2/org/codehaus/plexus/plexus-utils/3.4.2/plexus-utils-3.4.2.pom (8.2 kB at 242 kB/s)
[2026-09-03T23:53:34.035Z] [INFO] Downloading from central: https://repo.maven.apache.org/maven2/org/codehaus/plexus/plexus/8/plexus-8.pom
[2026-09-03T23:53:34.035Z] [INFO] Downloaded from central: https://repo.maven.apache.org/maven2/org/codehaus/plexus/plexus/8/plexus-8.pom (25 kB at 707 kB/s)
[2026-09-03T23:53:34.035Z] [INFO] Downloading from central: https://repo.maven.apache.org/maven2/org/apache/maven/shared/file-management/3.1.0/file-management-3.1.0.jar
[2026-09-03T23:53:34.035Z] [INFO] Downloaded from central: https://repo.maven.apache.org/maven2/org/apache/maven/shared/file-management/3.1.0/file-management-3.1.0.jar (36 kB at 826 kB/s)
[2026-09-03T23:53:34.035Z] [INFO] Downloading from central: https://repo.maven.apache.org/maven2/org/apache/maven/maven-archiver/3.6.0/maven-archiver-3.6.0.jar
[2026-09-03T23:53:34.035Z] [INFO] Downloading from central: https://repo.maven.apache.org/maven2/org/codehaus/plexus/plexus-io/3.4.0/plexus-io-3.4.0.jar
[2026-09-03T23:53:34.035Z] [INFO] Downloading from central: https://repo.maven.apache.org/maven2/org/codehaus/plexus/plexus-archiver/4.4.0/plexus-archiver-4.4.0.jar
[2026-09-03T23:53:34.035Z] [INFO] Downloading from central: https://repo.maven.apache.org/maven2/org/apache/commons/commons-compress/1.21/commons-compress-1.21.jar
[2026-09-03T23:53:34.035Z] [INFO] Downloading from central: https://repo.maven.apache.org/maven2/org/iq80/snappy/snappy/0.4/snappy-0.4.jar
[2026-09-03T23:53:34.035Z] [INFO] Downloaded from central: https://repo.maven.apache.org/maven2/org/apache/maven/maven-archiver/3.6.0/maven-archiver-3.6.0.jar (26 kB at 610 kB/s)
[2026-09-03T23:53:34.035Z] [INFO] Downloading from central: https://repo.maven.apache.org/maven2/org/tukaani/xz/1.9/xz-1.9.jar
[2026-09-03T23:53:34.289Z] [INFO] Downloaded from central: https://repo.maven.apache.org/maven2/org/codehaus/plexus/plexus-archiver/4.4.0/plexus-archiver-4.4.0.jar (211 kB at 3.5 MB/s)
[2026-09-03T23:53:34.289Z] [INFO] Downloading from central: https://repo.maven.apache.org/maven2/org/codehaus/plexus/plexus-utils/3.4.2/plexus-utils-3.4.2.jar
[2026-09-03T23:53:34.289Z] [INFO] Downloaded from central: https://repo.maven.apache.org/maven2/org/iq80/snappy/snappy/0.4/snappy-0.4.jar (58 kB at 920 kB/s)
[2026-09-03T23:53:34.289Z] [INFO] Downloaded from central: https://repo.maven.apache.org/maven2/org/codehaus/plexus/plexus-io/3.4.0/plexus-io-3.4.0.jar (79 kB at 1.0 MB/s)
[2026-09-03T23:53:34.289Z] [INFO] Downloaded from central: https://repo.maven.apache.org/maven2/org/apache/commons/commons-compress/1.21/commons-compress-1.21.jar (1.0 MB at 12 MB/s)
[2026-09-03T23:53:34.289Z] [INFO] Downloaded from central: https://repo.maven.apache.org/maven2/org/tukaani/xz/1.9/xz-1.9.jar (116 kB at 1.5 MB/s)
[2026-09-03T23:53:34.289Z] [INFO] Downloaded from central: https://repo.maven.apache.org/maven2/org/codehaus/plexus/plexus-utils/3.4.2/plexus-utils-3.4.2.jar (267 kB at 2.5 MB/s)
[2026-09-03T23:53:34.842Z] [INFO] Building jar: /var/jenkins_home/workspace/order-service_main/target/order-service.jar
[2026-09-03T23:53:34.842Z] [INFO] 
[2026-09-03T23:53:34.842Z] [INFO] --- spring-boot:3.2.5:repackage (repackage) @ order-service ---
[2026-09-03T23:53:34.842Z] [INFO] Downloading from central: https://repo.maven.apache.org/maven2/org/springframework/boot/spring-boot-buildpack-platform/3.2.5/spring-boot-buildpack-platform-3.2.5.pom
[2026-09-03T23:53:34.842Z] [INFO] Downloaded from central: https://repo.maven.apache.org/maven2/org/springframework/boot/spring-boot-buildpack-platform/3.2.5/spring-boot-buildpack-platform-3.2.5.pom (3.2 kB at 58 kB/s)
[2026-09-03T23:53:34.842Z] [INFO] Downloading from central: https://repo.maven.apache.org/maven2/com/fasterxml/jackson/core/jackson-databind/2.14.2/jackson-databind-2.14.2.pom
[2026-09-03T23:53:35.093Z] [INFO] Downloaded from central: https://repo.maven.apache.org/maven2/com/fasterxml/jackson/core/jackson-databind/2.14.2/jackson-databind-2.14.2.pom (19 kB at 557 kB/s)
[2026-09-03T23:53:35.093Z] [INFO] Downloading from central: https://repo.maven.apache.org/maven2/com/fasterxml/jackson/jackson-base/2.14.2/jackson-base-2.14.2.pom
[2026-09-03T23:53:35.093Z] [INFO] Downloaded from central: https://repo.maven.apache.org/maven2/com/fasterxml/jackson/jackson-base/2.14.2/jackson-base-2.14.2.pom (10 kB at 320 kB/s)
[2026-09-03T23:53:35.093Z] [INFO] Downloading from central: https://repo.maven.apache.org/maven2/com/fasterxml/jackson/jackson-bom/2.14.2/jackson-bom-2.14.2.pom
[2026-09-03T23:53:35.093Z] [INFO] Downloaded from central: https://repo.maven.apache.org/maven2/com/fasterxml/jackson/jackson-bom/2.14.2/jackson-bom-2.14.2.pom (17 kB at 583 kB/s)
[2026-09-03T23:53:35.093Z] [INFO] Downloading from central: https://repo.maven.apache.org/maven2/com/fasterxml/jackson/jackson-parent/2.14/jackson-parent-2.14.pom
[2026-09-03T23:53:35.093Z] [INFO] Downloaded from central: https://repo.maven.apache.org/maven2/com/fasterxml/jackson/jackson-parent/2.14/jackson-parent-2.14.pom (7.7 kB at 207 kB/s)
[2026-09-03T23:53:35.093Z] [INFO] Downloading from central: https://repo.maven.apache.org/maven2/com/fasterxml/oss-parent/48/oss-parent-48.pom
[2026-09-03T23:53:35.093Z] [INFO] Downloaded from central: https://repo.maven.apache.org/maven2/com/fasterxml/oss-parent/48/oss-parent-48.pom (24 kB at 660 kB/s)
[2026-09-03T23:53:35.093Z] [INFO] Downloading from central: https://repo.maven.apache.org/maven2/com/fasterxml/jackson/core/jackson-annotations/2.14.2/jackson-annotations-2.14.2.pom
[2026-09-03T23:53:35.093Z] [INFO] Downloaded from central: https://repo.maven.apache.org/maven2/com/fasterxml/jackson/core/jackson-annotations/2.14.2/jackson-annotations-2.14.2.pom (6.2 kB at 168 kB/s)
[2026-09-03T23:53:35.344Z] [INFO] Downloading from central: https://repo.maven.apache.org/maven2/com/fasterxml/jackson/core/jackson-core/2.14.2/jackson-core-2.14.2.pom
[2026-09-03T23:53:35.344Z] [INFO] Downloaded from central: https://repo.maven.apache.org/maven2/com/fasterxml/jackson/core/jackson-core/2.14.2/jackson-core-2.14.2.pom (7.0 kB at 130 kB/s)
[2026-09-03T23:53:35.344Z] [INFO] Downloading from central: https://repo.maven.apache.org/maven2/com/fasterxml/jackson/module/jackson-module-parameter-names/2.14.2/jackson-module-parameter-names-2.14.2.pom
[2026-09-03T23:53:35.344Z] [INFO] Downloaded from central: https://repo.maven.apache.org/maven2/com/fasterxml/jackson/module/jackson-module-parameter-names/2.14.2/jackson-module-parameter-names-2.14.2.pom (4.4 kB at 93 kB/s)
[2026-09-03T23:53:35.344Z] [INFO] Downloading from central: https://repo.maven.apache.org/maven2/com/fasterxml/jackson/module/jackson-modules-java8/2.14.2/jackson-modules-java8-2.14.2.pom
[2026-09-03T23:53:35.344Z] [INFO] Downloaded from central: https://repo.maven.apache.org/maven2/com/fasterxml/jackson/module/jackson-modules-java8/2.14.2/jackson-modules-java8-2.14.2.pom (3.1 kB at 67 kB/s)
[2026-09-03T23:53:35.344Z] [INFO] Downloading from central: https://repo.maven.apache.org/maven2/net/java/dev/jna/jna-platform/5.13.0/jna-platform-5.13.0.pom
[2026-09-03T23:53:35.344Z] [INFO] Downloaded from central: https://repo.maven.apache.org/maven2/net/java/dev/jna/jna-platform/5.13.0/jna-platform-5.13.0.pom (2.3 kB at 51 kB/s)
[2026-09-03T23:53:35.594Z] [INFO] Downloading from central: https://repo.maven.apache.org/maven2/net/java/dev/jna/jna/5.13.0/jna-5.13.0.pom
[2026-09-03T23:53:35.594Z] [INFO] Downloaded from central: https://repo.maven.apache.org/maven2/net/java/dev/jna/jna/5.13.0/jna-5.13.0.pom (2.0 kB at 50 kB/s)
[2026-09-03T23:53:35.594Z] [INFO] Downloading from central: https://repo.maven.apache.org/maven2/org/apache/httpcomponents/client5/httpclient5/5.2.3/httpclient5-5.2.3.pom
[2026-09-03T23:53:35.594Z] [INFO] Downloaded from central: https://repo.maven.apache.org/maven2/org/apache/httpcomponents/client5/httpclient5/5.2.3/httpclient5-5.2.3.pom (6.0 kB at 139 kB/s)
[2026-09-03T23:53:35.594Z] [INFO] Downloading from central: https://repo.maven.apache.org/maven2/org/apache/httpcomponents/client5/httpclient5-parent/5.2.3/httpclient5-parent-5.2.3.pom
[2026-09-03T23:53:35.594Z] [INFO] Downloaded from central: https://repo.maven.apache.org/maven2/org/apache/httpcomponents/client5/httpclient5-parent/5.2.3/httpclient5-parent-5.2.3.pom (17 kB at 470 kB/s)
[2026-09-03T23:53:35.594Z] [INFO] Downloading from central: https://repo.maven.apache.org/maven2/org/apache/httpcomponents/httpcomponents-parent/13/httpcomponents-parent-13.pom
[2026-09-03T23:53:35.594Z] [INFO] Downloaded from central: https://repo.maven.apache.org/maven2/org/apache/httpcomponents/httpcomponents-parent/13/httpcomponents-parent-13.pom (30 kB at 863 kB/s)
[2026-09-03T23:53:35.594Z] [INFO] Downloading from central: https://repo.maven.apache.org/maven2/org/junit/junit-bom/5.9.3/junit-bom-5.9.3.pom
[2026-09-03T23:53:35.594Z] [INFO] Downloaded from central: https://repo.maven.apache.org/maven2/org/junit/junit-bom/5.9.3/junit-bom-5.9.3.pom (5.6 kB at 171 kB/s)
[2026-09-03T23:53:35.594Z] [INFO] Downloading from central: https://repo.maven.apache.org/maven2/org/apache/httpcomponents/core5/httpcore5/5.2.4/httpcore5-5.2.4.pom
[2026-09-03T23:53:35.845Z] [INFO] Downloaded from central: https://repo.maven.apache.org/maven2/org/apache/httpcomponents/core5/httpcore5/5.2.4/httpcore5-5.2.4.pom (3.9 kB at 110 kB/s)
[2026-09-03T23:53:35.845Z] [INFO] Downloading from central: https://repo.maven.apache.org/maven2/org/apache/httpcomponents/core5/httpcore5-parent/5.2.4/httpcore5-parent-5.2.4.pom
[2026-09-03T23:53:35.845Z] [INFO] Downloaded from central: https://repo.maven.apache.org/maven2/org/apache/httpcomponents/core5/httpcore5-parent/5.2.4/httpcore5-parent-5.2.4.pom (14 kB at 416 kB/s)
[2026-09-03T23:53:35.845Z] [INFO] Downloading from central: https://repo.maven.apache.org/maven2/org/apache/httpcomponents/core5/httpcore5-h2/5.2.4/httpcore5-h2-5.2.4.pom
[2026-09-03T23:53:35.845Z] [INFO] Downloaded from central: https://repo.maven.apache.org/maven2/org/apache/httpcomponents/core5/httpcore5-h2/5.2.4/httpcore5-h2-5.2.4.pom (3.6 kB at 103 kB/s)
[2026-09-03T23:53:35.845Z] [INFO] Downloading from central: https://repo.maven.apache.org/maven2/org/springframework/spring-core/6.0.10/spring-core-6.0.10.pom
[2026-09-03T23:53:35.845Z] [INFO] Downloaded from central: https://repo.maven.apache.org/maven2/org/springframework/spring-core/6.0.10/spring-core-6.0.10.pom (2.0 kB at 58 kB/s)
[2026-09-03T23:53:35.845Z] [INFO] Downloading from central: https://repo.maven.apache.org/maven2/org/springframework/spring-jcl/6.0.10/spring-jcl-6.0.10.pom
[2026-09-03T23:53:35.845Z] [INFO] Downloaded from central: https://repo.maven.apache.org/maven2/org/springframework/spring-jcl/6.0.10/spring-jcl-6.0.10.pom (1.8 kB at 51 kB/s)
[2026-09-03T23:53:35.845Z] [INFO] Downloading from central: https://repo.maven.apache.org/maven2/org/tomlj/tomlj/1.0.0/tomlj-1.0.0.pom
[2026-09-03T23:53:35.845Z] [INFO] Downloaded from central: https://repo.maven.apache.org/maven2/org/tomlj/tomlj/1.0.0/tomlj-1.0.0.pom (2.8 kB at 83 kB/s)
[2026-09-03T23:53:35.845Z] [INFO] Downloading from central: https://repo.maven.apache.org/maven2/org/antlr/antlr4-runtime/4.7.2/antlr4-runtime-4.7.2.pom
[2026-09-03T23:53:36.100Z] [INFO] Downloaded from central: https://repo.maven.apache.org/maven2/org/antlr/antlr4-runtime/4.7.2/antlr4-runtime-4.7.2.pom (3.6 kB at 57 kB/s)
[2026-09-03T23:53:36.100Z] [INFO] Downloading from central: https://repo.maven.apache.org/maven2/org/antlr/antlr4-master/4.7.2/antlr4-master-4.7.2.pom
[2026-09-03T23:53:36.100Z] [INFO] Downloaded from central: https://repo.maven.apache.org/maven2/org/antlr/antlr4-master/4.7.2/antlr4-master-4.7.2.pom (4.4 kB at 142 kB/s)
[2026-09-03T23:53:36.100Z] [INFO] Downloading from central: https://repo.maven.apache.org/maven2/com/google/code/findbugs/jsr305/3.0.2/jsr305-3.0.2.pom
[2026-09-03T23:53:36.100Z] [INFO] Downloaded from central: https://repo.maven.apache.org/maven2/com/google/code/findbugs/jsr305/3.0.2/jsr305-3.0.2.pom (4.3 kB at 130 kB/s)
[2026-09-03T23:53:36.100Z] [INFO] Downloading from central: https://repo.maven.apache.org/maven2/org/springframework/boot/spring-boot-loader-tools/3.2.5/spring-boot-loader-tools-3.2.5.pom
[2026-09-03T23:53:36.100Z] [INFO] Downloaded from central: https://repo.maven.apache.org/maven2/org/springframework/boot/spring-boot-loader-tools/3.2.5/spring-boot-loader-tools-3.2.5.pom (2.2 kB at 64 kB/s)
[2026-09-03T23:53:36.100Z] [INFO] Downloading from central: https://repo.maven.apache.org/maven2/org/apache/maven/shared/maven-common-artifact-filters/3.3.2/maven-common-artifact-filters-3.3.2.pom
[2026-09-03T23:53:36.100Z] [INFO] Downloaded from central: https://repo.maven.apache.org/maven2/org/apache/maven/shared/maven-common-artifact-filters/3.3.2/maven-common-artifact-filters-3.3.2.pom (5.3 kB at 165 kB/s)
[2026-09-03T23:53:36.100Z] [INFO] Downloading from central: https://repo.maven.apache.org/maven2/org/apache/maven/shared/maven-shared-components/37/maven-shared-components-37.pom
[2026-09-03T23:53:36.100Z] [INFO] Downloaded from central: https://repo.maven.apache.org/maven2/org/apache/maven/shared/maven-shared-components/37/maven-shared-components-37.pom (4.9 kB at 148 kB/s)
[2026-09-03T23:53:36.350Z] [INFO] Downloading from central: https://repo.maven.apache.org/maven2/org/codehaus/plexus/plexus-utils/1.5.8/plexus-utils-1.5.8.pom
[2026-09-03T23:53:36.350Z] [INFO] Downloaded from central: https://repo.maven.apache.org/maven2/org/codehaus/plexus/plexus-utils/1.5.8/plexus-utils-1.5.8.pom (8.1 kB at 175 kB/s)
[2026-09-03T23:53:36.350Z] [INFO] Downloading from central: https://repo.maven.apache.org/maven2/org/codehaus/plexus/plexus/2.0.2/plexus-2.0.2.pom
[2026-09-03T23:53:36.350Z] [INFO] Downloaded from central: https://repo.maven.apache.org/maven2/org/codehaus/plexus/plexus/2.0.2/plexus-2.0.2.pom (12 kB at 306 kB/s)
[2026-09-03T23:53:36.350Z] [INFO] Downloading from central: https://repo.maven.apache.org/maven2/org/apache/maven/plugins/maven-shade-plugin/3.5.0/maven-shade-plugin-3.5.0.pom
[2026-09-03T23:53:36.350Z] [INFO] Downloaded from central: https://repo.maven.apache.org/maven2/org/apache/maven/plugins/maven-shade-plugin/3.5.0/maven-shade-plugin-3.5.0.pom (12 kB at 319 kB/s)
[2026-09-03T23:53:36.350Z] [INFO] Downloading from central: https://repo.maven.apache.org/maven2/org/slf4j/slf4j-api/1.7.32/slf4j-api-1.7.32.pom
[2026-09-03T23:53:36.350Z] [INFO] Downloaded from central: https://repo.maven.apache.org/maven2/org/slf4j/slf4j-api/1.7.32/slf4j-api-1.7.32.pom (3.8 kB at 89 kB/s)
[2026-09-03T23:53:36.351Z] [INFO] Downloading from central: https://repo.maven.apache.org/maven2/org/slf4j/slf4j-parent/1.7.32/slf4j-parent-1.7.32.pom
[2026-09-03T23:53:36.601Z] [INFO] Downloaded from central: https://repo.maven.apache.org/maven2/org/slf4j/slf4j-parent/1.7.32/slf4j-parent-1.7.32.pom (14 kB at 247 kB/s)
[2026-09-03T23:53:36.601Z] [INFO] Downloading from central: https://repo.maven.apache.org/maven2/org/ow2/asm/asm/9.5/asm-9.5.pom
[2026-09-03T23:53:36.601Z] [INFO] Downloaded from central: https://repo.maven.apache.org/maven2/org/ow2/asm/asm/9.5/asm-9.5.pom (2.4 kB at 36 kB/s)
[2026-09-03T23:53:36.601Z] [INFO] Downloading from central: https://repo.maven.apache.org/maven2/org/ow2/asm/asm-commons/9.5/asm-commons-9.5.pom
[2026-09-03T23:53:36.601Z] [INFO] Downloaded from central: https://repo.maven.apache.org/maven2/org/ow2/asm/asm-commons/9.5/asm-commons-9.5.pom (2.8 kB at 70 kB/s)
[2026-09-03T23:53:36.601Z] [INFO] Downloading from central: https://repo.maven.apache.org/maven2/org/ow2/asm/asm-tree/9.5/asm-tree-9.5.pom
[2026-09-03T23:53:36.601Z] [INFO] Downloaded from central: https://repo.maven.apache.org/maven2/org/ow2/asm/asm-tree/9.5/asm-tree-9.5.pom (2.6 kB at 45 kB/s)
[2026-09-03T23:53:36.601Z] [INFO] Downloading from central: https://repo.maven.apache.org/maven2/org/jdom/jdom2/2.0.6.1/jdom2-2.0.6.1.pom
[2026-09-03T23:53:36.852Z] [INFO] Downloaded from central: https://repo.maven.apache.org/maven2/org/jdom/jdom2/2.0.6.1/jdom2-2.0.6.1.pom (4.6 kB at 73 kB/s)
[2026-09-03T23:53:36.852Z] [INFO] Downloading from central: https://repo.maven.apache.org/maven2/org/apache/maven/shared/maven-dependency-tree/3.2.1/maven-dependency-tree-3.2.1.pom
[2026-09-03T23:53:36.852Z] [INFO] Downloaded from central: https://repo.maven.apache.org/maven2/org/apache/maven/shared/maven-dependency-tree/3.2.1/maven-dependency-tree-3.2.1.pom (6.2 kB at 136 kB/s)
[2026-09-03T23:53:36.852Z] [INFO] Downloading from central: https://repo.maven.apache.org/maven2/commons-io/commons-io/2.13.0/commons-io-2.13.0.pom
[2026-09-03T23:53:36.852Z] [INFO] Downloaded from central: https://repo.maven.apache.org/maven2/commons-io/commons-io/2.13.0/commons-io-2.13.0.pom (20 kB at 521 kB/s)
[2026-09-03T23:53:36.852Z] [INFO] Downloading from central: https://repo.maven.apache.org/maven2/org/apache/commons/commons-parent/58/commons-parent-58.pom
[2026-09-03T23:53:36.852Z] [INFO] Downloaded from central: https://repo.maven.apache.org/maven2/org/apache/commons/commons-parent/58/commons-parent-58.pom (83 kB at 2.0 MB/s)
[2026-09-03T23:53:36.852Z] [INFO] Downloading from central: https://repo.maven.apache.org/maven2/org/vafer/jdependency/2.8.0/jdependency-2.8.0.pom
[2026-09-03T23:53:36.852Z] [INFO] Downloaded from central: https://repo.maven.apache.org/maven2/org/vafer/jdependency/2.8.0/jdependency-2.8.0.pom (14 kB at 331 kB/s)
[2026-09-03T23:53:36.852Z] [INFO] Downloading from central: https://repo.maven.apache.org/maven2/org/apache/commons/commons-collections4/4.4/commons-collections4-4.4.pom
[2026-09-03T23:53:37.103Z] [INFO] Downloaded from central: https://repo.maven.apache.org/maven2/org/apache/commons/commons-collections4/4.4/commons-collections4-4.4.pom (24 kB at 643 kB/s)
[2026-09-03T23:53:37.103Z] [INFO] Downloading from central: https://repo.maven.apache.org/maven2/org/apache/commons/commons-parent/48/commons-parent-48.pom
[2026-09-03T23:53:37.103Z] [INFO] Downloaded from central: https://repo.maven.apache.org/maven2/org/apache/commons/commons-parent/48/commons-parent-48.pom (72 kB at 1.8 MB/s)
[2026-09-03T23:53:37.103Z] [INFO] Downloading from central: https://repo.maven.apache.org/maven2/org/apache/apache/21/apache-21.pom
[2026-09-03T23:53:37.103Z] [INFO] Downloaded from central: https://repo.maven.apache.org/maven2/org/apache/apache/21/apache-21.pom (17 kB at 398 kB/s)
[2026-09-03T23:53:37.103Z] [INFO] Downloading from central: https://repo.maven.apache.org/maven2/org/springframework/boot/spring-boot-buildpack-platform/3.2.5/spring-boot-buildpack-platform-3.2.5.jar
[2026-09-03T23:53:37.103Z] [INFO] Downloaded from central: https://repo.maven.apache.org/maven2/org/springframework/boot/spring-boot-buildpack-platform/3.2.5/spring-boot-buildpack-platform-3.2.5.jar (272 kB at 5.4 MB/s)
[2026-09-03T23:53:37.103Z] [INFO] Downloading from central: https://repo.maven.apache.org/maven2/com/fasterxml/jackson/core/jackson-annotations/2.14.2/jackson-annotations-2.14.2.jar
[2026-09-03T23:53:37.103Z] [INFO] Downloading from central: https://repo.maven.apache.org/maven2/com/fasterxml/jackson/core/jackson-core/2.14.2/jackson-core-2.14.2.jar
[2026-09-03T23:53:37.103Z] [INFO] Downloading from central: https://repo.maven.apache.org/maven2/com/fasterxml/jackson/module/jackson-module-parameter-names/2.14.2/jackson-module-parameter-names-2.14.2.jar
[2026-09-03T23:53:37.103Z] [INFO] Downloading from central: https://repo.maven.apache.org/maven2/net/java/dev/jna/jna-platform/5.13.0/jna-platform-5.13.0.jar
[2026-09-03T23:53:37.103Z] [INFO] Downloading from central: https://repo.maven.apache.org/maven2/com/fasterxml/jackson/core/jackson-databind/2.14.2/jackson-databind-2.14.2.jar
[2026-09-03T23:53:37.103Z] [INFO] Downloaded from central: https://repo.maven.apache.org/maven2/com/fasterxml/jackson/core/jackson-annotations/2.14.2/jackson-annotations-2.14.2.jar (77 kB at 1.4 MB/s)
[2026-09-03T23:53:37.103Z] [INFO] Downloading from central: https://repo.maven.apache.org/maven2/net/java/dev/jna/jna/5.13.0/jna-5.13.0.jar
[2026-09-03T23:53:37.354Z] [INFO] Downloaded from central: https://repo.maven.apache.org/maven2/com/fasterxml/jackson/module/jackson-module-parameter-names/2.14.2/jackson-module-parameter-names-2.14.2.jar (9.5 kB at 175 kB/s)
[2026-09-03T23:53:37.354Z] [INFO] Downloading from central: https://repo.maven.apache.org/maven2/org/apache/httpcomponents/client5/httpclient5/5.2.3/httpclient5-5.2.3.jar
[2026-09-03T23:53:37.354Z] [INFO] Downloaded from central: https://repo.maven.apache.org/maven2/com/fasterxml/jackson/core/jackson-core/2.14.2/jackson-core-2.14.2.jar (459 kB at 5.7 MB/s)
[2026-09-03T23:53:37.354Z] [INFO] Downloading from central: https://repo.maven.apache.org/maven2/org/apache/httpcomponents/core5/httpcore5/5.2.4/httpcore5-5.2.4.jar
[2026-09-03T23:53:37.354Z] [INFO] Downloaded from central: https://repo.maven.apache.org/maven2/net/java/dev/jna/jna-platform/5.13.0/jna-platform-5.13.0.jar (1.4 MB at 9.0 MB/s)
[2026-09-03T23:53:37.354Z] [INFO] Downloaded from central: https://repo.maven.apache.org/maven2/com/fasterxml/jackson/core/jackson-databind/2.14.2/jackson-databind-2.14.2.jar (1.6 MB at 10.0 MB/s)
[2026-09-03T23:53:37.354Z] [INFO] Downloading from central: https://repo.maven.apache.org/maven2/org/apache/httpcomponents/core5/httpcore5-h2/5.2.4/httpcore5-h2-5.2.4.jar
[2026-09-03T23:53:37.354Z] [INFO] Downloading from central: https://repo.maven.apache.org/maven2/org/tomlj/tomlj/1.0.0/tomlj-1.0.0.jar
[2026-09-03T23:53:37.354Z] [INFO] Downloaded from central: https://repo.maven.apache.org/maven2/org/tomlj/tomlj/1.0.0/tomlj-1.0.0.jar (157 kB at 786 kB/s)
[2026-09-03T23:53:37.354Z] [INFO] Downloading from central: https://repo.maven.apache.org/maven2/org/antlr/antlr4-runtime/4.7.2/antlr4-runtime-4.7.2.jar
[2026-09-03T23:53:37.354Z] [INFO] Downloaded from central: https://repo.maven.apache.org/maven2/org/apache/httpcomponents/client5/httpclient5/5.2.3/httpclient5-5.2.3.jar (843 kB at 3.7 MB/s)
[2026-09-03T23:53:37.354Z] [INFO] Downloading from central: https://repo.maven.apache.org/maven2/com/google/code/findbugs/jsr305/3.0.2/jsr305-3.0.2.jar
[2026-09-03T23:53:37.354Z] [INFO] Downloaded from central: https://repo.maven.apache.org/maven2/org/apache/httpcomponents/core5/httpcore5-h2/5.2.4/httpcore5-h2-5.2.4.jar (237 kB at 1.0 MB/s)
[2026-09-03T23:53:37.354Z] [INFO] Downloading from central: https://repo.maven.apache.org/maven2/org/springframework/boot/spring-boot-loader-tools/3.2.5/spring-boot-loader-tools-3.2.5.jar
[2026-09-03T23:53:37.354Z] [INFO] Downloaded from central: https://repo.maven.apache.org/maven2/org/apache/httpcomponents/core5/httpcore5/5.2.4/httpcore5-5.2.4.jar (855 kB at 3.4 MB/s)
[2026-09-03T23:53:37.354Z] [INFO] Downloading from central: https://repo.maven.apache.org/maven2/org/apache/maven/shared/maven-common-artifact-filters/3.3.2/maven-common-artifact-filters-3.3.2.jar
[2026-09-03T23:53:37.354Z] [INFO] Downloaded from central: https://repo.maven.apache.org/maven2/org/antlr/antlr4-runtime/4.7.2/antlr4-runtime-4.7.2.jar (338 kB at 1.3 MB/s)
[2026-09-03T23:53:37.354Z] [INFO] Downloaded from central: https://repo.maven.apache.org/maven2/com/google/code/findbugs/jsr305/3.0.2/jsr305-3.0.2.jar (20 kB at 76 kB/s)
[2026-09-03T23:53:37.354Z] [INFO] Downloading from central: https://repo.maven.apache.org/maven2/org/codehaus/plexus/plexus-utils/1.5.8/plexus-utils-1.5.8.jar
[2026-09-03T23:53:37.354Z] [INFO] Downloading from central: https://repo.maven.apache.org/maven2/org/apache/maven/plugins/maven-shade-plugin/3.5.0/maven-shade-plugin-3.5.0.jar
[2026-09-03T23:53:37.354Z] [INFO] Downloaded from central: https://repo.maven.apache.org/maven2/org/apache/maven/shared/maven-common-artifact-filters/3.3.2/maven-common-artifact-filters-3.3.2.jar (58 kB at 196 kB/s)
[2026-09-03T23:53:37.606Z] [INFO] Downloading from central: https://repo.maven.apache.org/maven2/org/ow2/asm/asm/9.5/asm-9.5.jar
[2026-09-03T23:53:37.606Z] [INFO] Downloaded from central: https://repo.maven.apache.org/maven2/org/codehaus/plexus/plexus-utils/1.5.8/plexus-utils-1.5.8.jar (268 kB at 783 kB/s)
[2026-09-03T23:53:37.606Z] [INFO] Downloaded from central: https://repo.maven.apache.org/maven2/org/springframework/boot/spring-boot-loader-tools/3.2.5/spring-boot-loader-tools-3.2.5.jar (435 kB at 1.2 MB/s)
[2026-09-03T23:53:37.606Z] [INFO] Downloaded from central: https://repo.maven.apache.org/maven2/org/apache/maven/plugins/maven-shade-plugin/3.5.0/maven-shade-plugin-3.5.0.jar (147 kB at 414 kB/s)
[2026-09-03T23:53:37.606Z] [INFO] Downloading from central: https://repo.maven.apache.org/maven2/org/ow2/asm/asm-commons/9.5/asm-commons-9.5.jar
[2026-09-03T23:53:37.606Z] [INFO] Downloading from central: https://repo.maven.apache.org/maven2/org/ow2/asm/asm-tree/9.5/asm-tree-9.5.jar
[2026-09-03T23:53:37.606Z] [INFO] Downloading from central: https://repo.maven.apache.org/maven2/org/jdom/jdom2/2.0.6.1/jdom2-2.0.6.1.jar
[2026-09-03T23:53:37.606Z] [INFO] Downloaded from central: https://repo.maven.apache.org/maven2/net/java/dev/jna/jna/5.13.0/jna-5.13.0.jar (1.9 MB at 5.0 MB/s)
[2026-09-03T23:53:37.606Z] [INFO] Downloading from central: https://repo.maven.apache.org/maven2/org/apache/maven/shared/maven-dependency-tree/3.2.1/maven-dependency-tree-3.2.1.jar
[2026-09-03T23:53:37.606Z] [INFO] Downloaded from central: https://repo.maven.apache.org/maven2/org/ow2/asm/asm/9.5/asm-9.5.jar (122 kB at 311 kB/s)
[2026-09-03T23:53:37.606Z] [INFO] Downloading from central: https://repo.maven.apache.org/maven2/commons-io/commons-io/2.13.0/commons-io-2.13.0.jar
[2026-09-03T23:53:37.606Z] [INFO] Downloaded from central: https://repo.maven.apache.org/maven2/org/ow2/asm/asm-tree/9.5/asm-tree-9.5.jar (52 kB at 125 kB/s)
[2026-09-03T23:53:37.606Z] [INFO] Downloading from central: https://repo.maven.apache.org/maven2/org/vafer/jdependency/2.8.0/jdependency-2.8.0.jar
[2026-09-03T23:53:37.606Z] [INFO] Downloaded from central: https://repo.maven.apache.org/maven2/org/ow2/asm/asm-commons/9.5/asm-commons-9.5.jar (72 kB at 172 kB/s)
[2026-09-03T23:53:37.606Z] [INFO] Downloading from central: https://repo.maven.apache.org/maven2/org/apache/commons/commons-collections4/4.4/commons-collections4-4.4.jar
[2026-09-03T23:53:37.606Z] [INFO] Downloaded from central: https://repo.maven.apache.org/maven2/org/apache/maven/shared/maven-dependency-tree/3.2.1/maven-dependency-tree-3.2.1.jar (43 kB at 100 kB/s)
[2026-09-03T23:53:37.606Z] [INFO] Downloaded from central: https://repo.maven.apache.org/maven2/org/jdom/jdom2/2.0.6.1/jdom2-2.0.6.1.jar (328 kB at 719 kB/s)
[2026-09-03T23:53:37.606Z] [INFO] Downloaded from central: https://repo.maven.apache.org/maven2/org/vafer/jdependency/2.8.0/jdependency-2.8.0.jar (233 kB at 498 kB/s)
[2026-09-03T23:53:37.857Z] [INFO] Downloaded from central: https://repo.maven.apache.org/maven2/commons-io/commons-io/2.13.0/commons-io-2.13.0.jar (484 kB at 858 kB/s)
[2026-09-03T23:53:37.857Z] [INFO] Downloaded from central: https://repo.maven.apache.org/maven2/org/apache/commons/commons-collections4/4.4/commons-collections4-4.4.jar (752 kB at 1.2 MB/s)
[2026-09-03T23:53:38.768Z] [INFO] Replacing main artifact /var/jenkins_home/workspace/order-service_main/target/order-service.jar with repackaged archive, adding nested dependencies in BOOT-INF/.
[2026-09-03T23:53:38.768Z] [INFO] The original artifact has been renamed to /var/jenkins_home/workspace/order-service_main/target/order-service.jar.original
[2026-09-03T23:53:38.768Z] [INFO] ------------------------------------------------------------------------
[2026-09-03T23:53:38.768Z] [INFO] BUILD SUCCESS
[2026-09-03T23:53:38.768Z] [INFO] ------------------------------------------------------------------------
[2026-09-03T23:53:38.768Z] [INFO] Total time:  28.975 s
[2026-09-03T23:53:38.768Z] [INFO] Finished at: 2026-09-03T23:53:38Z
[2026-09-03T23:53:38.768Z] [INFO] ------------------------------------------------------------------------
[Pipeline] }
[Pipeline] // stage
[Pipeline] stage
[Pipeline] { (Test)
[Pipeline] sh
[2026-09-03T23:53:39.214Z] + mvn -B test
[2026-09-03T23:53:44.427Z] [INFO] Scanning for projects...
[2026-09-03T23:53:44.427Z] [INFO] 
[2026-09-03T23:53:44.427Z] [INFO] -------------------< com.kenteretail:order-service >--------------------
[2026-09-03T23:53:44.427Z] [INFO] Building order-service 0.1.0
[2026-09-03T23:53:44.427Z] [INFO]   from pom.xml
[2026-09-03T23:53:44.427Z] [INFO] --------------------------------[ jar ]---------------------------------
[2026-09-03T23:53:46.299Z] [INFO] 
[2026-09-03T23:53:46.299Z] [INFO] --- resources:3.3.1:resources (default-resources) @ order-service ---
[2026-09-03T23:53:46.559Z] [INFO] skip non existing resourceDirectory /var/jenkins_home/workspace/order-service_main/src/main/resources
[2026-09-03T23:53:46.559Z] [INFO] skip non existing resourceDirectory /var/jenkins_home/workspace/order-service_main/src/main/resources
[2026-09-03T23:53:46.559Z] [INFO] 
[2026-09-03T23:53:46.559Z] [INFO] --- compiler:3.11.0:compile (default-compile) @ order-service ---
[2026-09-03T23:53:46.809Z] [INFO] Nothing to compile - all classes are up to date
[2026-09-03T23:53:46.809Z] [INFO] 
[2026-09-03T23:53:46.809Z] [INFO] --- resources:3.3.1:testResources (default-testResources) @ order-service ---
[2026-09-03T23:53:46.809Z] [INFO] skip non existing resourceDirectory /var/jenkins_home/workspace/order-service_main/src/test/resources
[2026-09-03T23:53:46.809Z] [INFO] 
[2026-09-03T23:53:46.809Z] [INFO] --- compiler:3.11.0:testCompile (default-testCompile) @ order-service ---
[2026-09-03T23:53:47.062Z] [INFO] Nothing to compile - all classes are up to date
[2026-09-03T23:53:47.062Z] [INFO] 
[2026-09-03T23:53:47.062Z] [INFO] --- surefire:3.1.2:test (default-test) @ order-service ---
[2026-09-03T23:53:47.973Z] [INFO] Using auto detected provider org.apache.maven.surefire.junitplatform.JUnitPlatformProvider
[2026-09-03T23:53:48.526Z] [INFO] Downloading from central: https://repo.maven.apache.org/maven2/org/apache/maven/surefire/surefire-junit-platform/3.1.2/surefire-junit-platform-3.1.2.pom
[2026-09-03T23:53:49.444Z] [INFO] Downloaded from central: https://repo.maven.apache.org/maven2/org/apache/maven/surefire/surefire-junit-platform/3.1.2/surefire-junit-platform-3.1.2.pom (4.7 kB at 5.0 kB/s)
[2026-09-03T23:53:49.444Z] [INFO] Downloading from central: https://repo.maven.apache.org/maven2/org/apache/maven/surefire/surefire-providers/3.1.2/surefire-providers-3.1.2.pom
[2026-09-03T23:53:49.444Z] [INFO] Downloaded from central: https://repo.maven.apache.org/maven2/org/apache/maven/surefire/surefire-providers/3.1.2/surefire-providers-3.1.2.pom (2.6 kB at 52 kB/s)
[2026-09-03T23:53:49.444Z] [INFO] Downloading from central: https://repo.maven.apache.org/maven2/org/apache/maven/surefire/common-java5/3.1.2/common-java5-3.1.2.pom
[2026-09-03T23:53:49.695Z] [INFO] Downloaded from central: https://repo.maven.apache.org/maven2/org/apache/maven/surefire/common-java5/3.1.2/common-java5-3.1.2.pom (2.8 kB at 51 kB/s)
[2026-09-03T23:53:49.695Z] [INFO] Downloading from central: https://repo.maven.apache.org/maven2/org/junit/platform/junit-platform-launcher/1.9.2/junit-platform-launcher-1.9.2.pom
[2026-09-03T23:53:49.695Z] [INFO] Downloaded from central: https://repo.maven.apache.org/maven2/org/junit/platform/junit-platform-launcher/1.9.2/junit-platform-launcher-1.9.2.pom (3.0 kB at 64 kB/s)
[2026-09-03T23:53:49.695Z] [INFO] Downloading from central: https://repo.maven.apache.org/maven2/org/junit/platform/junit-platform-engine/1.9.2/junit-platform-engine-1.9.2.pom
[2026-09-03T23:53:49.695Z] [INFO] Downloaded from central: https://repo.maven.apache.org/maven2/org/junit/platform/junit-platform-engine/1.9.2/junit-platform-engine-1.9.2.pom (3.2 kB at 67 kB/s)
[2026-09-03T23:53:49.695Z] [INFO] Downloading from central: https://repo.maven.apache.org/maven2/org/opentest4j/opentest4j/1.2.0/opentest4j-1.2.0.pom
[2026-09-03T23:53:49.945Z] [INFO] Downloaded from central: https://repo.maven.apache.org/maven2/org/opentest4j/opentest4j/1.2.0/opentest4j-1.2.0.pom (1.7 kB at 28 kB/s)
[2026-09-03T23:53:49.945Z] [INFO] Downloading from central: https://repo.maven.apache.org/maven2/org/junit/platform/junit-platform-commons/1.9.2/junit-platform-commons-1.9.2.pom
[2026-09-03T23:53:49.945Z] [INFO] Downloaded from central: https://repo.maven.apache.org/maven2/org/junit/platform/junit-platform-commons/1.9.2/junit-platform-commons-1.9.2.pom (2.8 kB at 59 kB/s)
[2026-09-03T23:53:49.945Z] [INFO] Downloading from central: https://repo.maven.apache.org/maven2/org/apache/maven/surefire/surefire-junit-platform/3.1.2/surefire-junit-platform-3.1.2.jar
[2026-09-03T23:53:49.945Z] [INFO] Downloaded from central: https://repo.maven.apache.org/maven2/org/apache/maven/surefire/surefire-junit-platform/3.1.2/surefire-junit-platform-3.1.2.jar (27 kB at 418 kB/s)
[2026-09-03T23:53:49.945Z] [INFO] Downloading from central: https://repo.maven.apache.org/maven2/org/apache/maven/surefire/common-java5/3.1.2/common-java5-3.1.2.jar
[2026-09-03T23:53:49.945Z] [INFO] Downloading from central: https://repo.maven.apache.org/maven2/org/junit/platform/junit-platform-launcher/1.9.2/junit-platform-launcher-1.9.2.jar
[2026-09-03T23:53:49.945Z] [INFO] Downloading from central: https://repo.maven.apache.org/maven2/org/junit/platform/junit-platform-engine/1.9.2/junit-platform-engine-1.9.2.jar
[2026-09-03T23:53:49.945Z] [INFO] Downloading from central: https://repo.maven.apache.org/maven2/org/opentest4j/opentest4j/1.2.0/opentest4j-1.2.0.jar
[2026-09-03T23:53:49.945Z] [INFO] Downloading from central: https://repo.maven.apache.org/maven2/org/junit/platform/junit-platform-commons/1.9.2/junit-platform-commons-1.9.2.jar
[2026-09-03T23:53:49.945Z] [INFO] Downloaded from central: https://repo.maven.apache.org/maven2/org/apache/maven/surefire/common-java5/3.1.2/common-java5-3.1.2.jar (18 kB at 197 kB/s)
[2026-09-03T23:53:50.199Z] [INFO] Downloaded from central: https://repo.maven.apache.org/maven2/org/opentest4j/opentest4j/1.2.0/opentest4j-1.2.0.jar (7.7 kB at 33 kB/s)
[2026-09-03T23:53:50.449Z] [INFO] Downloaded from central: https://repo.maven.apache.org/maven2/org/junit/platform/junit-platform-engine/1.9.2/junit-platform-engine-1.9.2.jar (189 kB at 538 kB/s)
[2026-09-03T23:53:50.449Z] [INFO] Downloaded from central: https://repo.maven.apache.org/maven2/org/junit/platform/junit-platform-commons/1.9.2/junit-platform-commons-1.9.2.jar (103 kB at 264 kB/s)
[2026-09-03T23:53:50.449Z] [INFO] Downloaded from central: https://repo.maven.apache.org/maven2/org/junit/platform/junit-platform-launcher/1.9.2/junit-platform-launcher-1.9.2.jar (169 kB at 398 kB/s)
[2026-09-03T23:53:50.449Z] [INFO] Downloading from central: https://repo.maven.apache.org/maven2/org/junit/platform/junit-platform-launcher/1.10.2/junit-platform-launcher-1.10.2.pom
[2026-09-03T23:53:50.449Z] [INFO] Downloaded from central: https://repo.maven.apache.org/maven2/org/junit/platform/junit-platform-launcher/1.10.2/junit-platform-launcher-1.10.2.pom (3.0 kB at 42 kB/s)
[2026-09-03T23:53:50.449Z] [INFO] Downloading from central: https://repo.maven.apache.org/maven2/org/junit/platform/junit-platform-launcher/1.10.2/junit-platform-launcher-1.10.2.jar
[2026-09-03T23:53:50.701Z] [INFO] Downloaded from central: https://repo.maven.apache.org/maven2/org/junit/platform/junit-platform-launcher/1.10.2/junit-platform-launcher-1.10.2.jar (184 kB at 1.4 MB/s)
[2026-09-03T23:53:50.701Z] [INFO] 
[2026-09-03T23:53:50.701Z] [INFO] -------------------------------------------------------
[2026-09-03T23:53:50.701Z] [INFO]  T E S T S
[2026-09-03T23:53:50.701Z] [INFO] -------------------------------------------------------
[2026-09-03T23:53:52.563Z] [INFO] Running com.kenteretail.orderservice.OrderControllerTest
[2026-09-03T23:53:52.839Z] [INFO] Tests run: 5, Failures: 0, Errors: 0, Skipped: 0, Time elapsed: 0.270 s -- in com.kenteretail.orderservice.OrderControllerTest
[2026-09-03T23:53:52.839Z] [INFO] 
[2026-09-03T23:53:52.839Z] [INFO] Results:
[2026-09-03T23:53:52.839Z] [INFO] 
[2026-09-03T23:53:52.839Z] [INFO] Tests run: 5, Failures: 0, Errors: 0, Skipped: 0
[2026-09-03T23:53:52.839Z] [INFO] 
[2026-09-03T23:53:52.839Z] [INFO] ------------------------------------------------------------------------
[2026-09-03T23:53:52.839Z] [INFO] BUILD SUCCESS
[2026-09-03T23:53:52.839Z] [INFO] ------------------------------------------------------------------------
[2026-09-03T23:53:52.839Z] [INFO] Total time:  9.288 s
[2026-09-03T23:53:52.839Z] [INFO] Finished at: 2026-09-03T23:53:52Z
[2026-09-03T23:53:52.839Z] [INFO] ------------------------------------------------------------------------
Post stage
[Pipeline] junit
[2026-09-03T23:53:53.268Z] Recording test results
[2026-09-03T23:53:53.438Z] [Checks API] No suitable checks publisher found.
[Pipeline] }
[Pipeline] // stage
[Pipeline] stage
[Pipeline] { (Containerize)
[Pipeline] sh
[2026-09-03T23:53:53.959Z] + docker build -t kente-retail/order-service:1-89ba7bc .
[2026-09-03T23:53:53.959Z] DEPRECATED: The legacy builder is deprecated and will be removed in a future release.
[2026-09-03T23:53:53.959Z]             Install the buildx component to build images with BuildKit:
[2026-09-03T23:53:53.959Z]             https://docs.docker.com/go/buildx/
[2026-09-03T23:53:53.959Z] 
[2026-09-03T23:53:54.510Z] Sending build context to Docker daemon  20.36MB[2026-09-03T23:53:54.511Z] 
[2026-09-03T23:53:54.511Z] Step 1/10 : FROM maven:3.9-eclipse-temurin-17 AS build
[2026-09-03T23:53:54.511Z] 3.9-eclipse-temurin-17: Pulling from library/maven
[2026-09-03T23:53:54.761Z] 0926a8eb0e60: Pulling fs layer
[2026-09-03T23:53:54.761Z] 4306d2deb593: Pulling fs layer
[2026-09-03T23:53:54.761Z] ef051fd32dba: Pulling fs layer
[2026-09-03T23:53:54.761Z] 68d55e831f50: Pulling fs layer
[2026-09-03T23:53:54.761Z] 8b7049efea6c: Pulling fs layer
[2026-09-03T23:53:54.761Z] 85545bd5b63b: Pulling fs layer
[2026-09-03T23:53:54.761Z] f3ae0117dabc: Pulling fs layer
[2026-09-03T23:53:54.761Z] 964f972c781a: Pulling fs layer
[2026-09-03T23:53:54.761Z] e703c6a2a25b: Pulling fs layer
[2026-09-03T23:53:54.761Z] 40b806e03eba: Pulling fs layer
[2026-09-03T23:53:54.761Z] 68d55e831f50: Waiting
[2026-09-03T23:53:54.761Z] 8b7049efea6c: Waiting
[2026-09-03T23:53:54.761Z] 85545bd5b63b: Waiting
[2026-09-03T23:53:54.761Z] f3ae0117dabc: Waiting
[2026-09-03T23:53:54.761Z] 964f972c781a: Waiting
[2026-09-03T23:53:54.761Z] e703c6a2a25b: Waiting
[2026-09-03T23:53:54.761Z] 40b806e03eba: Waiting
[2026-09-03T23:53:55.312Z] 0926a8eb0e60: Verifying Checksum
[2026-09-03T23:53:55.312Z] 0926a8eb0e60: Download complete
[2026-09-03T23:53:55.312Z] 4306d2deb593: Download complete
[2026-09-03T23:53:55.312Z] 68d55e831f50: Verifying Checksum
[2026-09-03T23:53:55.312Z] 68d55e831f50: Download complete
[2026-09-03T23:53:55.312Z] 8b7049efea6c: Verifying Checksum
[2026-09-03T23:53:55.312Z] 8b7049efea6c: Download complete
[2026-09-03T23:53:55.573Z] f3ae0117dabc: Verifying Checksum
[2026-09-03T23:53:55.573Z] f3ae0117dabc: Download complete
[2026-09-03T23:53:55.823Z] 964f972c781a: Verifying Checksum
[2026-09-03T23:53:55.823Z] 964f972c781a: Download complete
[2026-09-03T23:53:56.074Z] e703c6a2a25b: Verifying Checksum
[2026-09-03T23:53:56.074Z] e703c6a2a25b: Download complete
[2026-09-03T23:53:56.074Z] 85545bd5b63b: Verifying Checksum
[2026-09-03T23:53:56.074Z] 85545bd5b63b: Download complete
[2026-09-03T23:53:56.074Z] 40b806e03eba: Verifying Checksum
[2026-09-03T23:53:56.074Z] 40b806e03eba: Download complete
[2026-09-03T23:53:57.418Z] ef051fd32dba: Verifying Checksum
[2026-09-03T23:53:57.418Z] ef051fd32dba: Download complete
[2026-09-03T23:53:57.969Z] 0926a8eb0e60: Pull complete
[2026-09-03T23:53:58.880Z] 4306d2deb593: Pull complete
[2026-09-03T23:54:02.109Z] ef051fd32dba: Pull complete
[2026-09-03T23:54:02.109Z] 68d55e831f50: Pull complete
[2026-09-03T23:54:02.109Z] 8b7049efea6c: Pull complete
[2026-09-03T23:54:03.457Z] 85545bd5b63b: Pull complete
[2026-09-03T23:54:03.708Z] f3ae0117dabc: Pull complete
[2026-09-03T23:54:03.708Z] 964f972c781a: Pull complete
[2026-09-03T23:54:03.708Z] e703c6a2a25b: Pull complete
[2026-09-03T23:54:03.708Z] 40b806e03eba: Pull complete
[2026-09-03T23:54:03.708Z] Digest: sha256:a8746f15d5bb26b5b8bacb056cc76211553850f4c71d16aff845cfa004cbc197
[2026-09-03T23:54:03.708Z] Status: Downloaded newer image for maven:3.9-eclipse-temurin-17
[2026-09-03T23:54:03.708Z]  ---> e16130562213
[2026-09-03T23:54:03.708Z] Step 2/10 : WORKDIR /app
[2026-09-03T23:54:03.959Z]  ---> Running in 636a344af816
[2026-09-03T23:54:03.959Z]  ---> Removed intermediate container 636a344af816
[2026-09-03T23:54:03.959Z]  ---> a22613aa9762
[2026-09-03T23:54:03.959Z] Step 3/10 : COPY pom.xml .
[2026-09-03T23:54:03.959Z]  ---> 072168085980
[2026-09-03T23:54:03.959Z] Step 4/10 : COPY src ./src
[2026-09-03T23:54:04.209Z]  ---> 2b42d52d06bd
[2026-09-03T23:54:04.209Z] Step 5/10 : RUN mvn -B -q -DskipTests package
[2026-09-03T23:54:04.209Z]  ---> Running in 0f5b11869930
[2026-09-03T23:54:36.141Z]  ---> Removed intermediate container 0f5b11869930
[2026-09-03T23:54:36.141Z]  ---> dbd3abe11830
[2026-09-03T23:54:36.141Z] Step 6/10 : FROM eclipse-temurin:17-jre
[2026-09-03T23:54:36.141Z] 17-jre: Pulling from library/eclipse-temurin
[2026-09-03T23:54:36.141Z] 06e9d71331fb: Pulling fs layer
[2026-09-03T23:54:36.141Z] f3db1cd94078: Pulling fs layer
[2026-09-03T23:54:36.141Z] 1a085c661b8f: Pulling fs layer
[2026-09-03T23:54:36.141Z] 409c221e1962: Pulling fs layer
[2026-09-03T23:54:36.141Z] d12223f877f0: Pulling fs layer
[2026-09-03T23:54:36.141Z] 074b156e16dd: Pulling fs layer
[2026-09-03T23:54:36.141Z] 409c221e1962: Waiting
[2026-09-03T23:54:36.141Z] d12223f877f0: Waiting
[2026-09-03T23:54:36.141Z] 074b156e16dd: Waiting
[2026-09-03T23:54:36.141Z] f3db1cd94078: Verifying Checksum
[2026-09-03T23:54:36.141Z] f3db1cd94078: Download complete
[2026-09-03T23:54:36.141Z] 1a085c661b8f: Verifying Checksum
[2026-09-03T23:54:36.141Z] 1a085c661b8f: Download complete
[2026-09-03T23:54:36.153Z] 06e9d71331fb: Verifying Checksum
[2026-09-03T23:54:36.153Z] 06e9d71331fb: Download complete
[2026-09-03T23:54:36.153Z] d12223f877f0: Verifying Checksum
[2026-09-03T23:54:36.153Z] d12223f877f0: Download complete
[2026-09-03T23:54:36.153Z] 074b156e16dd: Verifying Checksum
[2026-09-03T23:54:36.153Z] 074b156e16dd: Download complete
[2026-09-03T23:54:36.153Z] 409c221e1962: Verifying Checksum
[2026-09-03T23:54:36.153Z] 409c221e1962: Download complete
[2026-09-03T23:54:39.382Z] 06e9d71331fb: Pull complete
[2026-09-03T23:54:39.382Z] f3db1cd94078: Pull complete
[2026-09-03T23:54:40.294Z] 1a085c661b8f: Pull complete
[2026-09-03T23:54:42.157Z] 409c221e1962: Pull complete
[2026-09-03T23:54:42.157Z] d12223f877f0: Pull complete
[2026-09-03T23:54:42.157Z] 074b156e16dd: Pull complete
[2026-09-03T23:54:42.157Z] Digest: sha256:13cc28a6cc72a38ce1f00c906be3580c1a3e604b8984d694f369a96742abc93b
[2026-09-03T23:54:42.157Z] Status: Image is up to date for eclipse-temurin:17-jre
[2026-09-03T23:54:42.157Z]  ---> 9a3b1de629c5
[2026-09-03T23:54:42.157Z] Step 7/10 : WORKDIR /app
[2026-09-03T23:54:42.157Z]  ---> Running in c1b6572eb040
[2026-09-03T23:54:42.157Z]  ---> Removed intermediate container c1b6572eb040
[2026-09-03T23:54:42.157Z]  ---> 71bffed4183c
[2026-09-03T23:54:42.157Z] Step 8/10 : COPY --from=build /app/target/order-service.jar app.jar
[2026-09-03T23:54:42.708Z]  ---> c990fb2ca2b7
[2026-09-03T23:54:42.708Z] Step 9/10 : EXPOSE 8080
[2026-09-03T23:54:42.708Z]  ---> Running in 03b721d00ce1
[2026-09-03T23:54:42.708Z]  ---> Removed intermediate container 03b721d00ce1
[2026-09-03T23:54:42.708Z]  ---> 70ff7a7336f0
[2026-09-03T23:54:42.708Z] Step 10/10 : ENTRYPOINT ["java", "-jar", "/app/app.jar"]
[2026-09-03T23:54:42.708Z]  ---> Running in 9615bd86bee3
[2026-09-03T23:54:42.708Z]  ---> Removed intermediate container 9615bd86bee3
[2026-09-03T23:54:42.708Z]  ---> 7f91ebd2c232
[2026-09-03T23:54:42.708Z] Successfully built 7f91ebd2c232
[2026-09-03T23:54:42.708Z] Successfully tagged kente-retail/order-service:1-89ba7bc
[Pipeline] }
[Pipeline] // stage
[Pipeline] stage
[Pipeline] { (Security Scan)
[Pipeline] lock
[2026-09-03T23:54:42.905Z] Trying to acquire lock on [Resource: trivy-cache]
[2026-09-03T23:54:42.912Z] The resource [trivy-cache] is locked by build order-service (Kente Retail) » broken/vulnerable-dependency #1 #1 since Sep 3, 2026, 11:54 PM.
[2026-09-03T23:54:42.912Z] [Resource: trivy-cache] is not free, waiting for execution ...
[2026-09-03T23:54:42.913Z] [Required resources: [trivy-cache]] added into queue at position 0
[2026-09-03T23:56:08.722Z] Lock acquired on [Resource: trivy-cache]
[Pipeline] {
[Pipeline] sh
[2026-09-03T23:56:09.040Z] + trivy image --download-db-only --timeout 10m --no-progress --skip-version-check
[Pipeline] sh
[2026-09-03T23:56:09.574Z] + trivy image --scanners vuln --severity CRITICAL,HIGH,MEDIUM --exit-code 0 --no-progress --skip-version-check --format table --output trivy-report.txt kente-retail/order-service:1-89ba7bc
[2026-09-03T23:56:09.825Z] 2026-09-03T23:56:09Z	INFO	[vuln] Vulnerability scanning is enabled
[2026-09-03T23:56:27.792Z] 2026-09-03T23:56:26Z	INFO	Detected OS	family="ubuntu" version="26.04"
[2026-09-03T23:56:27.792Z] 2026-09-03T23:56:26Z	INFO	[ubuntu] Detecting vulnerabilities...	os_version="26.04" pkg_num=140
[2026-09-03T23:56:27.792Z] 2026-09-03T23:56:26Z	INFO	Number of language-specific files	num=2
[2026-09-03T23:56:27.792Z] 2026-09-03T23:56:26Z	INFO	[gobinary] Detecting vulnerabilities...
[2026-09-03T23:56:27.792Z] 2026-09-03T23:56:26Z	INFO	[jar] Detecting vulnerabilities...
[2026-09-03T23:56:27.792Z] 2026-09-03T23:56:27Z	WARN	Using severities from other vendors for some vulnerabilities. Read https://trivy.dev/docs/v0.74/guide/scanner/vulnerability#severity-selection for details.
[2026-09-03T23:56:27.792Z] 2026-09-03T23:56:27Z	INFO	Table result includes only package filenames. Use '--format json' option to get the full path to the package file.
[2026-09-03T23:56:27.792Z] + echo --- Trivy report (informational) ---
[2026-09-03T23:56:27.792Z] --- Trivy report (informational) ---
[2026-09-03T23:56:27.792Z] + cat trivy-report.txt
[2026-09-03T23:56:27.792Z] 
[2026-09-03T23:56:27.792Z] Report Summary
[2026-09-03T23:56:27.792Z] 
[2026-09-03T23:56:27.792Z] ┌─────────────────────────────────────────────────────┬──────────┬─────────────────┐
[2026-09-03T23:56:27.792Z] │                       Target                        │   Type   │ Vulnerabilities │
[2026-09-03T23:56:27.792Z] ├─────────────────────────────────────────────────────┼──────────┼─────────────────┤
[2026-09-03T23:56:27.792Z] │ kente-retail/order-service:1-89ba7bc (ubuntu 26.04) │  ubuntu  │       98        │
[2026-09-03T23:56:27.792Z] ├─────────────────────────────────────────────────────┼──────────┼─────────────────┤
[2026-09-03T23:56:27.792Z] │ app/app.jar                                         │   jar    │       30        │
[2026-09-03T23:56:27.792Z] ├─────────────────────────────────────────────────────┼──────────┼─────────────────┤
[2026-09-03T23:56:27.792Z] │ usr/bin/pebble                                      │ gobinary │        8        │
[2026-09-03T23:56:27.792Z] └─────────────────────────────────────────────────────┴──────────┴─────────────────┘
[2026-09-03T23:56:27.792Z] Legend:
[2026-09-03T23:56:27.792Z] - '-': Not scanned
[2026-09-03T23:56:27.792Z] - '0': Clean (no security findings detected)
[2026-09-03T23:56:27.792Z] 
[2026-09-03T23:56:27.792Z] 
[2026-09-03T23:56:27.792Z] For OSS Maintainers: VEX Notice
[2026-09-03T23:56:27.792Z] --------------------------------
[2026-09-03T23:56:27.792Z] If you're an OSS maintainer and Trivy has detected vulnerabilities in your project that you believe are not actually exploitable, consider issuing a VEX (Vulnerability Exploitability eXchange) statement.
[2026-09-03T23:56:27.792Z] VEX allows you to communicate the actual status of vulnerabilities in your project, improving security transparency and reducing false positives for your users.
[2026-09-03T23:56:27.792Z] Learn more and start using VEX: https://trivy.dev/docs/v0.74/guide/supply-chain/vex/repo#publishing-vex-documents
[2026-09-03T23:56:27.792Z] 
[2026-09-03T23:56:27.792Z] To disable this notice, set the TRIVY_DISABLE_VEX_NOTICE environment variable.
[2026-09-03T23:56:27.792Z] 
[2026-09-03T23:56:27.792Z] 
[2026-09-03T23:56:27.792Z] kente-retail/order-service:1-89ba7bc (ubuntu 26.04)
[2026-09-03T23:56:27.792Z] ===================================================
[2026-09-03T23:56:27.792Z] Total: 98 (MEDIUM: 98, HIGH: 0, CRITICAL: 0)
[2026-09-03T23:56:27.792Z] 
[2026-09-03T23:56:27.792Z] ┌─────────────────────────┬────────────────┬──────────┬──────────┬──────────────────────────────────┬────────────────────┬──────────────────────────────────────────────────────────────┐
[2026-09-03T23:56:27.792Z] │         Library         │ Vulnerability  │ Severity │  Status  │        Installed Version         │   Fixed Version    │                            Title                             │
[2026-09-03T23:56:27.793Z] ├─────────────────────────┼────────────────┼──────────┼──────────┼──────────────────────────────────┼────────────────────┼──────────────────────────────────────────────────────────────┤
[2026-09-03T23:56:27.793Z] │ bsdutils                │ CVE-2026-13595 │ MEDIUM   │ fixed    │ 1:2.41.3-3ubuntu2                │ 2.41.3-3ubuntu2.2  │ util-linux: util-linux: heap use-after-free in libblkid      │
[2026-09-03T23:56:27.793Z] │                         │                │          │          │                                  │                    │ nested partition probing                                     │
[2026-09-03T23:56:27.793Z] │                         │                │          │          │                                  │                    │ https://avd.aquasec.com/nvd/cve-2026-13595                   │
[2026-09-03T23:56:27.793Z] │                         ├────────────────┤          │          │                                  │                    ├──────────────────────────────────────────────────────────────┤
[2026-09-03T23:56:27.793Z] │                         │ CVE-2026-27456 │          │          │                                  │                    │ util-linux: TOCTOU in the mount program when setting up loop │
[2026-09-03T23:56:27.793Z] │                         │                │          │          │                                  │                    │ devices                                                      │
[2026-09-03T23:56:27.793Z] │                         │                │          │          │                                  │                    │ https://avd.aquasec.com/nvd/cve-2026-27456                   │
[2026-09-03T23:56:27.793Z] │                         ├────────────────┤          │          │                                  │                    ├──────────────────────────────────────────────────────────────┤
[2026-09-03T23:56:27.793Z] │                         │ CVE-2026-3184  │          │          │                                  │                    │ util-linux: util-linux: Access control bypass due to         │
[2026-09-03T23:56:27.793Z] │                         │                │          │          │                                  │                    │ improper hostname canonicalization                           │
[2026-09-03T23:56:27.793Z] │                         │                │          │          │                                  │                    │ https://avd.aquasec.com/nvd/cve-2026-3184                    │
[2026-09-03T23:56:27.793Z] │                         ├────────────────┤          │          │                                  │                    ├──────────────────────────────────────────────────────────────┤
[2026-09-03T23:56:27.793Z] │                         │ CVE-2026-53612 │          │          │                                  │                    │ util-linux: util-linux: TOCTOU in the mount program when     │
[2026-09-03T23:56:27.793Z] │                         │                │          │          │                                  │                    │ applying post-mount ownership/mode changes...                │
[2026-09-03T23:56:27.793Z] │                         │                │          │          │                                  │                    │ https://avd.aquasec.com/nvd/cve-2026-53612                   │
[2026-09-03T23:56:27.793Z] │                         ├────────────────┤          │          │                                  │                    ├──────────────────────────────────────────────────────────────┤
[2026-09-03T23:56:27.793Z] │                         │ CVE-2026-53613 │          │          │                                  │                    │ util-linux: util-linux: TOCTOU in the mount program via      │
[2026-09-03T23:56:27.793Z] │                         │                │          │          │                                  │                    │ ancestor directory swap on...                                │
[2026-09-03T23:56:27.793Z] │                         │                │          │          │                                  │                    │ https://avd.aquasec.com/nvd/cve-2026-53613                   │
[2026-09-03T23:56:27.793Z] │                         ├────────────────┤          │          │                                  │                    ├──────────────────────────────────────────────────────────────┤
[2026-09-03T23:56:27.793Z] │                         │ CVE-2026-53614 │          │          │                                  │                    │ util-linux: util-linux: SUID mount(8) allows nosuid/noexec   │
[2026-09-03T23:56:27.793Z] │                         │                │          │          │                                  │                    │ bypass via LIBMOUNT_FORCE_MOUNT2                             │
[2026-09-03T23:56:27.793Z] │                         │                │          │          │                                  │                    │ https://avd.aquasec.com/nvd/cve-2026-53614                   │
[2026-09-03T23:56:27.793Z] │                         ├────────────────┤          │          │                                  │                    ├──────────────────────────────────────────────────────────────┤
[2026-09-03T23:56:27.793Z] │                         │ CVE-2026-53615 │          │          │                                  │                    │ [Integer Overflow or Wraparound in                           │
[2026-09-03T23:56:27.793Z] │                         │                │          │          │                                  │                    │ libblkid/src/partitions/dos.c]                               │
[2026-09-03T23:56:27.793Z] │                         │                │          │          │                                  │                    │ https://avd.aquasec.com/nvd/cve-2026-53615                   │
[2026-09-03T23:56:27.793Z] ├─────────────────────────┼────────────────┤          │          ├──────────────────────────────────┼────────────────────┼──────────────────────────────────────────────────────────────┤
[2026-09-03T23:56:27.793Z] │ diffutils               │ CVE-2026-53910 │          │          │ 1:3.12-1                         │ 1:3.12-1ubuntu0.1  │ diffutils: heap‑based buffer overflow due to multiple signed │
[2026-09-03T23:56:27.793Z] │                         │                │          │          │                                  │                    │ integer overflows in line‑mapping...                         │
[2026-09-03T23:56:27.793Z] │                         │                │          │          │                                  │                    │ https://avd.aquasec.com/nvd/cve-2026-53910                   │
[2026-09-03T23:56:27.793Z] ├─────────────────────────┼────────────────┤          │          ├──────────────────────────────────┼────────────────────┼──────────────────────────────────────────────────────────────┤
[2026-09-03T23:56:27.793Z] │ gnu-coreutils           │ CVE-2026-56391 │          │          │ 9.7-3ubuntu2                     │ 9.7-3ubuntu2.1     │ coreutils: GNU coreutils uniq: Denial of Service and         │
[2026-09-03T23:56:27.793Z] │                         │                │          │          │                                  │                    │ information disclosure via out-of-bounds...                  │
[2026-09-03T23:56:27.793Z] │                         │                │          │          │                                  │                    │ https://avd.aquasec.com/nvd/cve-2026-56391                   │
[2026-09-03T23:56:27.793Z] ├─────────────────────────┼────────────────┤          │          ├──────────────────────────────────┼────────────────────┼──────────────────────────────────────────────────────────────┤
[2026-09-03T23:56:27.793Z] │ libattr1                │ CVE-2026-54371 │          │          │ 1:2.5.2-4                        │ 1:2.5.2-4ubuntu0.1 │ attr: attr: Symlink Traversal Privilege Escalation via       │
[2026-09-03T23:56:27.793Z] │                         │                │          │          │                                  │                    │ getfattr and setfattr                                        │
[2026-09-03T23:56:27.793Z] │                         │                │          │          │                                  │                    │ https://avd.aquasec.com/nvd/cve-2026-54371                   │
[2026-09-03T23:56:27.793Z] ├─────────────────────────┼────────────────┤          │          ├──────────────────────────────────┼────────────────────┼──────────────────────────────────────────────────────────────┤
[2026-09-03T23:56:27.793Z] │ libblkid1               │ CVE-2026-13595 │          │          │ 2.41.3-3ubuntu2                  │ 2.41.3-3ubuntu2.2  │ util-linux: util-linux: heap use-after-free in libblkid      │
[2026-09-03T23:56:27.793Z] │                         │                │          │          │                                  │                    │ nested partition probing                                     │
[2026-09-03T23:56:27.793Z] │                         │                │          │          │                                  │                    │ https://avd.aquasec.com/nvd/cve-2026-13595                   │
[2026-09-03T23:56:27.793Z] │                         ├────────────────┤          │          │                                  │                    ├──────────────────────────────────────────────────────────────┤
[2026-09-03T23:56:27.793Z] │                         │ CVE-2026-27456 │          │          │                                  │                    │ util-linux: TOCTOU in the mount program when setting up loop │
[2026-09-03T23:56:27.793Z] │                         │                │          │          │                                  │                    │ devices                                                      │
[2026-09-03T23:56:27.793Z] │                         │                │          │          │                                  │                    │ https://avd.aquasec.com/nvd/cve-2026-27456                   │
[2026-09-03T23:56:27.793Z] │                         ├────────────────┤          │          │                                  │                    ├──────────────────────────────────────────────────────────────┤
[2026-09-03T23:56:27.793Z] │                         │ CVE-2026-3184  │          │          │                                  │                    │ util-linux: util-linux: Access control bypass due to         │
[2026-09-03T23:56:27.793Z] │                         │                │          │          │                                  │                    │ improper hostname canonicalization                           │
[2026-09-03T23:56:27.793Z] │                         │                │          │          │                                  │                    │ https://avd.aquasec.com/nvd/cve-2026-3184                    │
[2026-09-03T23:56:27.793Z] │                         ├────────────────┤          │          │                                  │                    ├──────────────────────────────────────────────────────────────┤
[2026-09-03T23:56:27.793Z] │                         │ CVE-2026-53612 │          │          │                                  │                    │ util-linux: util-linux: TOCTOU in the mount program when     │
[2026-09-03T23:56:27.793Z] │                         │                │          │          │                                  │                    │ applying post-mount ownership/mode changes...                │
[2026-09-03T23:56:27.793Z] │                         │                │          │          │                                  │                    │ https://avd.aquasec.com/nvd/cve-2026-53612                   │
[2026-09-03T23:56:27.793Z] │                         ├────────────────┤          │          │                                  │                    ├──────────────────────────────────────────────────────────────┤
[2026-09-03T23:56:27.793Z] │                         │ CVE-2026-53613 │          │          │                                  │                    │ util-linux: util-linux: TOCTOU in the mount program via      │
[2026-09-03T23:56:27.793Z] │                         │                │          │          │                                  │                    │ ancestor directory swap on...                                │
[2026-09-03T23:56:27.793Z] │                         │                │          │          │                                  │                    │ https://avd.aquasec.com/nvd/cve-2026-53613                   │
[2026-09-03T23:56:27.793Z] │                         ├────────────────┤          │          │                                  │                    ├──────────────────────────────────────────────────────────────┤
[2026-09-03T23:56:27.793Z] │                         │ CVE-2026-53614 │          │          │                                  │                    │ util-linux: util-linux: SUID mount(8) allows nosuid/noexec   │
[2026-09-03T23:56:27.793Z] │                         │                │          │          │                                  │                    │ bypass via LIBMOUNT_FORCE_MOUNT2                             │
[2026-09-03T23:56:27.793Z] │                         │                │          │          │                                  │                    │ https://avd.aquasec.com/nvd/cve-2026-53614                   │
[2026-09-03T23:56:27.793Z] │                         ├────────────────┤          │          │                                  │                    ├──────────────────────────────────────────────────────────────┤
[2026-09-03T23:56:27.793Z] │                         │ CVE-2026-53615 │          │          │                                  │                    │ [Integer Overflow or Wraparound in                           │
[2026-09-03T23:56:27.793Z] │                         │                │          │          │                                  │                    │ libblkid/src/partitions/dos.c]                               │
[2026-09-03T23:56:27.793Z] │                         │                │          │          │                                  │                    │ https://avd.aquasec.com/nvd/cve-2026-53615                   │
[2026-09-03T23:56:27.793Z] ├─────────────────────────┼────────────────┤          ├──────────┼──────────────────────────────────┼────────────────────┼──────────────────────────────────────────────────────────────┤
[2026-09-03T23:56:27.793Z] │ libexpat1               │ CVE-2025-66382 │          │ affected │ 2.7.4-1                          │                    │ libexpat: libexpat: Denial of service via crafted file       │
[2026-09-03T23:56:27.793Z] │                         │                │          │          │                                  │                    │ processing                                                   │
[2026-09-03T23:56:27.793Z] │                         │                │          │          │                                  │                    │ https://avd.aquasec.com/nvd/cve-2025-66382                   │
[2026-09-03T23:56:27.793Z] ├─────────────────────────┼────────────────┤          ├──────────┼──────────────────────────────────┼────────────────────┼──────────────────────────────────────────────────────────────┤
[2026-09-03T23:56:27.793Z] │ libmount1               │ CVE-2026-13595 │          │ fixed    │ 2.41.3-3ubuntu2                  │ 2.41.3-3ubuntu2.2  │ util-linux: util-linux: heap use-after-free in libblkid      │
[2026-09-03T23:56:27.793Z] │                         │                │          │          │                                  │                    │ nested partition probing                                     │
[2026-09-03T23:56:27.793Z] │                         │                │          │          │                                  │                    │ https://avd.aquasec.com/nvd/cve-2026-13595                   │
[2026-09-03T23:56:27.793Z] │                         ├────────────────┤          │          │                                  │                    ├──────────────────────────────────────────────────────────────┤
[2026-09-03T23:56:27.793Z] │                         │ CVE-2026-27456 │          │          │                                  │                    │ util-linux: TOCTOU in the mount program when setting up loop │
[2026-09-03T23:56:27.793Z] │                         │                │          │          │                                  │                    │ devices                                                      │
[2026-09-03T23:56:27.793Z] │                         │                │          │          │                                  │                    │ https://avd.aquasec.com/nvd/cve-2026-27456                   │
[2026-09-03T23:56:27.793Z] │                         ├────────────────┤          │          │                                  │                    ├──────────────────────────────────────────────────────────────┤
[2026-09-03T23:56:27.793Z] │                         │ CVE-2026-3184  │          │          │                                  │                    │ util-linux: util-linux: Access control bypass due to         │
[2026-09-03T23:56:27.793Z] │                         │                │          │          │                                  │                    │ improper hostname canonicalization                           │
[2026-09-03T23:56:27.793Z] │                         │                │          │          │                                  │                    │ https://avd.aquasec.com/nvd/cve-2026-3184                    │
[2026-09-03T23:56:27.793Z] │                         ├────────────────┤          │          │                                  │                    ├──────────────────────────────────────────────────────────────┤
[2026-09-03T23:56:27.793Z] │                         │ CVE-2026-53612 │          │          │                                  │                    │ util-linux: util-linux: TOCTOU in the mount program when     │
[2026-09-03T23:56:27.793Z] │                         │                │          │          │                                  │                    │ applying post-mount ownership/mode changes...                │
[2026-09-03T23:56:27.793Z] │                         │                │          │          │                                  │                    │ https://avd.aquasec.com/nvd/cve-2026-53612                   │
[2026-09-03T23:56:27.793Z] │                         ├────────────────┤          │          │                                  │                    ├──────────────────────────────────────────────────────────────┤
[2026-09-03T23:56:27.793Z] │                         │ CVE-2026-53613 │          │          │                                  │                    │ util-linux: util-linux: TOCTOU in the mount program via      │
[2026-09-03T23:56:27.793Z] │                         │                │          │          │                                  │                    │ ancestor directory swap on...                                │
[2026-09-03T23:56:27.793Z] │                         │                │          │          │                                  │                    │ https://avd.aquasec.com/nvd/cve-2026-53613                   │
[2026-09-03T23:56:27.793Z] │                         ├────────────────┤          │          │                                  │                    ├──────────────────────────────────────────────────────────────┤
[2026-09-03T23:56:27.793Z] │                         │ CVE-2026-53614 │          │          │                                  │                    │ util-linux: util-linux: SUID mount(8) allows nosuid/noexec   │
[2026-09-03T23:56:27.793Z] │                         │                │          │          │                                  │                    │ bypass via LIBMOUNT_FORCE_MOUNT2                             │
[2026-09-03T23:56:27.793Z] │                         │                │          │          │                                  │                    │ https://avd.aquasec.com/nvd/cve-2026-53614                   │
[2026-09-03T23:56:27.793Z] │                         ├────────────────┤          │          │                                  │                    ├──────────────────────────────────────────────────────────────┤
[2026-09-03T23:56:27.793Z] │                         │ CVE-2026-53615 │          │          │                                  │                    │ [Integer Overflow or Wraparound in                           │
[2026-09-03T23:56:27.793Z] │                         │                │          │          │                                  │                    │ libblkid/src/partitions/dos.c]                               │
[2026-09-03T23:56:27.793Z] │                         │                │          │          │                                  │                    │ https://avd.aquasec.com/nvd/cve-2026-53615                   │
[2026-09-03T23:56:27.794Z] ├─────────────────────────┼────────────────┤          ├──────────┼──────────────────────────────────┼────────────────────┼──────────────────────────────────────────────────────────────┤
[2026-09-03T23:56:27.794Z] │ libp11-kit0             │ CVE-2026-13757 │          │ affected │ 0.26.2-2                         │                    │ p11-kit: Stack exhaustion via unbounded recursion in RPC     │
[2026-09-03T23:56:27.794Z] │                         │                │          │          │                                  │                    │ attribute parsing                                            │
[2026-09-03T23:56:27.794Z] │                         │                │          │          │                                  │                    │ https://avd.aquasec.com/nvd/cve-2026-13757                   │
[2026-09-03T23:56:27.794Z] ├─────────────────────────┼────────────────┤          ├──────────┼──────────────────────────────────┼────────────────────┼──────────────────────────────────────────────────────────────┤
[2026-09-03T23:56:27.794Z] │ libsmartcols1           │ CVE-2026-13595 │          │ fixed    │ 2.41.3-3ubuntu2                  │ 2.41.3-3ubuntu2.2  │ util-linux: util-linux: heap use-after-free in libblkid      │
[2026-09-03T23:56:27.794Z] │                         │                │          │          │                                  │                    │ nested partition probing                                     │
[2026-09-03T23:56:27.794Z] │                         │                │          │          │                                  │                    │ https://avd.aquasec.com/nvd/cve-2026-13595                   │
[2026-09-03T23:56:27.794Z] │                         ├────────────────┤          │          │                                  │                    ├──────────────────────────────────────────────────────────────┤
[2026-09-03T23:56:27.794Z] │                         │ CVE-2026-27456 │          │          │                                  │                    │ util-linux: TOCTOU in the mount program when setting up loop │
[2026-09-03T23:56:27.794Z] │                         │                │          │          │                                  │                    │ devices                                                      │
[2026-09-03T23:56:27.794Z] │                         │                │          │          │                                  │                    │ https://avd.aquasec.com/nvd/cve-2026-27456                   │
[2026-09-03T23:56:27.794Z] │                         ├────────────────┤          │          │                                  │                    ├──────────────────────────────────────────────────────────────┤
[2026-09-03T23:56:27.794Z] │                         │ CVE-2026-3184  │          │          │                                  │                    │ util-linux: util-linux: Access control bypass due to         │
[2026-09-03T23:56:27.794Z] │                         │                │          │          │                                  │                    │ improper hostname canonicalization                           │
[2026-09-03T23:56:27.794Z] │                         │                │          │          │                                  │                    │ https://avd.aquasec.com/nvd/cve-2026-3184                    │
[2026-09-03T23:56:27.794Z] │                         ├────────────────┤          │          │                                  │                    ├──────────────────────────────────────────────────────────────┤
[2026-09-03T23:56:27.794Z] │                         │ CVE-2026-53612 │          │          │                                  │                    │ util-linux: util-linux: TOCTOU in the mount program when     │
[2026-09-03T23:56:27.794Z] │                         │                │          │          │                                  │                    │ applying post-mount ownership/mode changes...                │
[2026-09-03T23:56:27.794Z] │                         │                │          │          │                                  │                    │ https://avd.aquasec.com/nvd/cve-2026-53612                   │
[2026-09-03T23:56:27.794Z] │                         ├────────────────┤          │          │                                  │                    ├──────────────────────────────────────────────────────────────┤
[2026-09-03T23:56:27.794Z] │                         │ CVE-2026-53613 │          │          │                                  │                    │ util-linux: util-linux: TOCTOU in the mount program via      │
[2026-09-03T23:56:27.794Z] │                         │                │          │          │                                  │                    │ ancestor directory swap on...                                │
[2026-09-03T23:56:27.794Z] │                         │                │          │          │                                  │                    │ https://avd.aquasec.com/nvd/cve-2026-53613                   │
[2026-09-03T23:56:27.794Z] │                         ├────────────────┤          │          │                                  │                    ├──────────────────────────────────────────────────────────────┤
[2026-09-03T23:56:27.794Z] │                         │ CVE-2026-53614 │          │          │                                  │                    │ util-linux: util-linux: SUID mount(8) allows nosuid/noexec   │
[2026-09-03T23:56:27.794Z] │                         │                │          │          │                                  │                    │ bypass via LIBMOUNT_FORCE_MOUNT2                             │
[2026-09-03T23:56:27.794Z] │                         │                │          │          │                                  │                    │ https://avd.aquasec.com/nvd/cve-2026-53614                   │
[2026-09-03T23:56:27.794Z] │                         ├────────────────┤          │          │                                  │                    ├──────────────────────────────────────────────────────────────┤
[2026-09-03T23:56:27.794Z] │                         │ CVE-2026-53615 │          │          │                                  │                    │ [Integer Overflow or Wraparound in                           │
[2026-09-03T23:56:27.794Z] │                         │                │          │          │                                  │                    │ libblkid/src/partitions/dos.c]                               │
[2026-09-03T23:56:27.794Z] │                         │                │          │          │                                  │                    │ https://avd.aquasec.com/nvd/cve-2026-53615                   │
[2026-09-03T23:56:27.794Z] ├─────────────────────────┼────────────────┤          │          ├──────────────────────────────────┼────────────────────┼──────────────────────────────────────────────────────────────┤
[2026-09-03T23:56:27.794Z] │ libssl3t64              │ CVE-2026-14456 │          │          │ 3.5.5-1ubuntu3.3                 │ 3.5.5-1ubuntu3.4   │ openssl: OpenSSL: Denial of Service via unbounded memory     │
[2026-09-03T23:56:27.794Z] │                         │                │          │          │                                  │                    │ growth in QUIC server...                                     │
[2026-09-03T23:56:27.794Z] │                         │                │          │          │                                  │                    │ https://avd.aquasec.com/nvd/cve-2026-14456                   │
[2026-09-03T23:56:27.794Z] │                         ├────────────────┤          │          │                                  │                    ├──────────────────────────────────────────────────────────────┤
[2026-09-03T23:56:27.794Z] │                         │ CVE-2026-18798 │          │          │                                  │                    │ openssl: QUIC server may trigger double free when processing │
[2026-09-03T23:56:27.794Z] │                         │                │          │          │                                  │                    │ INITIAL packet                                               │
[2026-09-03T23:56:27.794Z] │                         │                │          │          │                                  │                    │ https://avd.aquasec.com/nvd/cve-2026-18798                   │
[2026-09-03T23:56:27.794Z] │                         ├────────────────┤          │          │                                  │                    ├──────────────────────────────────────────────────────────────┤
[2026-09-03T23:56:27.794Z] │                         │ CVE-2026-63072 │          │          │                                  │                    │ openssl: heap buffer overflow in CMS key unwrapping          │
[2026-09-03T23:56:27.794Z] │                         │                │          │          │                                  │                    │ https://avd.aquasec.com/nvd/cve-2026-63072                   │
[2026-09-03T23:56:27.794Z] │                         ├────────────────┤          │          │                                  │                    ├──────────────────────────────────────────────────────────────┤
[2026-09-03T23:56:27.794Z] │                         │ CVE-2026-63076 │          │          │                                  │                    │ openssl: invalid pointer dereference in CMP server via       │
[2026-09-03T23:56:27.794Z] │                         │                │          │          │                                  │                    │ crafted protectionAlg                                        │
[2026-09-03T23:56:27.794Z] │                         │                │          │          │                                  │                    │ https://avd.aquasec.com/nvd/cve-2026-63076                   │
[2026-09-03T23:56:27.794Z] ├─────────────────────────┼────────────────┤          │          ├──────────────────────────────────┼────────────────────┼──────────────────────────────────────────────────────────────┤
[2026-09-03T23:56:27.794Z] │ libuuid1                │ CVE-2026-13595 │          │          │ 2.41.3-3ubuntu2                  │ 2.41.3-3ubuntu2.2  │ util-linux: util-linux: heap use-after-free in libblkid      │
[2026-09-03T23:56:27.794Z] │                         │                │          │          │                                  │                    │ nested partition probing                                     │
[2026-09-03T23:56:27.794Z] │                         │                │          │          │                                  │                    │ https://avd.aquasec.com/nvd/cve-2026-13595                   │
[2026-09-03T23:56:27.794Z] │                         ├────────────────┤          │          │                                  │                    ├──────────────────────────────────────────────────────────────┤
[2026-09-03T23:56:27.794Z] │                         │ CVE-2026-27456 │          │          │                                  │                    │ util-linux: TOCTOU in the mount program when setting up loop │
[2026-09-03T23:56:27.794Z] │                         │                │          │          │                                  │                    │ devices                                                      │
[2026-09-03T23:56:27.794Z] │                         │                │          │          │                                  │                    │ https://avd.aquasec.com/nvd/cve-2026-27456                   │
[2026-09-03T23:56:27.794Z] │                         ├────────────────┤          │          │                                  │                    ├──────────────────────────────────────────────────────────────┤
[2026-09-03T23:56:27.794Z] │                         │ CVE-2026-3184  │          │          │                                  │                    │ util-linux: util-linux: Access control bypass due to         │
[2026-09-03T23:56:27.794Z] │                         │                │          │          │                                  │                    │ improper hostname canonicalization                           │
[2026-09-03T23:56:27.794Z] │                         │                │          │          │                                  │                    │ https://avd.aquasec.com/nvd/cve-2026-3184                    │
[2026-09-03T23:56:27.794Z] │                         ├────────────────┤          │          │                                  │                    ├──────────────────────────────────────────────────────────────┤
[2026-09-03T23:56:27.794Z] │                         │ CVE-2026-53612 │          │          │                                  │                    │ util-linux: util-linux: TOCTOU in the mount program when     │
[2026-09-03T23:56:27.794Z] │                         │                │          │          │                                  │                    │ applying post-mount ownership/mode changes...                │
[2026-09-03T23:56:27.794Z] │                         │                │          │          │                                  │                    │ https://avd.aquasec.com/nvd/cve-2026-53612                   │
[2026-09-03T23:56:27.794Z] │                         ├────────────────┤          │          │                                  │                    ├──────────────────────────────────────────────────────────────┤
[2026-09-03T23:56:27.794Z] │                         │ CVE-2026-53613 │          │          │                                  │                    │ util-linux: util-linux: TOCTOU in the mount program via      │
[2026-09-03T23:56:27.794Z] │                         │                │          │          │                                  │                    │ ancestor directory swap on...                                │
[2026-09-03T23:56:27.794Z] │                         │                │          │          │                                  │                    │ https://avd.aquasec.com/nvd/cve-2026-53613                   │
[2026-09-03T23:56:27.794Z] │                         ├────────────────┤          │          │                                  │                    ├──────────────────────────────────────────────────────────────┤
[2026-09-03T23:56:27.794Z] │                         │ CVE-2026-53614 │          │          │                                  │                    │ util-linux: util-linux: SUID mount(8) allows nosuid/noexec   │
[2026-09-03T23:56:27.794Z] │                         │                │          │          │                                  │                    │ bypass via LIBMOUNT_FORCE_MOUNT2                             │
[2026-09-03T23:56:27.794Z] │                         │                │          │          │                                  │                    │ https://avd.aquasec.com/nvd/cve-2026-53614                   │
[2026-09-03T23:56:27.794Z] │                         ├────────────────┤          │          │                                  │                    ├──────────────────────────────────────────────────────────────┤
[2026-09-03T23:56:27.794Z] │                         │ CVE-2026-53615 │          │          │                                  │                    │ [Integer Overflow or Wraparound in                           │
[2026-09-03T23:56:27.794Z] │                         │                │          │          │                                  │                    │ libblkid/src/partitions/dos.c]                               │
[2026-09-03T23:56:27.794Z] │                         │                │          │          │                                  │                    │ https://avd.aquasec.com/nvd/cve-2026-53615                   │
[2026-09-03T23:56:27.794Z] ├─────────────────────────┼────────────────┤          │          ├──────────────────────────────────┤                    ├──────────────────────────────────────────────────────────────┤
[2026-09-03T23:56:27.794Z] │ login                   │ CVE-2026-13595 │          │          │ 1:4.16.0-2+really2.41.3-3ubuntu2 │                    │ util-linux: util-linux: heap use-after-free in libblkid      │
[2026-09-03T23:56:27.794Z] │                         │                │          │          │                                  │                    │ nested partition probing                                     │
[2026-09-03T23:56:27.794Z] │                         │                │          │          │                                  │                    │ https://avd.aquasec.com/nvd/cve-2026-13595                   │
[2026-09-03T23:56:27.794Z] │                         ├────────────────┤          │          │                                  │                    ├──────────────────────────────────────────────────────────────┤
[2026-09-03T23:56:27.794Z] │                         │ CVE-2026-27456 │          │          │                                  │                    │ util-linux: TOCTOU in the mount program when setting up loop │
[2026-09-03T23:56:27.794Z] │                         │                │          │          │                                  │                    │ devices                                                      │
[2026-09-03T23:56:27.794Z] │                         │                │          │          │                                  │                    │ https://avd.aquasec.com/nvd/cve-2026-27456                   │
[2026-09-03T23:56:27.794Z] │                         ├────────────────┤          │          │                                  │                    ├──────────────────────────────────────────────────────────────┤
[2026-09-03T23:56:27.794Z] │                         │ CVE-2026-3184  │          │          │                                  │                    │ util-linux: util-linux: Access control bypass due to         │
[2026-09-03T23:56:27.794Z] │                         │                │          │          │                                  │                    │ improper hostname canonicalization                           │
[2026-09-03T23:56:27.794Z] │                         │                │          │          │                                  │                    │ https://avd.aquasec.com/nvd/cve-2026-3184                    │
[2026-09-03T23:56:27.794Z] │                         ├────────────────┤          │          │                                  │                    ├──────────────────────────────────────────────────────────────┤
[2026-09-03T23:56:27.794Z] │                         │ CVE-2026-53612 │          │          │                                  │                    │ util-linux: util-linux: TOCTOU in the mount program when     │
[2026-09-03T23:56:27.794Z] │                         │                │          │          │                                  │                    │ applying post-mount ownership/mode changes...                │
[2026-09-03T23:56:27.794Z] │                         │                │          │          │                                  │                    │ https://avd.aquasec.com/nvd/cve-2026-53612                   │
[2026-09-03T23:56:27.794Z] │                         ├────────────────┤          │          │                                  │                    ├──────────────────────────────────────────────────────────────┤
[2026-09-03T23:56:27.794Z] │                         │ CVE-2026-53613 │          │          │                                  │                    │ util-linux: util-linux: TOCTOU in the mount program via      │
[2026-09-03T23:56:27.794Z] │                         │                │          │          │                                  │                    │ ancestor directory swap on...                                │
[2026-09-03T23:56:27.794Z] │                         │                │          │          │                                  │                    │ https://avd.aquasec.com/nvd/cve-2026-53613                   │
[2026-09-03T23:56:27.794Z] │                         ├────────────────┤          │          │                                  │                    ├──────────────────────────────────────────────────────────────┤
[2026-09-03T23:56:27.794Z] │                         │ CVE-2026-53614 │          │          │                                  │                    │ util-linux: util-linux: SUID mount(8) allows nosuid/noexec   │
[2026-09-03T23:56:27.794Z] │                         │                │          │          │                                  │                    │ bypass via LIBMOUNT_FORCE_MOUNT2                             │
[2026-09-03T23:56:27.794Z] │                         │                │          │          │                                  │                    │ https://avd.aquasec.com/nvd/cve-2026-53614                   │
[2026-09-03T23:56:27.794Z] │                         ├────────────────┤          │          │                                  │                    ├──────────────────────────────────────────────────────────────┤
[2026-09-03T23:56:27.794Z] │                         │ CVE-2026-53615 │          │          │                                  │                    │ [Integer Overflow or Wraparound in                           │
[2026-09-03T23:56:27.794Z] │                         │                │          │          │                                  │                    │ libblkid/src/partitions/dos.c]                               │
[2026-09-03T23:56:27.794Z] │                         │                │          │          │                                  │                    │ https://avd.aquasec.com/nvd/cve-2026-53615                   │
[2026-09-03T23:56:27.794Z] ├─────────────────────────┼────────────────┤          │          ├──────────────────────────────────┤                    ├──────────────────────────────────────────────────────────────┤
[2026-09-03T23:56:27.794Z] │ mount                   │ CVE-2026-13595 │          │          │ 2.41.3-3ubuntu2                  │                    │ util-linux: util-linux: heap use-after-free in libblkid      │
[2026-09-03T23:56:27.794Z] │                         │                │          │          │                                  │                    │ nested partition probing                                     │
[2026-09-03T23:56:27.794Z] │                         │                │          │          │                                  │                    │ https://avd.aquasec.com/nvd/cve-2026-13595                   │
[2026-09-03T23:56:27.794Z] │                         ├────────────────┤          │          │                                  │                    ├──────────────────────────────────────────────────────────────┤
[2026-09-03T23:56:27.794Z] │                         │ CVE-2026-27456 │          │          │                                  │                    │ util-linux: TOCTOU in the mount program when setting up loop │
[2026-09-03T23:56:27.795Z] │                         │                │          │          │                                  │                    │ devices                                                      │
[2026-09-03T23:56:27.795Z] │                         │                │          │          │                                  │                    │ https://avd.aquasec.com/nvd/cve-2026-27456                   │
[2026-09-03T23:56:27.795Z] │                         ├────────────────┤          │          │                                  │                    ├──────────────────────────────────────────────────────────────┤
[2026-09-03T23:56:27.795Z] │                         │ CVE-2026-3184  │          │          │                                  │                    │ util-linux: util-linux: Access control bypass due to         │
[2026-09-03T23:56:27.795Z] │                         │                │          │          │                                  │                    │ improper hostname canonicalization                           │
[2026-09-03T23:56:27.795Z] │                         │                │          │          │                                  │                    │ https://avd.aquasec.com/nvd/cve-2026-3184                    │
[2026-09-03T23:56:27.795Z] │                         ├────────────────┤          │          │                                  │                    ├──────────────────────────────────────────────────────────────┤
[2026-09-03T23:56:27.795Z] │                         │ CVE-2026-53612 │          │          │                                  │                    │ util-linux: util-linux: TOCTOU in the mount program when     │
[2026-09-03T23:56:27.795Z] │                         │                │          │          │                                  │                    │ applying post-mount ownership/mode changes...                │
[2026-09-03T23:56:27.795Z] │                         │                │          │          │                                  │                    │ https://avd.aquasec.com/nvd/cve-2026-53612                   │
[2026-09-03T23:56:27.795Z] │                         ├────────────────┤          │          │                                  │                    ├──────────────────────────────────────────────────────────────┤
[2026-09-03T23:56:27.795Z] │                         │ CVE-2026-53613 │          │          │                                  │                    │ util-linux: util-linux: TOCTOU in the mount program via      │
[2026-09-03T23:56:27.795Z] │                         │                │          │          │                                  │                    │ ancestor directory swap on...                                │
[2026-09-03T23:56:27.795Z] │                         │                │          │          │                                  │                    │ https://avd.aquasec.com/nvd/cve-2026-53613                   │
[2026-09-03T23:56:27.795Z] │                         ├────────────────┤          │          │                                  │                    ├──────────────────────────────────────────────────────────────┤
[2026-09-03T23:56:27.795Z] │                         │ CVE-2026-53614 │          │          │                                  │                    │ util-linux: util-linux: SUID mount(8) allows nosuid/noexec   │
[2026-09-03T23:56:27.795Z] │                         │                │          │          │                                  │                    │ bypass via LIBMOUNT_FORCE_MOUNT2                             │
[2026-09-03T23:56:27.795Z] │                         │                │          │          │                                  │                    │ https://avd.aquasec.com/nvd/cve-2026-53614                   │
[2026-09-03T23:56:27.795Z] │                         ├────────────────┤          │          │                                  │                    ├──────────────────────────────────────────────────────────────┤
[2026-09-03T23:56:27.795Z] │                         │ CVE-2026-53615 │          │          │                                  │                    │ [Integer Overflow or Wraparound in                           │
[2026-09-03T23:56:27.795Z] │                         │                │          │          │                                  │                    │ libblkid/src/partitions/dos.c]                               │
[2026-09-03T23:56:27.795Z] │                         │                │          │          │                                  │                    │ https://avd.aquasec.com/nvd/cve-2026-53615                   │
[2026-09-03T23:56:27.795Z] ├─────────────────────────┼────────────────┤          │          ├──────────────────────────────────┼────────────────────┼──────────────────────────────────────────────────────────────┤
[2026-09-03T23:56:27.795Z] │ openssl                 │ CVE-2026-14456 │          │          │ 3.5.5-1ubuntu3.3                 │ 3.5.5-1ubuntu3.4   │ openssl: OpenSSL: Denial of Service via unbounded memory     │
[2026-09-03T23:56:27.795Z] │                         │                │          │          │                                  │                    │ growth in QUIC server...                                     │
[2026-09-03T23:56:27.795Z] │                         │                │          │          │                                  │                    │ https://avd.aquasec.com/nvd/cve-2026-14456                   │
[2026-09-03T23:56:27.795Z] │                         ├────────────────┤          │          │                                  │                    ├──────────────────────────────────────────────────────────────┤
[2026-09-03T23:56:27.795Z] │                         │ CVE-2026-18798 │          │          │                                  │                    │ openssl: QUIC server may trigger double free when processing │
[2026-09-03T23:56:27.795Z] │                         │                │          │          │                                  │                    │ INITIAL packet                                               │
[2026-09-03T23:56:27.795Z] │                         │                │          │          │                                  │                    │ https://avd.aquasec.com/nvd/cve-2026-18798                   │
[2026-09-03T23:56:27.795Z] │                         ├────────────────┤          │          │                                  │                    ├──────────────────────────────────────────────────────────────┤
[2026-09-03T23:56:27.795Z] │                         │ CVE-2026-63072 │          │          │                                  │                    │ openssl: heap buffer overflow in CMS key unwrapping          │
[2026-09-03T23:56:27.795Z] │                         │                │          │          │                                  │                    │ https://avd.aquasec.com/nvd/cve-2026-63072                   │
[2026-09-03T23:56:27.795Z] │                         ├────────────────┤          │          │                                  │                    ├──────────────────────────────────────────────────────────────┤
[2026-09-03T23:56:27.795Z] │                         │ CVE-2026-63076 │          │          │                                  │                    │ openssl: invalid pointer dereference in CMP server via       │
[2026-09-03T23:56:27.795Z] │                         │                │          │          │                                  │                    │ crafted protectionAlg                                        │
[2026-09-03T23:56:27.795Z] │                         │                │          │          │                                  │                    │ https://avd.aquasec.com/nvd/cve-2026-63076                   │
[2026-09-03T23:56:27.795Z] ├─────────────────────────┼────────────────┤          │          │                                  │                    ├──────────────────────────────────────────────────────────────┤
[2026-09-03T23:56:27.795Z] │ openssl-provider-legacy │ CVE-2026-14456 │          │          │                                  │                    │ openssl: OpenSSL: Denial of Service via unbounded memory     │
[2026-09-03T23:56:27.795Z] │                         │                │          │          │                                  │                    │ growth in QUIC server...                                     │
[2026-09-03T23:56:27.795Z] │                         │                │          │          │                                  │                    │ https://avd.aquasec.com/nvd/cve-2026-14456                   │
[2026-09-03T23:56:27.796Z] │                         ├────────────────┤          │          │                                  │                    ├──────────────────────────────────────────────────────────────┤
[2026-09-03T23:56:27.796Z] │                         │ CVE-2026-18798 │          │          │                                  │                    │ openssl: QUIC server may trigger double free when processing │
[2026-09-03T23:56:27.796Z] │                         │                │          │          │                                  │                    │ INITIAL packet                                               │
[2026-09-03T23:56:27.796Z] │                         │                │          │          │                                  │                    │ https://avd.aquasec.com/nvd/cve-2026-18798                   │
[2026-09-03T23:56:27.796Z] │                         ├────────────────┤          │          │                                  │                    ├──────────────────────────────────────────────────────────────┤
[2026-09-03T23:56:27.796Z] │                         │ CVE-2026-63072 │          │          │                                  │                    │ openssl: heap buffer overflow in CMS key unwrapping          │
[2026-09-03T23:56:27.796Z] │                         │                │          │          │                                  │                    │ https://avd.aquasec.com/nvd/cve-2026-63072                   │
[2026-09-03T23:56:27.796Z] │                         ├────────────────┤          │          │                                  │                    ├──────────────────────────────────────────────────────────────┤
[2026-09-03T23:56:27.796Z] │                         │ CVE-2026-63076 │          │          │                                  │                    │ openssl: invalid pointer dereference in CMP server via       │
[2026-09-03T23:56:27.796Z] │                         │                │          │          │                                  │                    │ crafted protectionAlg                                        │
[2026-09-03T23:56:27.796Z] │                         │                │          │          │                                  │                    │ https://avd.aquasec.com/nvd/cve-2026-63076                   │
[2026-09-03T23:56:27.796Z] ├─────────────────────────┼────────────────┤          ├──────────┼──────────────────────────────────┼────────────────────┼──────────────────────────────────────────────────────────────┤
[2026-09-03T23:56:27.796Z] │ p11-kit                 │ CVE-2026-13757 │          │ affected │ 0.26.2-2                         │                    │ p11-kit: Stack exhaustion via unbounded recursion in RPC     │
[2026-09-03T23:56:27.796Z] │                         │                │          │          │                                  │                    │ attribute parsing                                            │
[2026-09-03T23:56:27.796Z] │                         │                │          │          │                                  │                    │ https://avd.aquasec.com/nvd/cve-2026-13757                   │
[2026-09-03T23:56:27.796Z] ├─────────────────────────┤                │          │          │                                  ├────────────────────┤                                                              │
[2026-09-03T23:56:27.796Z] │ p11-kit-modules         │                │          │          │                                  │                    │                                                              │
[2026-09-03T23:56:27.796Z] │                         │                │          │          │                                  │                    │                                                              │
[2026-09-03T23:56:27.796Z] │                         │                │          │          │                                  │                    │                                                              │
[2026-09-03T23:56:27.796Z] ├─────────────────────────┼────────────────┤          │          ├──────────────────────────────────┼────────────────────┼──────────────────────────────────────────────────────────────┤
[2026-09-03T23:56:27.796Z] │ rust-coreutils          │ CVE-2026-35341 │          │          │ 0.8.0-0ubuntu3                   │                    │ A vulnerability in uutils coreutils mkfifo allows for the    │
[2026-09-03T23:56:27.796Z] │                         │                │          │          │                                  │                    │ unauthorized ...                                             │
[2026-09-03T23:56:27.796Z] │                         │                │          │          │                                  │                    │ https://avd.aquasec.com/nvd/cve-2026-35341                   │
[2026-09-03T23:56:27.796Z] │                         ├────────────────┤          │          │                                  ├────────────────────┼──────────────────────────────────────────────────────────────┤
[2026-09-03T23:56:27.796Z] │                         │ CVE-2026-35344 │          │          │                                  │                    │ The dd utility in uutils coreutils suppresses errors during  │
[2026-09-03T23:56:27.796Z] │                         │                │          │          │                                  │                    │ file trunc ......                                            │
[2026-09-03T23:56:27.796Z] │                         │                │          │          │                                  │                    │ https://avd.aquasec.com/nvd/cve-2026-35344                   │
[2026-09-03T23:56:27.796Z] │                         ├────────────────┤          │          │                                  ├────────────────────┼──────────────────────────────────────────────────────────────┤
[2026-09-03T23:56:27.796Z] │                         │ CVE-2026-35345 │          │          │                                  │                    │ A vulnerability in the tail utility of uutils coreutils      │
[2026-09-03T23:56:27.796Z] │                         │                │          │          │                                  │                    │ allows for the...                                            │
[2026-09-03T23:56:27.796Z] │                         │                │          │          │                                  │                    │ https://avd.aquasec.com/nvd/cve-2026-35345                   │
[2026-09-03T23:56:27.796Z] │                         ├────────────────┤          │          │                                  ├────────────────────┼──────────────────────────────────────────────────────────────┤
[2026-09-03T23:56:27.796Z] │                         │ CVE-2026-35348 │          │          │                                  │                    │ The sort utility in uutils coreutils is vulnerable to a      │
[2026-09-03T23:56:27.796Z] │                         │                │          │          │                                  │                    │ process panic...                                             │
[2026-09-03T23:56:27.796Z] │                         │                │          │          │                                  │                    │ https://avd.aquasec.com/nvd/cve-2026-35348                   │
[2026-09-03T23:56:27.796Z] │                         ├────────────────┤          │          │                                  ├────────────────────┼──────────────────────────────────────────────────────────────┤
[2026-09-03T23:56:27.796Z] │                         │ CVE-2026-35350 │          │          │                                  │                    │ The cp utility in uutils coreutils fails to properly handle  │
[2026-09-03T23:56:27.796Z] │                         │                │          │          │                                  │                    │ setuid and...                                                │
[2026-09-03T23:56:27.796Z] │                         │                │          │          │                                  │                    │ https://avd.aquasec.com/nvd/cve-2026-35350                   │
[2026-09-03T23:56:27.796Z] │                         ├────────────────┤          │          │                                  ├────────────────────┼──────────────────────────────────────────────────────────────┤
[2026-09-03T23:56:27.796Z] │                         │ CVE-2026-35351 │          │          │                                  │                    │ The mv utility in uutils coreutils fails to preserve file    │
[2026-09-03T23:56:27.796Z] │                         │                │          │          │                                  │                    │ ownership du...                                              │
[2026-09-03T23:56:27.796Z] │                         │                │          │          │                                  │                    │ https://avd.aquasec.com/nvd/cve-2026-35351                   │
[2026-09-03T23:56:27.796Z] │                         ├────────────────┤          │          │                                  ├────────────────────┼──────────────────────────────────────────────────────────────┤
[2026-09-03T23:56:27.796Z] │                         │ CVE-2026-35352 │          │          │                                  │                    │ A Time-of-Check to Time-of-Use (TOCTOU) race condition       │
[2026-09-03T23:56:27.796Z] │                         │                │          │          │                                  │                    │ exists in the m ......                                       │
[2026-09-03T23:56:27.796Z] │                         │                │          │          │                                  │                    │ https://avd.aquasec.com/nvd/cve-2026-35352                   │
[2026-09-03T23:56:27.796Z] │                         ├────────────────┤          │          │                                  ├────────────────────┼──────────────────────────────────────────────────────────────┤
[2026-09-03T23:56:27.796Z] │                         │ CVE-2026-35354 │          │          │                                  │                    │ A Time-of-Check to Time-of-Use (TOCTOU) vulnerability exists │
[2026-09-03T23:56:27.796Z] │                         │                │          │          │                                  │                    │ in the mv ...                                                │
[2026-09-03T23:56:27.796Z] │                         │                │          │          │                                  │                    │ https://avd.aquasec.com/nvd/cve-2026-35354                   │
[2026-09-03T23:56:27.796Z] │                         ├────────────────┤          │          │                                  ├────────────────────┼──────────────────────────────────────────────────────────────┤
[2026-09-03T23:56:27.796Z] │                         │ CVE-2026-35357 │          │          │                                  │                    │ The cp utility in uutils coreutils is vulnerable to an       │
[2026-09-03T23:56:27.796Z] │                         │                │          │          │                                  │                    │ information dis...                                           │
[2026-09-03T23:56:27.796Z] │                         │                │          │          │                                  │                    │ https://avd.aquasec.com/nvd/cve-2026-35357                   │
[2026-09-03T23:56:27.796Z] │                         ├────────────────┤          │          │                                  ├────────────────────┼──────────────────────────────────────────────────────────────┤
[2026-09-03T23:56:27.796Z] │                         │ CVE-2026-35359 │          │          │                                  │                    │ A Time-of-Check to Time-of-Use (TOCTOU) vulnerability in the │
[2026-09-03T23:56:27.796Z] │                         │                │          │          │                                  │                    │ cp utilit ...                                                │
[2026-09-03T23:56:27.796Z] │                         │                │          │          │                                  │                    │ https://avd.aquasec.com/nvd/cve-2026-35359                   │
[2026-09-03T23:56:27.796Z] │                         ├────────────────┤          │          │                                  ├────────────────────┼──────────────────────────────────────────────────────────────┤
[2026-09-03T23:56:27.796Z] │                         │ CVE-2026-35360 │          │          │                                  │                    │ The touch utility in uutils coreutils is vulnerable to a     │
[2026-09-03T23:56:27.796Z] │                         │                │          │          │                                  │                    │ Time-of-Check ......                                         │
[2026-09-03T23:56:27.796Z] │                         │                │          │          │                                  │                    │ https://avd.aquasec.com/nvd/cve-2026-35360                   │
[2026-09-03T23:56:27.796Z] │                         ├────────────────┤          │          │                                  ├────────────────────┼──────────────────────────────────────────────────────────────┤
[2026-09-03T23:56:27.796Z] │                         │ CVE-2026-35363 │          │          │                                  │                    │ A vulnerability in the rm utility of uutils coreutils allows │
[2026-09-03T23:56:27.796Z] │                         │                │          │          │                                  │                    │ the bypas...                                                 │
[2026-09-03T23:56:27.796Z] │                         │                │          │          │                                  │                    │ https://avd.aquasec.com/nvd/cve-2026-35363                   │
[2026-09-03T23:56:27.796Z] │                         ├────────────────┤          │          │                                  ├────────────────────┼──────────────────────────────────────────────────────────────┤
[2026-09-03T23:56:27.796Z] │                         │ CVE-2026-35364 │          │          │                                  │                    │ A Time-of-Check to Time-of-Use (TOCTOU) race condition       │
[2026-09-03T23:56:27.796Z] │                         │                │          │          │                                  │                    │ exists in the m ......                                       │
[2026-09-03T23:56:27.796Z] │                         │                │          │          │                                  │                    │ https://avd.aquasec.com/nvd/cve-2026-35364                   │
[2026-09-03T23:56:27.796Z] │                         ├────────────────┤          │          │                                  ├────────────────────┼──────────────────────────────────────────────────────────────┤
[2026-09-03T23:56:27.796Z] │                         │ CVE-2026-35367 │          │          │                                  │                    │ The nohup utility in uutils coreutils creates its default    │
[2026-09-03T23:56:27.796Z] │                         │                │          │          │                                  │                    │ output file, ......                                          │
[2026-09-03T23:56:27.796Z] │                         │                │          │          │                                  │                    │ https://avd.aquasec.com/nvd/cve-2026-35367                   │
[2026-09-03T23:56:27.796Z] │                         ├────────────────┤          │          │                                  ├────────────────────┼──────────────────────────────────────────────────────────────┤
[2026-09-03T23:56:27.796Z] │                         │ CVE-2026-35368 │          │          │                                  │                    │ A vulnerability exists in the chroot utility of uutils       │
[2026-09-03T23:56:27.796Z] │                         │                │          │          │                                  │                    │ coreutils when ...                                           │
[2026-09-03T23:56:27.796Z] │                         │                │          │          │                                  │                    │ https://avd.aquasec.com/nvd/cve-2026-35368                   │
[2026-09-03T23:56:27.796Z] │                         ├────────────────┤          │          │                                  ├────────────────────┼──────────────────────────────────────────────────────────────┤
[2026-09-03T23:56:27.796Z] │                         │ CVE-2026-35370 │          │          │                                  │                    │ The id utility in uutils coreutils miscalculates the groups= │
[2026-09-03T23:56:27.796Z] │                         │                │          │          │                                  │                    │ section o ......                                             │
[2026-09-03T23:56:27.796Z] │                         │                │          │          │                                  │                    │ https://avd.aquasec.com/nvd/cve-2026-35370                   │
[2026-09-03T23:56:27.796Z] │                         ├────────────────┤          │          │                                  ├────────────────────┼──────────────────────────────────────────────────────────────┤
[2026-09-03T23:56:27.796Z] │                         │ CVE-2026-35371 │          │          │                                  │                    │ The id utility in uutils coreutils exhibits incorrect        │
[2026-09-03T23:56:27.796Z] │                         │                │          │          │                                  │                    │ behavior in its ...                                          │
[2026-09-03T23:56:27.796Z] │                         │                │          │          │                                  │                    │ https://avd.aquasec.com/nvd/cve-2026-35371                   │
[2026-09-03T23:56:27.796Z] │                         ├────────────────┤          │          │                                  ├────────────────────┼──────────────────────────────────────────────────────────────┤
[2026-09-03T23:56:27.796Z] │                         │ CVE-2026-35373 │          │          │                                  │                    │ A logic error in the ln utility of uutils coreutils causes   │
[2026-09-03T23:56:27.796Z] │                         │                │          │          │                                  │                    │ the...                                                       │
[2026-09-03T23:56:27.796Z] │                         │                │          │          │                                  │                    │ https://avd.aquasec.com/nvd/cve-2026-35373                   │
[2026-09-03T23:56:27.796Z] │                         ├────────────────┤          │          │                                  ├────────────────────┼──────────────────────────────────────────────────────────────┤
[2026-09-03T23:56:27.796Z] │                         │ CVE-2026-35374 │          │          │                                  │                    │ A Time-of-Check to Time-of-Use (TOCTOU) vulnerability exists │
[2026-09-03T23:56:27.796Z] │                         │                │          │          │                                  │                    │ in the sp ...                                                │
[2026-09-03T23:56:27.796Z] │                         │                │          │          │                                  │                    │ https://avd.aquasec.com/nvd/cve-2026-35374                   │
[2026-09-03T23:56:27.796Z] │                         ├────────────────┤          │          │                                  ├────────────────────┼──────────────────────────────────────────────────────────────┤
[2026-09-03T23:56:27.796Z] │                         │ CVE-2026-35377 │          │          │                                  │                    │ A logic error in the env utility of uutils coreutils causes  │
[2026-09-03T23:56:27.796Z] │                         │                │          │          │                                  │                    │ a...                                                         │
[2026-09-03T23:56:27.796Z] │                         │                │          │          │                                  │                    │ https://avd.aquasec.com/nvd/cve-2026-35377                   │
[2026-09-03T23:56:27.796Z] ├─────────────────────────┼────────────────┤          │          ├──────────────────────────────────┼────────────────────┼──────────────────────────────────────────────────────────────┤
[2026-09-03T23:56:27.796Z] │ tar                     │ CVE-2026-18477 │          │          │ 1.35+dfsg-4ubuntu0.4             │                    │ tar: tar: TOCTOU in incremental dumpdir 'X' rename handling  │
[2026-09-03T23:56:27.796Z] │                         │                │          │          │                                  │                    │ allows restore path...                                       │
[2026-09-03T23:56:27.796Z] │                         │                │          │          │                                  │                    │ https://avd.aquasec.com/nvd/cve-2026-18477                   │
[2026-09-03T23:56:27.796Z] │                         ├────────────────┤          │          │                                  ├────────────────────┼──────────────────────────────────────────────────────────────┤
[2026-09-03T23:56:27.796Z] │                         │ CVE-2026-18508 │          │          │                                  │                    │ tar: tar: --one-top-level hardlink targets not confined to   │
[2026-09-03T23:56:27.796Z] │                         │                │          │          │                                  │                    │ top-level directory enabling arbitrary...                    │
[2026-09-03T23:56:27.796Z] │                         │                │          │          │                                  │                    │ https://avd.aquasec.com/nvd/cve-2026-18508                   │
[2026-09-03T23:56:27.796Z] ├─────────────────────────┼────────────────┤          ├──────────┼──────────────────────────────────┼────────────────────┼──────────────────────────────────────────────────────────────┤
[2026-09-03T23:56:27.796Z] │ util-linux              │ CVE-2026-13595 │          │ fixed    │ 2.41.3-3ubuntu2                  │ 2.41.3-3ubuntu2.2  │ util-linux: util-linux: heap use-after-free in libblkid      │
[2026-09-03T23:56:27.796Z] │                         │                │          │          │                                  │                    │ nested partition probing                                     │
[2026-09-03T23:56:27.796Z] │                         │                │          │          │                                  │                    │ https://avd.aquasec.com/nvd/cve-2026-13595                   │
[2026-09-03T23:56:27.796Z] │                         ├────────────────┤          │          │                                  │                    ├──────────────────────────────────────────────────────────────┤
[2026-09-03T23:56:27.797Z] │                         │ CVE-2026-27456 │          │          │                                  │                    │ util-linux: TOCTOU in the mount program when setting up loop │
[2026-09-03T23:56:27.797Z] │                         │                │          │          │                                  │                    │ devices                                                      │
[2026-09-03T23:56:27.797Z] │                         │                │          │          │                                  │                    │ https://avd.aquasec.com/nvd/cve-2026-27456                   │
[2026-09-03T23:56:27.797Z] │                         ├────────────────┤          │          │                                  │                    ├──────────────────────────────────────────────────────────────┤
[2026-09-03T23:56:27.797Z] │                         │ CVE-2026-3184  │          │          │                                  │                    │ util-linux: util-linux: Access control bypass due to         │
[2026-09-03T23:56:27.797Z] │                         │                │          │          │                                  │                    │ improper hostname canonicalization                           │
[2026-09-03T23:56:27.797Z] │                         │                │          │          │                                  │                    │ https://avd.aquasec.com/nvd/cve-2026-3184                    │
[2026-09-03T23:56:27.797Z] │                         ├────────────────┤          │          │                                  │                    ├──────────────────────────────────────────────────────────────┤
[2026-09-03T23:56:27.797Z] │                         │ CVE-2026-53612 │          │          │                                  │                    │ util-linux: util-linux: TOCTOU in the mount program when     │
[2026-09-03T23:56:27.797Z] │                         │                │          │          │                                  │                    │ applying post-mount ownership/mode changes...                │
[2026-09-03T23:56:27.797Z] │                         │                │          │          │                                  │                    │ https://avd.aquasec.com/nvd/cve-2026-53612                   │
[2026-09-03T23:56:27.797Z] │                         ├────────────────┤          │          │                                  │                    ├──────────────────────────────────────────────────────────────┤
[2026-09-03T23:56:27.797Z] │                         │ CVE-2026-53613 │          │          │                                  │                    │ util-linux: util-linux: TOCTOU in the mount program via      │
[2026-09-03T23:56:27.797Z] │                         │                │          │          │                                  │                    │ ancestor directory swap on...                                │
[2026-09-03T23:56:27.797Z] │                         │                │          │          │                                  │                    │ https://avd.aquasec.com/nvd/cve-2026-53613                   │
[2026-09-03T23:56:27.797Z] │                         ├────────────────┤          │          │                                  │                    ├──────────────────────────────────────────────────────────────┤
[2026-09-03T23:56:27.797Z] │                         │ CVE-2026-53614 │          │          │                                  │                    │ util-linux: util-linux: SUID mount(8) allows nosuid/noexec   │
[2026-09-03T23:56:27.797Z] │                         │                │          │          │                                  │                    │ bypass via LIBMOUNT_FORCE_MOUNT2                             │
[2026-09-03T23:56:27.797Z] │                         │                │          │          │                                  │                    │ https://avd.aquasec.com/nvd/cve-2026-53614                   │
[2026-09-03T23:56:27.797Z] │                         ├────────────────┤          │          │                                  │                    ├──────────────────────────────────────────────────────────────┤
[2026-09-03T23:56:27.797Z] │                         │ CVE-2026-53615 │          │          │                                  │                    │ [Integer Overflow or Wraparound in                           │
[2026-09-03T23:56:27.797Z] │                         │                │          │          │                                  │                    │ libblkid/src/partitions/dos.c]                               │
[2026-09-03T23:56:27.797Z] │                         │                │          │          │                                  │                    │ https://avd.aquasec.com/nvd/cve-2026-53615                   │
[2026-09-03T23:56:27.797Z] ├─────────────────────────┼────────────────┤          ├──────────┼──────────────────────────────────┼────────────────────┼──────────────────────────────────────────────────────────────┤
[2026-09-03T23:56:27.797Z] │ wget                    │ CVE-2021-31879 │          │ affected │ 1.25.0-2ubuntu4.4                │                    │ wget: authorization header disclosure on redirect            │
[2026-09-03T23:56:27.797Z] │                         │                │          │          │                                  │                    │ https://avd.aquasec.com/nvd/cve-2021-31879                   │
[2026-09-03T23:56:27.797Z] └─────────────────────────┴────────────────┴──────────┴──────────┴──────────────────────────────────┴────────────────────┴──────────────────────────────────────────────────────────────┘
[2026-09-03T23:56:27.797Z] 
[2026-09-03T23:56:27.797Z] Java (jar)
[2026-09-03T23:56:27.797Z] ==========
[2026-09-03T23:56:27.797Z] Total: 30 (MEDIUM: 20, HIGH: 10, CRITICAL: 0)
[2026-09-03T23:56:27.797Z] 
[2026-09-03T23:56:27.797Z] ┌───────────────────────────────────────────────────────┬─────────────────────┬──────────┬────────┬───────────────────┬───────────────────────────────┬──────────────────────────────────────────────────────────────┐
[2026-09-03T23:56:27.797Z] │                        Library                        │    Vulnerability    │ Severity │ Status │ Installed Version │         Fixed Version         │                            Title                             │
[2026-09-03T23:56:27.797Z] ├───────────────────────────────────────────────────────┼─────────────────────┼──────────┼────────┼───────────────────┼───────────────────────────────┼──────────────────────────────────────────────────────────────┤
[2026-09-03T23:56:27.797Z] │ ch.qos.logback:logback-core (app.jar)                 │ CVE-2024-12798      │ MEDIUM   │ fixed  │ 1.4.14            │ 1.5.13, 1.3.15                │ logback-core: arbitrary code execution via                   │
[2026-09-03T23:56:27.797Z] │                                                       │                     │          │        │                   │                               │ JaninoEventEvaluator                                         │
[2026-09-03T23:56:27.797Z] │                                                       │                     │          │        │                   │                               │ https://avd.aquasec.com/nvd/cve-2024-12798                   │
[2026-09-03T23:56:27.797Z] │                                                       ├─────────────────────┤          │        │                   ├───────────────────────────────┼──────────────────────────────────────────────────────────────┤
[2026-09-03T23:56:27.797Z] │                                                       │ CVE-2025-11226      │          │        │                   │ 1.5.19, 1.3.16                │ ch.qos.logback/logback-core: Conditional abitrary code       │
[2026-09-03T23:56:27.797Z] │                                                       │                     │          │        │                   │                               │ execution in logback-core                                    │
[2026-09-03T23:56:27.797Z] │                                                       │                     │          │        │                   │                               │ https://avd.aquasec.com/nvd/cve-2025-11226                   │
[2026-09-03T23:56:27.797Z] ├───────────────────────────────────────────────────────┼─────────────────────┼──────────┤        ├───────────────────┼───────────────────────────────┼──────────────────────────────────────────────────────────────┤
[2026-09-03T23:56:27.797Z] │ com.fasterxml.jackson.core:jackson-core (app.jar)     │ GHSA-r7wm-3cxj-wff9 │ HIGH     │        │ 2.15.4            │ 2.18.8, 2.21.4                │ jackson-core: Async parser maxNumberLength bypass via        │
[2026-09-03T23:56:27.797Z] │                                                       │                     │          │        │                   │                               │ chunked digit accumulation (incomplete fix for...            │
[2026-09-03T23:56:27.797Z] │                                                       │                     │          │        │                   │                               │ https://github.com/advisories/GHSA-r7wm-3cxj-wff9            │
[2026-09-03T23:56:27.797Z] │                                                       ├─────────────────────┼──────────┤        │                   ├───────────────────────────────┼──────────────────────────────────────────────────────────────┤
[2026-09-03T23:56:27.797Z] │                                                       │ CVE-2026-18401      │ MEDIUM   │        │                   │ 2.21.1, 2.18.6                │ tools.jackson.core/jackson-core:                             │
[2026-09-03T23:56:27.797Z] │                                                       │                     │          │        │                   │                               │ com.fasterxml.jackson.core/jackson-core: jackson-core:       │
[2026-09-03T23:56:27.797Z] │                                                       │                     │          │        │                   │                               │ Denial of Service due to number length bypass in...          │
[2026-09-03T23:56:27.797Z] │                                                       │                     │          │        │                   │                               │ https://avd.aquasec.com/nvd/cve-2026-18401                   │
[2026-09-03T23:56:27.797Z] ├───────────────────────────────────────────────────────┼─────────────────────┼──────────┤        │                   ├───────────────────────────────┼──────────────────────────────────────────────────────────────┤
[2026-09-03T23:56:27.797Z] │ com.fasterxml.jackson.core:jackson-databind (app.jar) │ CVE-2026-54512      │ HIGH     │        │                   │ 2.18.8, 3.1.4, 2.21.4         │ jackson-databind: jackson-databind: Arbitrary code execution │
[2026-09-03T23:56:27.797Z] │                                                       │                     │          │        │                   │                               │ via PolymorphicTypeValidator bypass                          │
[2026-09-03T23:56:27.797Z] │                                                       │                     │          │        │                   │                               │ https://avd.aquasec.com/nvd/cve-2026-54512                   │
[2026-09-03T23:56:27.797Z] │                                                       ├─────────────────────┤          │        │                   ├───────────────────────────────┼──────────────────────────────────────────────────────────────┤
[2026-09-03T23:56:27.797Z] │                                                       │ CVE-2026-54513      │          │        │                   │ 2.18.8, 2.21.4, 3.1.4         │ jackson-databind: Jackson-databind: Security bypass allows   │
[2026-09-03T23:56:27.797Z] │                                                       │                     │          │        │                   │                               │ arbitrary code execution                                     │
[2026-09-03T23:56:27.797Z] │                                                       │                     │          │        │                   │                               │ https://avd.aquasec.com/nvd/cve-2026-54513                   │
[2026-09-03T23:56:27.797Z] │                                                       ├─────────────────────┼──────────┤        │                   │                               ├──────────────────────────────────────────────────────────────┤
[2026-09-03T23:56:27.797Z] │                                                       │ CVE-2026-54514      │ MEDIUM   │        │                   │                               │ jackson-databind: jackson-databind: Information Disclosure   │
[2026-09-03T23:56:27.797Z] │                                                       │                     │          │        │                   │                               │ via Eager DNS Resolution                                     │
[2026-09-03T23:56:27.797Z] │                                                       │                     │          │        │                   │                               │ https://avd.aquasec.com/nvd/cve-2026-54514                   │
[2026-09-03T23:56:27.797Z] │                                                       ├─────────────────────┤          │        │                   ├───────────────────────────────┼──────────────────────────────────────────────────────────────┤
[2026-09-03T23:56:27.797Z] │                                                       │ CVE-2026-54515      │          │        │                   │ 3.1.4, 2.18.9, 2.21.5, 2.22.1 │ jackson-databind: jackson-databind: Ignored properties can   │
[2026-09-03T23:56:27.797Z] │                                                       │                     │          │        │                   │                               │ be unexpectedly modified                                     │
[2026-09-03T23:56:27.797Z] │                                                       │                     │          │        │                   │                               │ https://avd.aquasec.com/nvd/cve-2026-54515                   │
[2026-09-03T23:56:27.797Z] │                                                       ├─────────────────────┤          │        │                   ├───────────────────────────────┼──────────────────────────────────────────────────────────────┤
[2026-09-03T23:56:27.797Z] │                                                       │ CVE-2026-59888      │          │        │                   │ 2.18.8, 2.21.4                │ com.fasterxml.jackson.core/jackson-databind:                 │
[2026-09-03T23:56:27.797Z] │                                                       │                     │          │        │                   │                               │ tools.jackson.core/jackson-databind: jackson-databind:       │
[2026-09-03T23:56:27.797Z] │                                                       │                     │          │        │                   │                               │ @JsonIgnore bypass in Java Records                           │
[2026-09-03T23:56:27.797Z] │                                                       │                     │          │        │                   │                               │ https://avd.aquasec.com/nvd/cve-2026-59888                   │
[2026-09-03T23:56:27.797Z] ├───────────────────────────────────────────────────────┼─────────────────────┤          │        ├───────────────────┼───────────────────────────────┼──────────────────────────────────────────────────────────────┤
[2026-09-03T23:56:27.797Z] │ org.apache.logging.log4j:log4j-api (app.jar)          │ CVE-2026-49844      │          │        │ 2.21.1            │ 2.25.5, 2.26.1                │ org.apache.logging.log4j/log4j-api: Apache Log4j API:        │
[2026-09-03T23:56:27.797Z] │                                                       │                     │          │        │                   │                               │ Malformed JSON output due to improper encoding of...         │
[2026-09-03T23:56:27.797Z] │                                                       │                     │          │        │                   │                               │ https://avd.aquasec.com/nvd/cve-2026-49844                   │
[2026-09-03T23:56:27.797Z] ├───────────────────────────────────────────────────────┼─────────────────────┼──────────┤        ├───────────────────┼───────────────────────────────┼──────────────────────────────────────────────────────────────┤
[2026-09-03T23:56:27.797Z] │ org.springframework.boot:spring-boot (app.jar)        │ CVE-2025-22235      │ HIGH     │        │ 3.2.5             │ 3.3.11, 3.4.5                 │ org.springframework.boot/spring-boot: Spring Boot            │
[2026-09-03T23:56:27.797Z] │                                                       │                     │          │        │                   │                               │ EndpointRequest.to() creates wrong matcher if actuator       │
[2026-09-03T23:56:27.797Z] │                                                       │                     │          │        │                   │                               │ endpoint is not...                                           │
[2026-09-03T23:56:27.797Z] │                                                       │                     │          │        │                   │                               │ https://avd.aquasec.com/nvd/cve-2025-22235                   │
[2026-09-03T23:56:27.797Z] ├───────────────────────────────────────────────────────┼─────────────────────┼──────────┤        ├───────────────────┼───────────────────────────────┼──────────────────────────────────────────────────────────────┤
[2026-09-03T23:56:27.797Z] │ org.springframework:spring-context (app.jar)          │ CVE-2024-38820      │ MEDIUM   │        │ 6.1.6             │ 6.1.14                        │ The fix for CVE-2022-22968 made disallowedFieldspatterns in  │
[2026-09-03T23:56:27.797Z] │                                                       │                     │          │        │                   │                               │ DataBinder ...                                               │
[2026-09-03T23:56:27.797Z] │                                                       │                     │          │        │                   │                               │ https://avd.aquasec.com/nvd/cve-2024-38820                   │
[2026-09-03T23:56:27.797Z] ├───────────────────────────────────────────────────────┼─────────────────────┼──────────┤        │                   ├───────────────────────────────┼──────────────────────────────────────────────────────────────┤
[2026-09-03T23:56:27.797Z] │ org.springframework:spring-core (app.jar)             │ CVE-2025-41249      │ HIGH     │        │                   │ 6.2.11                        │ org.springframework/spring-core: Spring Framework Annotation │
[2026-09-03T23:56:27.797Z] │                                                       │                     │          │        │                   │                               │ Detection Vulnerability                                      │
[2026-09-03T23:56:27.797Z] │                                                       │                     │          │        │                   │                               │ https://avd.aquasec.com/nvd/cve-2025-41249                   │
[2026-09-03T23:56:27.797Z] ├───────────────────────────────────────────────────────┼─────────────────────┤          │        │                   ├───────────────────────────────┼──────────────────────────────────────────────────────────────┤
[2026-09-03T23:56:27.797Z] │ org.springframework:spring-expression (app.jar)       │ CVE-2026-41850      │          │        │                   │ 7.0.8, 6.2.19                 │ spring-framework: Spring Framework: Denial of Service via    │
[2026-09-03T23:56:27.797Z] │                                                       │                     │          │        │                   │                               │ specially crafted SpEL expressions                           │
[2026-09-03T23:56:27.797Z] │                                                       │                     │          │        │                   │                               │ https://avd.aquasec.com/nvd/cve-2026-41850                   │
[2026-09-03T23:56:27.797Z] │                                                       ├─────────────────────┼──────────┤        │                   │                               ├──────────────────────────────────────────────────────────────┤
[2026-09-03T23:56:27.797Z] │                                                       │ CVE-2026-41851      │ MEDIUM   │        │                   │                               │ Spring Framework: Spring Framework: Denial of Service via    │
[2026-09-03T23:56:27.798Z] │                                                       │                     │          │        │                   │                               │ unbounded cache growth in...                                 │
[2026-09-03T23:56:27.798Z] │                                                       │                     │          │        │                   │                               │ https://avd.aquasec.com/nvd/cve-2026-41851                   │
[2026-09-03T23:56:27.798Z] ├───────────────────────────────────────────────────────┼─────────────────────┤          │        │                   ├───────────────────────────────┼──────────────────────────────────────────────────────────────┤
[2026-09-03T23:56:27.798Z] │ org.springframework:spring-web (app.jar)              │ CVE-2024-38809      │          │        │                   │ 5.3.38, 6.0.23, 6.1.12        │ org.springframework:spring-web: Spring Framework DoS via     │
[2026-09-03T23:56:27.798Z] │                                                       │                     │          │        │                   │                               │ conditional HTTP request                                     │
[2026-09-03T23:56:27.798Z] │                                                       │                     │          │        │                   │                               │ https://avd.aquasec.com/nvd/cve-2024-38809                   │
[2026-09-03T23:56:27.798Z] │                                                       ├─────────────────────┤          │        │                   ├───────────────────────────────┼──────────────────────────────────────────────────────────────┤
[2026-09-03T23:56:27.798Z] │                                                       │ CVE-2024-38820      │          │        │                   │ 6.1.14                        │ The fix for CVE-2022-22968 made disallowedFieldspatterns in  │
[2026-09-03T23:56:27.798Z] │                                                       │                     │          │        │                   │                               │ DataBinder ...                                               │
[2026-09-03T23:56:27.798Z] │                                                       │                     │          │        │                   │                               │ https://avd.aquasec.com/nvd/cve-2024-38820                   │
[2026-09-03T23:56:27.798Z] │                                                       ├─────────────────────┤          │        │                   ├───────────────────────────────┼──────────────────────────────────────────────────────────────┤
[2026-09-03T23:56:27.798Z] │                                                       │ CVE-2025-41234      │          │        │                   │ 6.2.8, 6.1.21                 │ springframework: Reflected download attack in Spring         │
[2026-09-03T23:56:27.798Z] │                                                       │                     │          │        │                   │                               │ Framework with non-ASCII headers                             │
[2026-09-03T23:56:27.798Z] │                                                       │                     │          │        │                   │                               │ https://avd.aquasec.com/nvd/cve-2025-41234                   │
[2026-09-03T23:56:27.798Z] ├───────────────────────────────────────────────────────┼─────────────────────┼──────────┤        │                   ├───────────────────────────────┼──────────────────────────────────────────────────────────────┤
[2026-09-03T23:56:27.798Z] │ org.springframework:spring-webmvc (app.jar)           │ CVE-2024-38816      │ HIGH     │        │                   │ 6.1.13                        │ spring-webmvc: Path Traversal Vulnerability in Spring        │
[2026-09-03T23:56:27.798Z] │                                                       │                     │          │        │                   │                               │ Applications Using RouterFunctions and FileSystemResource    │
[2026-09-03T23:56:27.798Z] │                                                       │                     │          │        │                   │                               │ https://avd.aquasec.com/nvd/cve-2024-38816                   │
[2026-09-03T23:56:27.798Z] │                                                       ├─────────────────────┤          │        │                   ├───────────────────────────────┼──────────────────────────────────────────────────────────────┤
[2026-09-03T23:56:27.798Z] │                                                       │ CVE-2024-38819      │          │        │                   │ 6.1.14                        │ org.springframework:spring-webmvc: Path traversal            │
[2026-09-03T23:56:27.798Z] │                                                       │                     │          │        │                   │                               │ vulnerability in functional web frameworks                   │
[2026-09-03T23:56:27.798Z] │                                                       │                     │          │        │                   │                               │ https://avd.aquasec.com/nvd/cve-2024-38819                   │
[2026-09-03T23:56:27.798Z] │                                                       ├─────────────────────┤          │        │                   ├───────────────────────────────┼──────────────────────────────────────────────────────────────┤
[2026-09-03T23:56:27.798Z] │                                                       │ CVE-2026-41842      │          │        │                   │ 7.0.8, 6.2.19                 │ spring-framework: Spring Framework: Denial of Service when   │
[2026-09-03T23:56:27.798Z] │                                                       │                     │          │        │                   │                               │ resolving static resources                                   │
[2026-09-03T23:56:27.798Z] │                                                       │                     │          │        │                   │                               │ https://avd.aquasec.com/nvd/cve-2026-41842                   │
[2026-09-03T23:56:27.798Z] │                                                       ├─────────────────────┤          │        │                   │                               ├──────────────────────────────────────────────────────────────┤
[2026-09-03T23:56:27.798Z] │                                                       │ CVE-2026-41845      │          │        │                   │                               │ org.springframework: Spring Framework: Cross-site scripting  │
[2026-09-03T23:56:27.798Z] │                                                       │                     │          │        │                   │                               │ (XSS) via incorrect JavaScript escaping                      │
[2026-09-03T23:56:27.798Z] │                                                       │                     │          │        │                   │                               │ https://avd.aquasec.com/nvd/cve-2026-41845                   │
[2026-09-03T23:56:27.798Z] │                                                       ├─────────────────────┼──────────┤        │                   ├───────────────────────────────┼──────────────────────────────────────────────────────────────┤
[2026-09-03T23:56:27.798Z] │                                                       │ CVE-2025-41242      │ MEDIUM   │        │                   │ 6.2.10                        │ org.springframework/spring-webmvc: Spring Framework MVC path │
[2026-09-03T23:56:27.798Z] │                                                       │                     │          │        │                   │                               │ traversal vulnerability                                      │
[2026-09-03T23:56:27.798Z] │                                                       │                     │          │        │                   │                               │ https://avd.aquasec.com/nvd/cve-2025-41242                   │
[2026-09-03T23:56:27.798Z] │                                                       ├─────────────────────┤          │        │                   ├───────────────────────────────┼──────────────────────────────────────────────────────────────┤
[2026-09-03T23:56:27.798Z] │                                                       │ CVE-2026-22737      │          │        │                   │ 7.0.6, 6.2.17                 │ Spring Framework: Spring Framework: Information disclosure   │
[2026-09-03T23:56:27.798Z] │                                                       │                     │          │        │                   │                               │ via Java scripting engine enabled template...                │
[2026-09-03T23:56:27.798Z] │                                                       │                     │          │        │                   │                               │ https://avd.aquasec.com/nvd/cve-2026-22737                   │
[2026-09-03T23:56:27.798Z] │                                                       ├─────────────────────┤          │        │                   ├───────────────────────────────┼──────────────────────────────────────────────────────────────┤
[2026-09-03T23:56:27.798Z] │                                                       │ CVE-2026-22745      │          │        │                   │ 7.0.7, 6.2.18                 │ spring-webflux: Spring MVC and Spring WebFlux: Denial of     │
[2026-09-03T23:56:27.798Z] │                                                       │                     │          │        │                   │                               │ Service via slow static...                                   │
[2026-09-03T23:56:27.798Z] │                                                       │                     │          │        │                   │                               │ https://avd.aquasec.com/nvd/cve-2026-22745                   │
[2026-09-03T23:56:27.798Z] │                                                       ├─────────────────────┤          │        │                   ├───────────────────────────────┼──────────────────────────────────────────────────────────────┤
[2026-09-03T23:56:27.798Z] │                                                       │ CVE-2026-41841      │          │        │                   │ 7.0.8, 6.2.19                 │ Spring MVC and WebFlux applications are vulnerable to        │
[2026-09-03T23:56:27.798Z] │                                                       │                     │          │        │                   │                               │ Information Disc ...                                         │
[2026-09-03T23:56:27.798Z] │                                                       │                     │          │        │                   │                               │ https://avd.aquasec.com/nvd/cve-2026-41841                   │
[2026-09-03T23:56:27.798Z] │                                                       ├─────────────────────┤          │        │                   │                               ├──────────────────────────────────────────────────────────────┤
[2026-09-03T23:56:27.798Z] │                                                       │ CVE-2026-41843      │          │        │                   │                               │ spring-webflux: spring-webmvc: Spring Framework: Information │
[2026-09-03T23:56:27.798Z] │                                                       │                     │          │        │                   │                               │ Disclosure via Path Traversal                                │
[2026-09-03T23:56:27.798Z] │                                                       │                     │          │        │                   │                               │ https://avd.aquasec.com/nvd/cve-2026-41843                   │
[2026-09-03T23:56:27.798Z] │                                                       ├─────────────────────┤          │        │                   │                               ├──────────────────────────────────────────────────────────────┤
[2026-09-03T23:56:27.798Z] │                                                       │ CVE-2026-41844      │          │        │                   │                               │ Spring Framework: Spring Framework: Open Redirect via        │
[2026-09-03T23:56:27.798Z] │                                                       │                     │          │        │                   │                               │ crafted link                                                 │
[2026-09-03T23:56:27.798Z] │                                                       │                     │          │        │                   │                               │ https://avd.aquasec.com/nvd/cve-2026-41844                   │
[2026-09-03T23:56:27.798Z] │                                                       ├─────────────────────┤          │        │                   │                               ├──────────────────────────────────────────────────────────────┤
[2026-09-03T23:56:27.798Z] │                                                       │ CVE-2026-41846      │          │        │                   │                               │ Spring Framework: Spring Framework: Cross-site scripting     │
[2026-09-03T23:56:27.798Z] │                                                       │                     │          │        │                   │                               │ (XSS) via user-supplied values in JSP...                     │
[2026-09-03T23:56:27.798Z] │                                                       │                     │          │        │                   │                               │ https://avd.aquasec.com/nvd/cve-2026-41846                   │
[2026-09-03T23:56:27.798Z] │                                                       ├─────────────────────┤          │        │                   │                               ├──────────────────────────────────────────────────────────────┤
[2026-09-03T23:56:27.798Z] │                                                       │ CVE-2026-41853      │          │        │                   │                               │ Spring Framework: Spring Framework: Request smuggling        │
[2026-09-03T23:56:27.798Z] │                                                       │                     │          │        │                   │                               │ vulnerability in Spring MVC and WebFlux...                   │
[2026-09-03T23:56:27.798Z] │                                                       │                     │          │        │                   │                               │ https://avd.aquasec.com/nvd/cve-2026-41853                   │
[2026-09-03T23:56:27.798Z] └───────────────────────────────────────────────────────┴─────────────────────┴──────────┴────────┴───────────────────┴───────────────────────────────┴──────────────────────────────────────────────────────────────┘
[2026-09-03T23:56:27.798Z] 
[2026-09-03T23:56:27.798Z] usr/bin/pebble (gobinary)
[2026-09-03T23:56:27.798Z] =========================
[2026-09-03T23:56:27.798Z] Total: 8 (MEDIUM: 0, HIGH: 8, CRITICAL: 0)
[2026-09-03T23:56:27.798Z] 
[2026-09-03T23:56:27.798Z] ┌─────────┬────────────────┬──────────┬────────┬───────────────────┬──────────────────────────────┬──────────────────────────────────────────────────────────────┐
[2026-09-03T23:56:27.798Z] │ Library │ Vulnerability  │ Severity │ Status │ Installed Version │        Fixed Version         │                            Title                             │
[2026-09-03T23:56:27.798Z] ├─────────┼────────────────┼──────────┼────────┼───────────────────┼──────────────────────────────┼──────────────────────────────────────────────────────────────┤
[2026-09-03T23:56:27.798Z] │ stdlib  │ CVE-2026-33818 │ HIGH     │ fixed  │ v1.26.5           │ 1.25.13, 1.26.6, 1.27.0-rc.3 │ encoding/asn1: golang: Go encoding/asn1: Denial of Service   │
[2026-09-03T23:56:27.798Z] │         │                │          │        │                   │                              │ via excessive recursion in Unmarshal...                      │
[2026-09-03T23:56:27.798Z] │         │                │          │        │                   │                              │ https://avd.aquasec.com/nvd/cve-2026-33818                   │
[2026-09-03T23:56:27.798Z] │         ├────────────────┤          │        │                   │                              ├──────────────────────────────────────────────────────────────┤
[2026-09-03T23:56:27.798Z] │         │ CVE-2026-39821 │          │        │                   │                              │ golang.org/x/net/idna: golang: net/http:                     │
[2026-09-03T23:56:27.798Z] │         │                │          │        │                   │                              │ golang.org/x/net/idna: Privilege escalation via incorrect    │
[2026-09-03T23:56:27.798Z] │         │                │          │        │                   │                              │ Punycode label processing                                    │
[2026-09-03T23:56:27.798Z] │         │                │          │        │                   │                              │ https://avd.aquasec.com/nvd/cve-2026-39821                   │
[2026-09-03T23:56:27.798Z] │         ├────────────────┤          │        │                   ├──────────────────────────────┼──────────────────────────────────────────────────────────────┤
[2026-09-03T23:56:27.798Z] │         │ CVE-2026-46600 │          │        │                   │ 1.26.6, 1.27.0-rc.3          │ golang.org/x/net/dns/dnsmessage:                             │
[2026-09-03T23:56:27.798Z] │         │                │          │        │                   │                              │ golang.org/x/net/dns/dnsmessage: Denial of Service via       │
[2026-09-03T23:56:27.798Z] │         │                │          │        │                   │                              │ invalid DNS record parsing                                   │
[2026-09-03T23:56:27.798Z] │         │                │          │        │                   │                              │ https://avd.aquasec.com/nvd/cve-2026-46600                   │
[2026-09-03T23:56:27.798Z] │         ├────────────────┤          │        │                   ├──────────────────────────────┼──────────────────────────────────────────────────────────────┤
[2026-09-03T23:56:27.798Z] │         │ CVE-2026-56853 │          │        │                   │ 1.25.13, 1.26.6, 1.27.0-rc.3 │ net/http: golang: Go net/http: Unencrypted HTTP/2            │
[2026-09-03T23:56:27.798Z] │         │                │          │        │                   │                              │ connections vulnerable to Denial of Service...               │
[2026-09-03T23:56:27.798Z] │         │                │          │        │                   │                              │ https://avd.aquasec.com/nvd/cve-2026-56853                   │
[2026-09-03T23:56:27.798Z] │         ├────────────────┤          │        │                   │                              ├──────────────────────────────────────────────────────────────┤
[2026-09-03T23:56:27.798Z] │         │ CVE-2026-56858 │          │        │                   │                              │ html/template: golang: Go html/template: Cross-Site          │
[2026-09-03T23:56:27.798Z] │         │                │          │        │                   │                              │ Scripting via pathological input                             │
[2026-09-03T23:56:27.798Z] │         │                │          │        │                   │                              │ https://avd.aquasec.com/nvd/cve-2026-56858                   │
[2026-09-03T23:56:27.798Z] │         ├────────────────┤          │        │                   │                              ├──────────────────────────────────────────────────────────────┤
[2026-09-03T23:56:27.798Z] │         │ CVE-2026-56859 │          │        │                   │                              │ encoding/xml: golang: Go: Denial of Service via XML decoding │
[2026-09-03T23:56:27.798Z] │         │                │          │        │                   │                              │ recursion depth issue...                                     │
[2026-09-03T23:56:27.798Z] │         │                │          │        │                   │                              │ https://avd.aquasec.com/nvd/cve-2026-56859                   │
[2026-09-03T23:56:27.798Z] │         ├────────────────┤          │        │                   │                              ├──────────────────────────────────────────────────────────────┤
[2026-09-03T23:56:27.798Z] │         │ CVE-2026-56860 │          │        │                   │                              │ net/url: golang: golang net/url: Denial of Service from      │
[2026-09-03T23:56:27.798Z] │         │                │          │        │                   │                              │ quadratic complexity in path...                              │
[2026-09-03T23:56:27.798Z] │         │                │          │        │                   │                              │ https://avd.aquasec.com/nvd/cve-2026-56860                   │
[2026-09-03T23:56:27.798Z] │         ├────────────────┤          │        │                   │                              ├──────────────────────────────────────────────────────────────┤
[2026-09-03T23:56:27.798Z] │         │ CVE-2026-56862 │          │        │                   │                              │ crypto/tls: golang: Golang crypto/tls: Denial of Service via │
[2026-09-03T23:56:27.798Z] │         │                │          │        │                   │                              │ indefinite KeyUpdate messages                                │
[2026-09-03T23:56:27.798Z] │         │                │          │        │                   │                              │ https://avd.aquasec.com/nvd/cve-2026-56862                   │
[2026-09-03T23:56:27.798Z] └─────────┴────────────────┴──────────┴────────┴───────────────────┴──────────────────────────────┴──────────────────────────────────────────────────────────────┘
[Pipeline] sh
[2026-09-03T23:56:28.091Z] + echo --- Trivy gate: CRITICAL findings fail this build ---
[2026-09-03T23:56:28.091Z] --- Trivy gate: CRITICAL findings fail this build ---
[2026-09-03T23:56:28.091Z] + trivy image --scanners vuln --severity CRITICAL --ignore-unfixed --exit-code 1 --no-progress --skip-version-check kente-retail/order-service:1-89ba7bc
[2026-09-03T23:56:28.091Z] 2026-09-03T23:56:28Z	INFO	[vuln] Vulnerability scanning is enabled
[2026-09-03T23:56:40.189Z] 2026-09-03T23:56:39Z	INFO	Detected OS	family="ubuntu" version="26.04"
[2026-09-03T23:56:40.189Z] 2026-09-03T23:56:39Z	INFO	[ubuntu] Detecting vulnerabilities...	os_version="26.04" pkg_num=140
[2026-09-03T23:56:40.189Z] 2026-09-03T23:56:39Z	INFO	Number of language-specific files	num=2
[2026-09-03T23:56:40.189Z] 2026-09-03T23:56:39Z	INFO	[gobinary] Detecting vulnerabilities...
[2026-09-03T23:56:40.189Z] 2026-09-03T23:56:39Z	INFO	[jar] Detecting vulnerabilities...
[2026-09-03T23:56:40.189Z] 2026-09-03T23:56:39Z	WARN	Using severities from other vendors for some vulnerabilities. Read https://trivy.dev/docs/v0.74/guide/scanner/vulnerability#severity-selection for details.
[2026-09-03T23:56:40.189Z] 
[2026-09-03T23:56:40.189Z] Report Summary
[2026-09-03T23:56:40.189Z] 
[2026-09-03T23:56:40.189Z] ┌─────────────────────────────────────────────────────┬──────────┬─────────────────┐
[2026-09-03T23:56:40.189Z] │                       Target                        │   Type   │ Vulnerabilities │
[2026-09-03T23:56:40.189Z] ├─────────────────────────────────────────────────────┼──────────┼─────────────────┤
[2026-09-03T23:56:40.189Z] │ kente-retail/order-service:1-89ba7bc (ubuntu 26.04) │  ubuntu  │        0        │
[2026-09-03T23:56:40.189Z] ├─────────────────────────────────────────────────────┼──────────┼─────────────────┤
[2026-09-03T23:56:40.189Z] │ app/app.jar                                         │   jar    │        0        │
[2026-09-03T23:56:40.189Z] ├─────────────────────────────────────────────────────┼──────────┼─────────────────┤
[2026-09-03T23:56:40.190Z] │ usr/bin/pebble                                      │ gobinary │        0        │
[2026-09-03T23:56:40.190Z] └─────────────────────────────────────────────────────┴──────────┴─────────────────┘
[2026-09-03T23:56:40.190Z] Legend:
[2026-09-03T23:56:40.190Z] - '-': Not scanned
[2026-09-03T23:56:40.190Z] - '0': Clean (no security findings detected)
[2026-09-03T23:56:40.190Z] 
[Pipeline] }
[2026-09-03T23:56:40.204Z] Lock released on resource [Resource: trivy-cache]
[Pipeline] // lock
[Pipeline] sh
[2026-09-03T23:56:40.490Z] + ./scripts/check-no-hardcoded-secrets.sh
[2026-09-03T23:56:40.490Z] hardcoded-secret check passed: no credential literals in Jenkinsfile deploy infra scripts
Post stage
[Pipeline] archiveArtifacts
[2026-09-03T23:56:40.520Z] Archiving artifacts
[Pipeline] }
[Pipeline] // stage
[Pipeline] stage
[Pipeline] { (Approve Release)
[Pipeline] timeout
[2026-09-03T23:56:40.621Z] Timeout set to expire in 30 min
[Pipeline] {
[Pipeline] script
[Pipeline] {
[Pipeline] input
[2026-09-03T23:56:40.805Z] Deploy kente-retail/order-service:1-89ba7bc to 172.31.3.164? The idle colour will be smoke-tested before any traffic moves.
[2026-09-03T23:56:40.805Z] Deploy or Abort
[2026-09-04T00:14:25.280Z] Approved by admin
[Pipeline] echo
[2026-09-04T00:14:25.340Z] Release approved by: admin
[Pipeline] }
[Pipeline] // script
[Pipeline] }
[Pipeline] // timeout
[Pipeline] }
[Pipeline] // stage
[Pipeline] stage
[Pipeline] { (Deploy (idle colour))
[Pipeline] sshagent
[2026-09-04T00:14:25.535Z] [ssh-agent] Using credentials deploy (SSH key for deploy@deploy-target. Replaces the hardcoded password in the seeded Jenkinsfile.)
[2026-09-04T00:14:25.540Z] $ ssh-agent
[2026-09-04T00:14:25.577Z] SSH_AUTH_SOCK=/tmp/ssh-VXHPGFlanEWF/agent.3721
[2026-09-04T00:14:25.577Z] SSH_AGENT_PID=3725
[2026-09-04T00:14:25.580Z] Running ssh-add (command line suppressed)
[2026-09-04T00:14:25.601Z] [ssh-agent] Started.
[Pipeline] {
[Pipeline] script
[Pipeline] {
[Pipeline] sh
[2026-09-04T00:14:25.934Z] + ssh -o StrictHostKeyChecking=accept-new -o UserKnownHostsFile=/dev/null -o LogLevel=ERROR -o ConnectTimeout=10 deploy@172.31.3.164 sudo /usr/local/bin/bluegreen.sh current
[Pipeline] sh
[2026-09-04T00:14:26.762Z] + ssh -o StrictHostKeyChecking=accept-new -o UserKnownHostsFile=/dev/null -o LogLevel=ERROR -o ConnectTimeout=10 deploy@172.31.3.164 sudo /usr/local/bin/bluegreen.sh idle
[Pipeline] sh
[2026-09-04T00:14:27.288Z] + ssh -o StrictHostKeyChecking=accept-new -o UserKnownHostsFile=/dev/null -o LogLevel=ERROR -o ConnectTimeout=10 deploy@172.31.3.164 sudo /usr/local/bin/bluegreen.sh port green
[Pipeline] echo
[2026-09-04T00:14:27.589Z] live=blue  deploying to idle=green on port 8082
[Pipeline] }
[Pipeline] // script
[Pipeline] sh
[2026-09-04T00:14:27.907Z] + set -eu
[2026-09-04T00:14:27.907Z] + echo shipping kente-retail/order-service:1-89ba7bc to 172.31.3.164
[2026-09-04T00:14:27.907Z] shipping kente-retail/order-service:1-89ba7bc to 172.31.3.164
[2026-09-04T00:14:27.907Z] + docker save kente-retail/order-service:1-89ba7bc
[2026-09-04T00:14:27.907Z] + gzip -1
[2026-09-04T00:14:27.907Z] + ssh -o StrictHostKeyChecking=accept-new -o UserKnownHostsFile=/dev/null -o LogLevel=ERROR -o ConnectTimeout=10 deploy@172.31.3.164 gunzip | docker load
[2026-09-04T00:14:45.869Z] Loaded image: kente-retail/order-service:1-89ba7bc
[2026-09-04T00:14:45.869Z] + ssh -o StrictHostKeyChecking=accept-new -o UserKnownHostsFile=/dev/null -o LogLevel=ERROR -o ConnectTimeout=10 deploy@172.31.3.164 sudo /usr/local/bin/bluegreen.sh deploy green kente-retail/order-service:1-89ba7bc
[2026-09-04T00:14:45.869Z] bluegreen: replacing container order-service-green with kente-retail/order-service:1-89ba7bc on port 8082
[2026-09-04T00:14:48.355Z] bluegreen: healthy: http://127.0.0.1:8082/health (after 3 attempt(s))
[2026-09-04T00:14:48.355Z] bluegreen: deployed kente-retail/order-service:1-89ba7bc to green, not yet receiving traffic
[2026-09-04T00:14:48.355Z] + ssh -o StrictHostKeyChecking=accept-new -o UserKnownHostsFile=/dev/null -o LogLevel=ERROR -o ConnectTimeout=10 deploy@172.31.3.164 /usr/local/bin/smoke.sh http://127.0.0.1:8082
[2026-09-04T00:14:48.355Z] smoke: http://127.0.0.1:8082
[2026-09-04T00:14:48.355Z]   PASS  GET /health returns OK
[2026-09-04T00:14:48.355Z]   PASS  GET /api/orders lists ORD-1001 and ORD-1002
[2026-09-04T00:14:48.355Z]   PASS  POST /api/orders returns a non-fixture ID
[2026-09-04T00:14:48.355Z] smoke: all checks passed against http://127.0.0.1:8082
[Pipeline] }
[2026-09-04T00:14:48.370Z] $ ssh-agent -k
[2026-09-04T00:14:48.376Z] unset SSH_AUTH_SOCK;
[2026-09-04T00:14:48.376Z] unset SSH_AGENT_PID;
[2026-09-04T00:14:48.376Z] echo Agent pid 3725 killed;
[2026-09-04T00:14:48.377Z] [ssh-agent] Stopped.
[Pipeline] // sshagent
[Pipeline] }
[Pipeline] // stage
[Pipeline] stage
[Pipeline] { (Switch Traffic)
[Pipeline] script
[Pipeline] {
[Pipeline] }
[Pipeline] // script
[Pipeline] sshagent
[2026-09-04T00:14:48.605Z] [ssh-agent] Using credentials deploy (SSH key for deploy@deploy-target. Replaces the hardcoded password in the seeded Jenkinsfile.)
[2026-09-04T00:14:48.605Z] $ ssh-agent
[2026-09-04T00:14:48.612Z] SSH_AUTH_SOCK=/tmp/ssh-WDIs0cwmBvD2/agent.3822
[2026-09-04T00:14:48.612Z] SSH_AGENT_PID=3826
[2026-09-04T00:14:48.612Z] Running ssh-add (command line suppressed)
[2026-09-04T00:14:48.623Z] [ssh-agent] Started.
[Pipeline] {
[Pipeline] sh
[2026-09-04T00:14:48.911Z] + set -eu
[2026-09-04T00:14:48.911Z] + ssh -o StrictHostKeyChecking=accept-new -o UserKnownHostsFile=/dev/null -o LogLevel=ERROR -o ConnectTimeout=10 deploy@172.31.3.164 sudo /usr/local/bin/bluegreen.sh switch green
[2026-09-04T00:14:49.161Z] bluegreen: healthy: http://127.0.0.1:8082/health (after 1 attempt(s))
[2026-09-04T00:14:51.644Z] bluegreen: healthy: http://127.0.0.1/health (after 2 attempt(s))
[2026-09-04T00:14:51.644Z] bluegreen: traffic switched: blue -> green (previous colour left running for rollback)
[Pipeline] }
[2026-09-04T00:14:51.659Z] $ ssh-agent -k
[2026-09-04T00:14:51.665Z] unset SSH_AUTH_SOCK;
[2026-09-04T00:14:51.665Z] unset SSH_AGENT_PID;
[2026-09-04T00:14:51.665Z] echo Agent pid 3826 killed;
[2026-09-04T00:14:51.665Z] [ssh-agent] Stopped.
[Pipeline] // sshagent
[Pipeline] sh
[2026-09-04T00:14:51.969Z] + ./deploy/smoke.sh http://172.31.3.164
[2026-09-04T00:14:51.969Z] smoke: http://172.31.3.164
[2026-09-04T00:14:51.969Z]   PASS  GET /health returns OK
[2026-09-04T00:14:51.969Z]   PASS  GET /api/orders lists ORD-1001 and ORD-1002
[2026-09-04T00:14:51.969Z]   PASS  POST /api/orders returns a non-fixture ID
[2026-09-04T00:14:51.969Z] smoke: all checks passed against http://172.31.3.164
[Pipeline] }
[Pipeline] // stage
[Pipeline] stage
[Pipeline] { (Verify)
[Pipeline] sshagent
[2026-09-04T00:14:52.073Z] [ssh-agent] Using credentials deploy (SSH key for deploy@deploy-target. Replaces the hardcoded password in the seeded Jenkinsfile.)
[2026-09-04T00:14:52.073Z] $ ssh-agent
[2026-09-04T00:14:52.080Z] SSH_AUTH_SOCK=/tmp/ssh-ENIYmmhl7mzJ/agent.3862
[2026-09-04T00:14:52.080Z] SSH_AGENT_PID=3866
[2026-09-04T00:14:52.080Z] Running ssh-add (command line suppressed)
[2026-09-04T00:14:52.091Z] [ssh-agent] Started.
[Pipeline] {
[Pipeline] sh
[2026-09-04T00:14:52.393Z] + ssh -o StrictHostKeyChecking=accept-new -o UserKnownHostsFile=/dev/null -o LogLevel=ERROR -o ConnectTimeout=10 deploy@172.31.3.164 sudo /usr/local/bin/bluegreen.sh status
[2026-09-04T00:14:52.644Z] live colour   : green  (port 8082)
[2026-09-04T00:14:52.644Z] idle colour   : blue  (port 8081)
[2026-09-04T00:14:52.644Z] upstream conf : /etc/nginx/conf.d/upstream-order-service.conf
[2026-09-04T00:14:52.644Z] 
[2026-09-04T00:14:52.644Z] containers:
[2026-09-04T00:14:52.644Z] order-service-green	kente-retail/order-service:1-89ba7bc	Up 8 seconds	127.0.0.1:8082->8080/tcp
[2026-09-04T00:14:52.644Z] 
[2026-09-04T00:14:52.644Z]   blue  direct  http://127.0.0.1:8081/health -> down
[2026-09-04T00:14:52.644Z]   green direct  http://127.0.0.1:8082/health -> 200
[2026-09-04T00:14:52.644Z]   nginx        http://127.0.0.1/health -> 200
[Pipeline] }
[2026-09-04T00:14:52.656Z] $ ssh-agent -k
[2026-09-04T00:14:52.662Z] unset SSH_AUTH_SOCK;
[2026-09-04T00:14:52.662Z] unset SSH_AGENT_PID;
[2026-09-04T00:14:52.662Z] echo Agent pid 3866 killed;
[2026-09-04T00:14:52.663Z] [ssh-agent] Stopped.
[Pipeline] // sshagent
[Pipeline] echo
[2026-09-04T00:14:52.718Z] green is live with kente-retail/order-service:1-89ba7bc. blue is still running and one reload away if this goes wrong.
[Pipeline] }
[Pipeline] // stage
[Pipeline] stage
[Pipeline] { (Declarative: Post Actions)
[Pipeline] cleanWs
[2026-09-04T00:14:52.819Z] [WS-CLEANUP] Deleting project workspace...
[2026-09-04T00:14:52.819Z] [WS-CLEANUP] Deferred wipeout is used...
[2026-09-04T00:14:52.824Z] [WS-CLEANUP] done
[Pipeline] }
[Pipeline] // stage
[Pipeline] }
[Pipeline] // timeout
[Pipeline] }
[Pipeline] // timestamps
[Pipeline] }
[Pipeline] // withEnv
[Pipeline] }
[Pipeline] // withEnv
[Pipeline] }
[Pipeline] // node
[Pipeline] End of Pipeline
Finished: SUCCESS
